No;Type de the;Sorte;Poids Contenu (g);Poids Total (g);Poids sac (g);Poids contenu apres incubation au champs (g);Producteur;Champs;Experimentation;Dose;Repetition;SousEchantillon;Prelevement;Commentaires;Verifications;Explications;
1;G;Lipton Pure green tea;1,793;2,019;0,226;0,783;Belanger;A9;N;0;1;;;;0;;
2;G;Lipton Pure green tea;1,786;2,011;0,225;0,797;Belanger;A9;N;0;1;;;;0;No;Num‚ro ‚crit sur le sachet de th‚
3;G;Lipton Pure green tea;1,782;2,008;0,228;;Belanger;A9;N;0;1;;;;-0,002;Type de th‚;Lettre accord‚e … une sorte
4;G;Lipton Pure green tea;1,76;1,987;0,227;0,778;Belanger;A9;N;0;2;;;;0;Sorte;Th‚ vert, rooibos, r‚sidus de canneberges, contr“les et … la fin les tests de sortes commerciales comme th‚ ar“mes d'orange, de menthe et Matcha
5;G;Lipton Pure green tea;1,788;2,013;0,226;0,779;Belanger;A9;N;0;2;;;;-0,001;Poids du contenu;Contenu-Poids lorsque le sac de nylon a ‚t‚ tar‚
6;G;Lipton Pure green tea;1,779;2,004;0,227;;Belanger;A9;N;0;2;;;;-0,002;Poids total;Sac+contenu
7;G;Lipton Pure green tea;1,799;2,025;0,227;0,793;Belanger;A9;N;15;1;;;;-0,001;Pois sac;Sac
8;G;Lipton Pure green tea;1,761;1,985;0,228;0,783;Belanger;A9;N;15;1;;;;-0,004;Producteur;Nom du propri‚taire des terres
9;G;Lipton Pure green tea;1,782;2,008;0,226;0,717;Belanger;A9;N;15;1;;;;0;Champs;No des champs sur les terrains des producteurs
10;G;Lipton Pure green tea;1,758;1,985;0,226;0,812;Belanger;A9;N;15;2;;;;0,001;Exp‚rimentation;N: azote, P7: pr‚lŠvements 7 fois au 14 jours, P: phoshore, SCU-N: autre engrais azot‚, Site1: site avec la dose du producteur
11;G;Lipton Pure green tea;1,793;2,018;0,227;0,77;Belanger;A9;N;15;2;;;;-0,002;Dose;Dose d'azote
12;G;Lipton Pure green tea;1,797;2,023;0,227;0,714;Belanger;A9;N;15;2;;;;-0,001;Repetition;La s‚rie 
13;G;Lipton Pure green tea;1,799;2,024;0,226;;Belanger;A9;N;30;1;;;;-0,001;SousEchantillon;Zone o— a ‚t‚ enterrer la poche de th‚
14;G;Lipton Pure green tea;1,798;2,027;0,229;0,768;Belanger;A9;N;30;1;;;;0;Prelevement;Nombre de jours avant pr‚lŠvenement de cette poche de th‚
15;G;Lipton Pure green tea;1,795;2,023;0,228;;Belanger;A9;N;30;1;;;;0;;
16;G;Lipton Pure green tea;1,769;1,996;0,228;0,743;Belanger;A9;N;30;2;;;;-0,001;Fortier;15-juin-17
17;G;Lipton Pure green tea;1,766;1,994;0,227;0,804;Belanger;A9;N;30;2;;;;0,001;Belanger;14-juin-17
18;G;Lipton Pure green tea;1,792;2,019;0,227;0,833;Belanger;A9;N;30;2;;;;0;;
19;G;Lipton Pure green tea;1,766;1,992;0,226;0,7;Belanger;A9;N;45;1;;;;0;"La v‚rification a ‚t‚ faite en fonction du cahier de note; les ‚carts restant ne sont pas explicables concrŠtement (perte de feuilles, mauvaises ‚critures de chiffres,?)";
20;G;Lipton Pure green tea;1,781;2,007;0,226;0,809;Belanger;A9;N;45;1;;;;0;;
21;G;Lipton Pure green tea;1,765;1,994;0,228;0,723;Belanger;A9;N;45;1;;;;0,001;;
22;G;Lipton Pure green tea;1,774;2,002;0,229;;Belanger;A9;N;45;2;;;;-0,001;;
23;G;Lipton Pure green tea;1,779;2,007;0,228;0,751;Belanger;A9;N;45;2;;;;0;;
24;G;Lipton Pure green tea;1,771;1,998;0,226;1,291;Belanger;A9;N;45;2;;;;0,001;;
25;G;Lipton Pure green tea;1,797;2,023;0,226;0,859;Belanger;A9;N;60;1;;;;0;;
26;G;Lipton Pure green tea;1,793;2,02;0,227;0,789;Belanger;A9;N;60;1;;;;0;;
27;G;Lipton Pure green tea;1,771;2;0,229;;Belanger;A9;N;60;1;;;;0;;
28;G;Lipton Pure green tea;1,792;2,019;0,227;0,828;Belanger;A9;N;60;2;;;;0;;
29;G;Lipton Pure green tea;1,766;1,994;0,228;0,774;Belanger;A9;N;60;2;;;;0;;
30;G;Lipton Pure green tea;1,787;2,015;0,227;0,826;Belanger;A9;N;60;2;;;;0,001;;
31;G;Lipton Pure green tea;1,778;2,002;0,226;0,744;Belanger;A9;N-611;60;2;;;;-0,002;;
32;G;Lipton Pure green tea;1,751;1,979;0,228;;Belanger;A9;N-611;60;2;;;;0;;
33;G;Lipton Pure green tea;1,789;2,016;0,227;0,803;Belanger;A9;N-611;45;2;;;;0;;
34;G;Lipton Pure green tea;1,76;1,988;0,228;1,316;Belanger;A9;N-611;45;2;;;;0;;
35;G;Lipton Pure green tea;1,786;2,015;0,228;0,799;Belanger;A9;N-611;30;2;;;;0,001;;
36;G;Lipton Pure green tea;1,792;2,019;0,227;0,813;Belanger;A9;N-611;30;2;;;;0;;
1;S;TeaLyra organic Rooibos;1,905;2,134;0,229;1,534;Belanger;A9;N;0;1;;;;0;;
2;S;TeaLyra organic Rooibos;1,892;2,118;0,226;1,497;Belanger;A9;N;0;1;;;;0;;
3;S;TeaLyra organic Rooibos;1,895;2,122;0,228;1,342;Belanger;A9;N;0;1;;;;-0,001;;
4;S;TeaLyra organic Rooibos;1,907;2,138;0,231;1,308;Belanger;A9;N;0;2;;;;0;;
5;S;TeaLyra organic Rooibos;1,91;2,137;0,227;1,532;Belanger;A9;N;0;2;;;;0;;
6;S;TeaLyra organic Rooibos;1,908;2,136;0,229;1,495;Belanger;A9;N;0;2;;;;-0,001;;
7;S;TeaLyra organic Rooibos;1,912;2,14;0,229;1,501;Belanger;A9;N;15;1;;;;-0,001;;
8;S;TeaLyra organic Rooibos;1,908;2,134;0,226;1,394;Belanger;A9;N;15;1;;;;0;;
9;S;TeaLyra organic Rooibos;1,913;2,141;0,228;1,464;Belanger;A9;N;15;1;;;;0;;
10;S;TeaLyra organic Rooibos;1,918;2,145;0,227;1,486;Belanger;A9;N;15;2;;;;0;;
11;S;TeaLyra organic Rooibos;1,901;2,13;0,228;1,351;Belanger;A9;N;15;2;;;;0,001;;
12;S;TeaLyra organic Rooibos;1,899;2,129;0,23;1,362;Belanger;A9;N;15;2;;;;0;;
13;S;TeaLyra organic Rooibos;1,896;2,126;0,23;1,507;Belanger;A9;N;30;1;;;;0;;
14;S;TeaLyra organic Rooibos;1,91;2,137;0,227;1,459;Belanger;A9;N;30;1;;;;0;;
15;S;TeaLyra organic Rooibos;1,918;2,146;0,228;1,465;Belanger;A9;N;30;1;;;;0;;
16;S;TeaLyra organic Rooibos;1,901;2,13;0,23;1,39;Belanger;A9;N;30;2;;;;-0,001;;
17;S;TeaLyra organic Rooibos;1,899;2,127;0,228;1,444;Belanger;A9;N;30;2;;;;0;;
18;S;TeaLyra organic Rooibos;1,904;2,132;0,227;1,398;Belanger;A9;N;30;2;;;;0,001;;
19;S;TeaLyra organic Rooibos;1,91;2,138;0,228;1,318;Belanger;A9;N;45;1;;;;0;;
20;S;TeaLyra organic Rooibos;1,897;2,128;0,231;;Belanger;A9;N;45;1;;;;0;;
21;S;TeaLyra organic Rooibos;1,917;2,143;0,226;1,442;Belanger;A9;N;45;1;;;;0;;
22;S;TeaLyra organic Rooibos;1,918;2,145;0,228;1,394;Belanger;A9;N;45;2;;;;-0,001;;
23;S;TeaLyra organic Rooibos;1,893;2,122;0,229;1,473;Belanger;A9;N;45;2;;;;0;;
24;S;TeaLyra organic Rooibos;1,914;2,141;0,227;;Belanger;A9;N;45;2;;;;0;;
25;S;TeaLyra organic Rooibos;1,895;2,122;0,226;1,394;Belanger;A9;N;60;1;;;;0,001;;
26;S;TeaLyra organic Rooibos;1,919;2,143;0,226;1,464;Belanger;A9;N;60;1;;;;-0,002;;
27;S;TeaLyra organic Rooibos;1,896;2,123;0,226;1,448;Belanger;A9;N;60;1;;;;0,001;;
28;S;TeaLyra organic Rooibos;1,918;2,145;0,227;1,463;Belanger;A9;N;60;2;;;;0;;
29;S;TeaLyra organic Rooibos;1,914;2,141;0,227;1,41;Belanger;A9;N;60;2;;;;0;;
30;S;TeaLyra organic Rooibos;1,916;2,142;0,227;;Belanger;A9;N;60;2;;;;-0,001;;
31;S;TeaLyra organic Rooibos;1,918;2,145;0,226;1,453;Belanger;A9;N-611;60;2;;;;0,001;;
32;S;TeaLyra organic Rooibos;1,891;2,118;0,227;1,286;Belanger;A9;N-611;60;2;;;;0;;
33;S;TeaLyra organic Rooibos;1,9;2,125;0,226;1,322;Belanger;A9;N-611;45;2;;;;-0,001;;
34;S;TeaLyra organic Rooibos;1,904;2,132;0,227;1,439;Belanger;A9;N-611;45;2;;;;0,001;;
35;S;TeaLyra organic Rooibos;1,894;2,122;0,228;1,502;Belanger;A9;N-611;30;2;;;;0;;
36;S;TeaLyra organic Rooibos;1,92;2,146;0,226;1,489;Belanger;A9;N-611;30;2;;;;0;;
88;S;TeaLyra organic Rooibos;1,897;2,123;0,227;1,46;Belanger;10;Site06;;1;a;;;-0,001;;
124;G;Lipton Pure green tea;1,787;2,015;0,228;0,905;Belanger;10;Site06;;1;a;;;0;;
125;G;Lipton Pure green tea;1,779;2,008;0,228;0,883;Belanger;10;Site06;;1;b;;;0,001;;
126;G;Lipton Pure green tea;1,798;2,025;0,228;0,726;Belanger;10;Site06;;1;c;;;-0,001;;
127;G;Lipton Pure green tea;1,788;2,015;0,226;0,818;Belanger;10;Site06;;2;d;;;0,001;;
128;G;Lipton Pure green tea;1,795;2,023;0,229;0,776;Belanger;10;Site06;;2;e;;;-0,001;;
129;G;Lipton Pure green tea;1,76;1,986;0,226;0,891;Belanger;10;Site06;;2;f;;;0;;
130;G;Lipton Pure green tea;1,765;1,992;0,227;0,878;Belanger;10;Site07;;1;a;;;0;;
131;G;Lipton Pure green tea;1,796;2,022;0,227;0,92;Belanger;10;Site07;;1;b;;;-0,001;;
132;G;Lipton Pure green tea;1,767;1,995;0,228;0,823;Belanger;10;Site07;;1;c;;;0;;
133;G;Lipton Pure green tea;1,767;1,997;0,229;;Belanger;10;Site07;;2;d;;;0,001;;
134;G;Lipton Pure green tea;1,784;2,012;0,228;;Belanger;10;Site07;;2;e;;;0;;
135;G;Lipton Pure green tea;1,786;2,014;0,227;0,886;Belanger;10;Site07;;2;f;;;0,001;;
136;G;Lipton Pure green tea;1,777;2,003;0,225;;Belanger;A9;Site08;;1;a;;;0,001;;
137;G;Lipton Pure green tea;1,767;1,994;0,227;0,806;Belanger;A9;Site08;;1;b;;;0;;
138;G;Lipton Pure green tea;1,797;2,024;0,228;0,763;Belanger;A9;Site08;;1;c;;;-0,001;;
139;G;Lipton Pure green tea;1,777;2,004;0,227;0,779;Belanger;A9;Site08;;2;d;;;0;;
140;G;Lipton Pure green tea;1,775;2,003;0,228;;Belanger;A9;Site08;;2;e;;;0;;
141;G;Lipton Pure green tea;1,761;1,989;0,228;;Belanger;A9;Site08;;2;f;;;0;;
142;G;Lipton Pure green tea;1,751;1,979;0,228;;Belanger;A9;Site09;0;1;a;;Sans Engrais;0;;
143;G;Lipton Pure green tea;1,796;2,024;0,228;;Belanger;A9;Site09;;1;b;;;0;;
144;G;Lipton Pure green tea;1,789;2,014;0,227;0,793;Belanger;A9;Site09;;1;c;;;-0,002;;
145;G;Lipton Pure green tea;1,775;2,002;0,227;0,792;Belanger;A9;Site09;;2;d;;;0;;
146;G;Lipton Pure green tea;1,756;1,984;0,228;;Belanger;A9;Site09;;2;e;;;0;;
147;G;Lipton Pure green tea;1,795;2,022;0,228;0,61;Belanger;A9;Site09;;2;f;;;-0,001;;
148;G;Lipton Pure green tea;1,793;2,02;0,227;0,72;Belanger;A9;Site10;;1;a;;;0;;
149;G;Lipton Pure green tea;1,789;2,014;0,227;0,744;Belanger;A9;Site10;;1;b;;;-0,002;;
150;G;Lipton Pure green tea;1,76;1,988;0,228;0,824;Belanger;A9;Site10;;1;c;;;0;;
151;G;Lipton Pure green tea;1,767;1,993;0,226;0,753;Belanger;A9;Site10;;2;d;;;0;;
152;G;Lipton Pure green tea;1,788;2,016;0,228;;Belanger;A9;Site10;;2;e;;;0;;
153;G;Lipton Pure green tea;1,785;2,009;0,224;0,808;Belanger;A9;Site10;;2;f;;;0;;
154;G;Lipton Pure green tea;1,785;2,013;0,227;0,735;Belanger;10;N;0;1;;;;0,001;;
155;G;Lipton Pure green tea;1,794;2,022;0,227;0,741;Belanger;10;N;0;1;;;;0,001;;
156;G;Lipton Pure green tea;1,777;2,004;0,226;0,74;Belanger;10;N;0;1;;;;0,001;;
157;G;Lipton Pure green tea;1,756;1,984;0,227;0,729;Belanger;10;N;0;2;;;;0,001;;
158;G;Lipton Pure green tea;1,76;1,983;0,224;0,805;Belanger;10;N;0;2;;;;-0,001;;
159;G;Lipton Pure green tea;1,799;2,024;0,225;0,743;Belanger;10;N;0;2;;;;0;;
160;G;Lipton Pure green tea;1,756;1,983;0,228;;Belanger;10;N;15;1;;;;-0,001;;
161;G;Lipton Pure green tea;1,76;1,988;0,228;0,674;Belanger;10;N;15;1;;;;0;;
162;G;Lipton Pure green tea;1,771;1,998;0,226;0,739;Belanger;10;N;15;1;;;;0,001;;
163;G;Lipton Pure green tea;1,781;2,011;0,23;0,775;Belanger;10;N;15;2;;;;0;;
164;G;Lipton Pure green tea;1,793;2,021;0,227;0,764;Belanger;10;N;15;2;;;;0,001;;
165;G;Lipton Pure green tea;1,784;2,01;0,226;0,836;Belanger;10;N;15;2;;;;0;;
166;G;Lipton Pure green tea;1,786;2,013;0,227;0,658;Belanger;10;N;30;1;;;;0;;
167;G;Lipton Pure green tea;1,776;2,003;0,227;0,751;Belanger;10;N;30;1;;;;0;;
168;G;Lipton Pure green tea;1,788;2,013;0,227;0,732;Belanger;10;N;30;1;;;;-0,002;;
169;G;Lipton Pure green tea;1,781;2,008;0,227;;Belanger;10;N;30;1;;;;0;;
170;G;Lipton Pure green tea;1,78;2,007;0,227;0,616;Belanger;10;N;30;2;;;;0;;
171;G;Lipton Pure green tea;1,761;1,99;0,229;0,778;Belanger;10;N;30;2;;;;0;;
172;G;Lipton Pure green tea;1,76;1,983;0,226;0,645;Belanger;10;N;30;2;;;;-0,003;;
173;G;Lipton Pure green tea;1,77;1,998;0,228;0,801;Belanger;10;N;45;1;;;;0;;
174;G;Lipton Pure green tea;1,769;1,995;0,227;0,765;Belanger;10;N;45;1;;;;-0,001;;
175;G;Lipton Pure green tea;1,765;1,993;0,228;0,723;Belanger;10;N;45;1;;;;0;;
176;G;Lipton Pure green tea;1,778;2,004;0,226;0,709;Belanger;10;N;45;2;;;;0;;
177;G;Lipton Pure green tea;1,781;2,008;0,228;0,803;Belanger;10;N;45;2;;;;-0,001;;
178;G;Lipton Pure green tea;1,793;2,022;0,228;0,714;Belanger;10;N;45;2;;;;0,001;;
179;G;Lipton Pure green tea;1,786;2,012;0,226;0,744;Belanger;10;N;60;1;;;;0;;
180;G;Lipton Pure green tea;1,799;2,023;0,224;0,851;Belanger;10;N;60;1;;;;0;;
181;G;Lipton Pure green tea;1,766;1,995;0,229;0,702;Belanger;10;N;60;1;;;;0;;
182;G;Lipton Pure green tea;1,754;1,981;0,228;0,769;Belanger;10;N;60;2;;;;-0,001;;
183;G;Lipton Pure green tea;1,77;1,997;0,227;0,74;Belanger;10;N;60;2;;;;0;;
184;G;Lipton Pure green tea;1,796;2,019;0,227;;Belanger;10;N;60;2;;;;-0,004;;
185;G;Lipton Pure green tea;1,787;2,012;0,227;0,714;Belanger;10;N-611;45;2;a;;;-0,002;;
186;G;Lipton Pure green tea;1,777;2,002;0,225;0,692;Belanger;10;N-611;45;2;b;;;0;;
187;G;Lipton Pure green tea;1,791;2,018;0,227;0,732;Belanger;10;N-611;60;2;a;;;0;;
188;G;Lipton Pure green tea;1,773;2,001;0,229;0,784;Belanger;10;N-611;60;2;b;;;-0,001;;
189;G;Lipton Pure green tea;1,792;2,022;0,229;0,734;Belanger;10;N-611;30;2;a;;;0,001;;
190;G;Lipton Pure green tea;1,783;2,011;0,227;0,825;Belanger;10;N-611;30;2;b;;;0,001;;
89;S;TeaLyra organic Rooibos;1,905;2,131;0,227;1,43;Belanger;10;Site06;;1;b;;;-0,001;;
90;S;TeaLyra organic Rooibos;1,919;2,144;0,226;1,381;Belanger;10;Site06;;1;c;;;-0,001;;
91;S;TeaLyra organic Rooibos;1,917;2,145;0,226;1,544;Belanger;10;Site06;;2;d;;;0,002;;
92;S;TeaLyra organic Rooibos;1,897;2,123;0,227;;Belanger;10;Site06;;2;e;;;-0,001;;
93;S;TeaLyra organic Rooibos;1,89;2,115;0,226;1,494;Belanger;10;Site06;;2;f;;;-0,001;;
94;S;TeaLyra organic Rooibos;1,913;2,142;0,229;1,426;Belanger;10;Site07;;1;a;;;0;;
95;S;TeaLyra organic Rooibos;1,893;2,12;0,226;1,434;Belanger;10;Site07;;1;b;;;0,001;;
96;S;TeaLyra organic Rooibos;1,902;2,129;0,227;1,513;Belanger;10;Site07;;1;c;;;0;;
97;S;TeaLyra organic Rooibos;1,898;2,124;0,227;1,472;Belanger;10;Site07;;2;d;;;-0,001;;
98;S;TeaLyra organic Rooibos;1,891;2,116;0,225;1,63;Belanger;10;Site07;;2;e;;;0;;
99;S;TeaLyra organic Rooibos;1,899;2,129;0,229;1,456;Belanger;10;Site07;;2;f;;;0,001;;
100;S;TeaLyra organic Rooibos;1,916;2,144;0,228;1,412;Belanger;A9;Site08;;1;a;;;0;;
101;S;TeaLyra organic Rooibos;1,909;2,137;0,229;1,411;Belanger;A9;Site08;;1;b;;;-0,001;;
102;S;TeaLyra organic Rooibos;1,907;2,135;0,229;1,567;Belanger;A9;Site08;;1;c;;;-0,001;;
103;S;TeaLyra organic Rooibos;1,903;2,13;0,227;1,584;Belanger;A9;Site08;;2;d;;;0;;
104;S;TeaLyra organic Rooibos;1,909;2,136;0,228;1,68;Belanger;A9;Site08;;2;e;;;-0,001;;
105;S;TeaLyra organic Rooibos;1,911;2,139;0,228;1,397;Belanger;A9;Site08;;2;f;;;0;;
106;S;TeaLyra organic Rooibos;1,899;2,126;0,227;1,321;Belanger;A9;Site09;;1;a;;;0;;
107;S;TeaLyra organic Rooibos;1,901;2,127;0,227;1,467;Belanger;A9;Site09;;1;b;;;-0,001;;
108;S;TeaLyra organic Rooibos;1,905;2,128;0,225;1,547;Belanger;A9;Site09;;1;c;;;-0,002;;
109;S;TeaLyra organic Rooibos;1,912;2,14;0,228;1,577;Belanger;A9;Site09;;2;d;;;0;;
110;S;TeaLyra organic Rooibos;1,899;2,126;0,227;1,557;Belanger;A9;Site09;;2;e;;;0;;
111;S;TeaLyra organic Rooibos;1,916;2,142;0,226;1,479;Belanger;A9;Site09;;2;f;;;0;;
112;S;TeaLyra organic Rooibos;1,904;2,13;0,228;1,492;Belanger;A9;Site10;;1;a;;;-0,002;;
113;S;TeaLyra organic Rooibos;1,898;2,126;0,229;1,39;Belanger;A9;Site10;;1;b;;;-0,001;;
114;S;TeaLyra organic Rooibos;1,907;2,134;0,228;1,495;Belanger;A9;Site10;;1;c;;;-0,001;;
115;S;TeaLyra organic Rooibos;1,909;2,136;0,226;;Belanger;A9;Site10;;2;d;;;0,001;;
116;S;TeaLyra organic Rooibos;1,911;2,14;0,227;1,61;Belanger;A9;Site10;;2;e;;;0,002;;
117;S;TeaLyra organic Rooibos;1,898;2,123;0,226;;Belanger;A9;Site10;;2;f;;;-0,001;;
118;S;TeaLyra organic Rooibos;1,905;2,135;0,23;1,509;Belanger;10;N;0;1;;;;0;;
119;S;TeaLyra organic Rooibos;1,904;2,129;0,225;1,364;Belanger;10;N;0;1;;;;0;;
120;S;TeaLyra organic Rooibos;1,897;2,123;0,225;;Belanger;10;N;0;1;;;;0,001;;
121;S;TeaLyra organic Rooibos;1,892;2,12;0,228;1,402;Belanger;10;N;0;2;;;;0;;
122;S;TeaLyra organic Rooibos;1,909;2,135;0,226;1,474;Belanger;10;N;0;2;;;;0;;
123;S;TeaLyra organic Rooibos;1,896;2,123;0,227;1,439;Belanger;10;N;0;2;;;;0;;
124;S;TeaLyra organic Rooibos;1,898;2,124;0,226;1,366;Belanger;10;N;15;1;;;;0;;
125;S;TeaLyra organic Rooibos;1,91;2,136;0,227;;Belanger;10;N;15;1;;;;-0,001;;
126;S;TeaLyra organic Rooibos;1,905;2,13;0,226;1,525;Belanger;10;N;15;1;;;;-0,001;;
127;S;TeaLyra organic Rooibos;1,891;2,117;0,227;1,584;Belanger;10;N;15;2;;;;-0,001;;
128;S;TeaLyra organic Rooibos;1,899;2,127;0,229;1,405;Belanger;10;N;15;2;;;;-0,001;;
129;S;TeaLyra organic Rooibos;1,89;2,117;0,228;1,496;Belanger;10;N;15;2;;;;-0,001;;
130;S;TeaLyra organic Rooibos;1,908;2,134;0,225;1,574;Belanger;10;N;30;1;;;;0,001;;
131;S;TeaLyra organic Rooibos;1,916;2,142;0,226;1,565;Belanger;10;N;30;1;;;;0;;
132;S;TeaLyra organic Rooibos;1,891;2,116;0,226;1,573;Belanger;10;N;30;1;;;;-0,001;;
133;S;TeaLyra organic Rooibos;1,906;2,132;0,225;1,446;Belanger;10;N;30;2;;;;0,001;;
134;S;TeaLyra organic Rooibos;1,909;2,136;0,228;1,566;Belanger;10;N;30;2;;;;-0,001;;
135;S;TeaLyra organic Rooibos;1,906;2,132;0,227;1,54;Belanger;10;N;30;2;;;;-0,001;;
136;S;TeaLyra organic Rooibos;1,913;2,139;0,226;1,571;Belanger;10;N;45;1;;;;0;;
137;S;TeaLyra organic Rooibos;1,92;2,148;0,228;1,534;Belanger;10;N;45;1;;;;0;;
138;S;TeaLyra organic Rooibos;1,917;2,142;0,226;1,601;Belanger;10;N;45;1;;;;-0,001;;
139;S;TeaLyra organic Rooibos;1,893;2,119;0,226;1,406;Belanger;10;N;45;2;;;;0;;
140;S;TeaLyra organic Rooibos;1,893;2,117;0,225;1,349;Belanger;10;N;45;2;;;;-0,001;;
141;S;TeaLyra organic Rooibos;1,901;2,127;0,226;1,5;Belanger;10;N;45;2;;;;0;;
142;S;TeaLyra organic Rooibos;1,92;2,146;0,226;1,596;Belanger;10;N;60;1;;;;0;;
143;S;TeaLyra organic Rooibos;1,906;2,132;0,226;1,473;Belanger;10;N;60;1;;;;0;;
144;S;TeaLyra organic Rooibos;1,912;2,138;0,225;1,516;Belanger;10;N;60;1;;;;0,001;;
145;S;TeaLyra organic Rooibos;1,915;2,14;0,226;1,49;Belanger;10;N;60;2;;;;-0,001;;
146;S;TeaLyra organic Rooibos;1,916;2,142;0,226;1,645;Belanger;10;N;60;2;;;;0;;
147;S;TeaLyra organic Rooibos;1,89;2,116;0,226;1,524;Belanger;10;N;60;2;;;;0;;
148;S;TeaLyra organic Rooibos;1,899;2,127;0,227;1,391;Belanger;10;N-611;45;2;;;;0,001;;
149;S;TeaLyra organic Rooibos;1,912;2,139;0,227;1,446;Belanger;10;N-611;45;2;;;;0;;
150;S;TeaLyra organic Rooibos;1,908;2,138;0,231;1,534;Belanger;10;N-611;60;2;;;;-0,001;;
151;S;TeaLyra organic Rooibos;1,919;2,145;0,226;1,615;Belanger;10;N-611;60;2;;;;0;;
152;S;TeaLyra organic Rooibos;1,903;2,129;0,226;1,598;Belanger;10;N-611;30;2;;;;0;;
153;S;TeaLyra organic Rooibos;1,919;2,144;0,226;1,518;Belanger;10;N-611;30;2;;;;-0,001;;
625;G;Lipton Pure green tea;1,781;2,141;0,36;0,633;Fortier;9;N;0;1;;;;0;;
626;G;Lipton Pure green tea;1,772;2,135;0,364;0,608;Fortier;9;N;0;1;;;;-0,001;;
627;G;Lipton Pure green tea;1,78;2,144;0,363;0,623;Fortier;9;N;0;1;;;;0,001;;
628;G;Lipton Pure green tea;1,787;2,15;0,363;0,687;Fortier;9;N;0;2;;;;0;;
629;G;Lipton Pure green tea;1,769;2,137;0,368;0,703;Fortier;9;N;0;2;;;;0;;
630;G;Lipton Pure green tea;1,791;2,151;0,36;0,637;Fortier;9;N;0;2;;;;0;;
631;G;Lipton Pure green tea;1,767;2,128;0,361;0,593;Fortier;9;N;15;1;;;;0;;
632;G;Lipton Pure green tea;1,783;2,145;0,362;0,62;Fortier;9;N;15;1;;;;0;;
633;G;Lipton Pure green tea;1,765;2,126;0,361;;Fortier;9;N;15;1;;;;0;;
634;G;Lipton Pure green tea;1,77;2,132;0,363;;Fortier;9;N;15;2;;;;-0,001;;
635;G;Lipton Pure green tea;1,784;2,148;0,364;0,645;Fortier;9;N;15;2;;;;0;;
636;G;Lipton Pure green tea;1,756;2,118;0,363;0,587;Fortier;9;N;15;2;;;;-0,001;;
637;G;Lipton Pure green tea;1,785;2,152;0,365;0,702;Fortier;9;N;30;1;;;;0,002;;
638;G;Lipton Pure green tea;1,778;2,144;0,366;0,582;Fortier;9;N;30;1;;;;0;;
639;G;Lipton Pure green tea;1,8;2,161;0,361;0,669;Fortier;9;N;30;1;;;;0;;
640;G;Lipton Pure green tea;1,796;2,154;0,357;0,784;Fortier;9;N;30;2;;;;0,001;;
641;G;Lipton Pure green tea;1,754;2,117;0,363;0,629;Fortier;9;N;30;2;;;;0;;
642;G;Lipton Pure green tea;1,751;2,111;0,36;0,592;Fortier;9;N;30;2;;;;0;;
643;G;Lipton Pure green tea;1,789;2,148;0,359;0,682;Fortier;9;N;45;1;;;;0;;
644;G;Lipton Pure green tea;1,759;2,121;0,361;0,572;Fortier;9;N;45;1;;;;0,001;;
645;G;Lipton Pure green tea;1,759;2,131;0,371;0,579;Fortier;9;N;45;1;;;;0,001;;
646;G;Lipton Pure green tea;1,768;2,127;0,36;0,694;Fortier;9;N;45;2;;;;-0,001;;
647;G;Lipton Pure green tea;1,783;2,148;0,365;0,564;Fortier;9;N;45;2;;;;0;;
648;G;Lipton Pure green tea;1,79;2,155;0,365;0,851;Fortier;9;N;45;2;;;;0;;
649;G;Lipton Pure green tea;1,776;2,136;0,361;0,678;Fortier;9;N;60;1;;;;-0,001;;
650;G;Lipton Pure green tea;1,753;2,115;0,361;;Fortier;9;N;60;1;;;;0,001;;
651;G;Lipton Pure green tea;1,77;2,132;0,362;;Fortier;9;N;60;1;;;;0;;
652;G;Lipton Pure green tea;1,799;2,162;0,363;0,677;Fortier;9;N;60;2;;;;0;;
653;G;Lipton Pure green tea;1,79;2,149;0,36;0,709;Fortier;9;N;60;2;;;;-0,001;;
654;G;Lipton Pure green tea;1,791;2,146;0,355;0,467;Fortier;9;N;60;2;;;;0;;
829;G;Lipton Pure green tea;1,758;2,117;0,36;0,784;Fortier;45;N;0;1;;;;-0,001;;
830;G;Lipton Pure green tea;1,751;2,113;0,362;0,587;Fortier;45;N;0;1;;;;0;;
831;G;Lipton Pure green tea;1,778;2,13;0,351;0,727;Fortier;45;N;0;1;;;;0,001;;
832;G;Lipton Pure green tea;1,784;2,143;0,359;0,744;Fortier;45;N;0;2;;;;0;;
833;G;Lipton Pure green tea;1,784;2,145;0,361;0,737;Fortier;45;N;0;2;;;;0;;
834;G;Lipton Pure green tea;1,782;2,136;0,355;0,804;Fortier;45;N;0;2;;;;-0,001;;
835;G;Lipton Pure green tea;1,757;2,112;0,356;0,848;Fortier;45;N;15;1;;;;-0,001;;
836;G;Lipton Pure green tea;1,784;2,142;0,357;0,692;Fortier;45;N;15;1;;;;0,001;;
837;G;Lipton Pure green tea;1,779;2,134;0,355;0,836;Fortier;45;N;15;1;;;;0;;
838;G;Lipton Pure green tea;1,766;2,125;0,359;0,61;Fortier;45;N;15;2;;;;0;;
839;G;Lipton Pure green tea;1,775;2,132;0,357;0,65;Fortier;45;N;15;2;;;;0;;
840;G;Lipton Pure green tea;1,801;2,156;0,356;0,807;Fortier;45;N;15;2;;;;-0,001;;
841;G;Lipton Pure green tea;1,769;2,122;0,357;0,803;Fortier;45;N;30;1;;;;-0,004;;
842;G;Lipton Pure green tea;1,774;2,13;0,37;0,738;Fortier;45;N;30;1;;;;-0,014;;
843;G;Lipton Pure green tea;1,757;2,113;0,355;0,553;Fortier;45;N;30;1;;;;0,001;;
844;G;Lipton Pure green tea;1,761;2,116;0,355;;Fortier;45;N;30;2;;;;0;;
845;G;Lipton Pure green tea;1,781;2,135;0,355;0,83;Fortier;45;N;30;2;;;;-0,001;;
846;G;Lipton Pure green tea;1,788;2,146;0,357;0,847;Fortier;45;N;30;2;;;;0,001;;
847;G;Lipton Pure green tea;1,799;2,162;0,363;0,772;Fortier;45;N;45;1;;;;0;;
848;G;Lipton Pure green tea;1,792;2,151;0,359;0,858;Fortier;45;N;45;1;;;;0;;
849;G;Lipton Pure green tea;1,791;2,15;0,359;0,904;Fortier;45;N;45;1;;;;0;;
850;G;Lipton Pure green tea;1,768;2,124;0,356;0,753;Fortier;45;N;45;2;;;;0;;
851;G;Lipton Pure green tea;1,763;2,123;0,36;0,738;Fortier;45;N;45;2;;;;0;;
852;G;Lipton Pure green tea;1,795;2,164;0,368;0,805;Fortier;45;N;45;2;;;;0,001;;
853;G;Lipton Pure green tea;1,772;2,131;0,357;0,754;Fortier;45;N;60;1;;;;0,002;;
854;G;Lipton Pure green tea;1,794;2,145;0,353;0,796;Fortier;45;N;60;1;;;;-0,002;;
855;G;Lipton Pure green tea;1,772;2,131;0,359;0,781;Fortier;45;N;60;1;;;;0;;
856;G;Lipton Pure green tea;1,764;2,118;0,354;0,817;Fortier;45;N;60;2;;;;0;;
857;G;Lipton Pure green tea;1,773;2,128;0,352;0,717;Fortier;45;N;60;2;;;;0,003;;
858;G;Lipton Pure green tea;1,771;2,132;0,359;0,869;Fortier;45;N;60;2;;;;0,002;;
1206;G;Lipton Pure green tea;1,754;2,117;0,362;0,851;Fortier;45;Site01;;;;;;0,001;;
1207;G;Lipton Pure green tea;1,751;2,101;0,35;0,742;Fortier;45;Site01;;;;;;0;;
1208;G;Lipton Pure green tea;1,774;2,137;0,363;0,668;Fortier;45;Site01;;;;;;0;;
1209;G;Lipton Pure green tea;1,77;2,128;0,357;0,837;Fortier;45;Site01;;;;;;0,001;;
1210;G;Lipton Pure green tea;1,774;2,135;0,361;;Fortier;45;Site01;;;;;;0;;
1211;G;Lipton Pure green tea;1,793;2,146;0,353;0,852;Fortier;45;Site01;;;;;;0;;
1212;G;Lipton Pure green tea;1,797;2,156;0,359;0,772;Fortier;45;Site02;;;;;;0;;
1213;G;Lipton Pure green tea;1,767;2,127;0,36;0,876;Fortier;45;Site02;;;;;;0;;
1214;G;Lipton Pure green tea;1,799;2,162;0,362;;Fortier;45;Site02;;;;;;0,001;;
1215;G;Lipton Pure green tea;1,75;2,106;0,356;0,834;Fortier;45;Site02;;;;;;0;;
1216;G;Lipton Pure green tea;1,778;2,137;0,36;0,867;Fortier;45;Site02;;;;;;-0,001;;
1217;G;Lipton Pure green tea;1,795;2,144;0,348;0,798;Fortier;45;Site02;;;;;;0,001;;
1218;G;Lipton Pure green tea;1,785;2,139;0,354;1,244;Fortier;9;Site03;;;;;;0;;
1219;G;Lipton Pure green tea;1,792;2,152;0,36;1,201;Fortier;9;Site03;;;;;;0;;
1220;G;Lipton Pure green tea;1,803;2,159;0,355;1,18;Fortier;9;Site03;;;;;;0,001;;
1221;G;Lipton Pure green tea;1,778;2,139;0,36;0,771;Fortier;9;Site03;;;;;;0,001;;
1222;G;Lipton Pure green tea;1,796;2,159;0,361;0,78;Fortier;9;Site03;;;;;;0,002;;
1223;G;Lipton Pure green tea;1,786;2,146;0,36;0,694;Fortier;9;Site03;;;;;;0;;
1224;G;Lipton Pure green tea;1,783;2,14;0,358;0,752;Fortier;9;Site04;;;;;;-0,001;;
1225;G;Lipton Pure green tea;1,781;2,135;0,353;0,757;Fortier;9;Site04;;;;;;0,001;;
1226;G;Lipton Pure green tea;1,765;2,125;0,361;;Fortier;9;Site04;;;;;;-0,001;;
1227;G;Lipton Pure green tea;1,78;2,136;0,356;0,503;Fortier;9;Site04;;;;;;0;;
1228;G;Lipton Pure green tea;1,79;2,151;0,361;;Fortier;9;Site04;;;;;;0;;
1229;G;Lipton Pure green tea;1,775;2,13;0,354;0,75;Fortier;9;Site04;;;;;;0,001;;
1230;G;Lipton Pure green tea;1,802;2,17;0,368;0,725;Belanger;10;Site05;;;;;;0;;
1231;G;Lipton Pure green tea;1,788;2,148;0,36;0,771;Belanger;10;Site05;;;;;;0;;
1232;G;Lipton Pure green tea;1,756;2,111;0,355;0,675;Belanger;10;Site05;;;;;;0;;
1233;G;Lipton Pure green tea;1,764;2,121;0,357;;Belanger;10;Site05;;;;;;0;;
1234;G;Lipton Pure green tea;1,76;2,126;0,366;0,638;Belanger;10;Site05;;;;;;0;;
1235;G;Lipton Pure green tea;1,785;2,145;0,359;0,697;Belanger;10;Site05;;;;;;0,001;;
1237;G;Lipton Pure green tea;1,802;2,165;0,364;0,747;Fortier;45;P;30;2;a;;;-0,001;;
1238;G;Lipton Pure green tea;1,776;2,134;0,359;0,709;Fortier;45;P;30;2;b;;;-0,001;;
1239;G;Lipton Pure green tea;1,797;2,148;0,36;0,76;Fortier;45;P;15;2;a;;;-0,009;;
1240;G;Lipton Pure green tea;1,761;2,115;0,354;0,68;Fortier;45;P;15;2;b;;;0;;
1241;G;Lipton Pure green tea;1,758;2,119;0,361;0,721;Fortier;45;P;0;2;a;;;0;;
1242;G;Lipton Pure green tea;1,779;2,14;0,361;0,849;Fortier;45;P;0;2;b;;;0;;
1243;G;Lipton Pure green tea;1,778;2,135;0,358;0,619;Fortier;9;N-SCU;30;2;a;;;-0,001;;
1244;G;Lipton Pure green tea;1,797;2,159;0,362;0,675;Fortier;9;N-SCU;30;2;b;;;0;;
1245;G;Lipton Pure green tea;1,804;2,165;0,361;0,64;Fortier;9;N-SCU;45;2;a;;;0;;
1246;G;Lipton Pure green tea;1,79;2,149;0,36;0,636;Fortier;9;N-SCU;45;2;b;;;-0,001;;
1247;G;Lipton Pure green tea;1,779;2,138;0,359;0,687;Fortier;9;N-SCU;60;2;a;;;0;;
1248;G;Lipton Pure green tea;1,75;2,104;0,354;0,63;Fortier;9;N-SCU;60;2;b;;;0;;
289;S;TeaLyra organic Rooibos;1,892;2,25;0,357;;Belanger;;;;;;;;0,001;;
290;S;TeaLyra organic Rooibos;1,916;2,269;0,355;;Belanger;;;;;;;;-0,002;;
291;S;TeaLyra organic Rooibos;1,9;2,261;0,36;;Belanger;;;;;;;;0,001;;
292;S;TeaLyra organic Rooibos;1,89;2,248;0,358;;Belanger;;;;;;;;0;;
293;S;TeaLyra organic Rooibos;1,9;2,247;0,348;;Belanger;;;;;;;;-0,001;;
294;S;TeaLyra organic Rooibos;1,902;2,257;0,355;;Belanger;;;;;;;;0;;
295;S;TeaLyra organic Rooibos;1,928;2,28;0,352;;Belanger;;;;;;;;0;;
296;S;TeaLyra organic Rooibos;1,924;2,283;0,358;;Belanger;;;;;;;;0,001;;
297;S;TeaLyra organic Rooibos;1,915;2,279;0,364;;Belanger;;;;;;;;0;;
298;S;TeaLyra organic Rooibos;1,901;2,254;0,353;;Belanger;;;;;;;;0;;
299;S;TeaLyra organic Rooibos;1,922;2,281;0,36;;Belanger;;;;;;;;-0,001;;
300;S;TeaLyra organic Rooibos;1,907;2,264;0,36;;Belanger;;;;;;;;-0,003;;
301;S;TeaLyra organic Rooibos;1,899;2,255;0,358;;Belanger;;;;;;;;-0,002;;
302;S;TeaLyra organic Rooibos;1,895;2,257;0,362;;Belanger;;;;;;;;0;;
303;S;TeaLyra organic Rooibos;1,911;2,266;0,356;;Belanger;;;;;;;;-0,001;;
304;S;TeaLyra organic Rooibos;1,924;2,279;0,357;;Belanger;;;;;;;;-0,002;;
391;S;TeaLyra organic Rooibos;1,91;2,27;0,361;1,352;Fortier;9;N;0;1;;;;-0,001;;
392;S;TeaLyra organic Rooibos;1,913;2,272;0,359;1,295;Fortier;9;N;0;1;;;;0;;
393;S;TeaLyra organic Rooibos;1,925;2,281;0,355;1,232;Fortier;9;N;0;1;;;;0,001;;
394;S;TeaLyra organic Rooibos;1,893;2,246;0,353;1,416;Fortier;9;N;0;2;;;;0;;
395;S;TeaLyra organic Rooibos;1,906;2,258;0,352;1,402;Fortier;9;N;0;2;;;;0;;
396;S;TeaLyra organic Rooibos;1,907;2,272;0,365;1,288;Fortier;9;N;0;2;;;;0;;
397;S;TeaLyra organic Rooibos;1,921;2,286;0,365;;Fortier;9;N;15;1;;;;0;;
398;S;TeaLyra organic Rooibos;1,907;2,26;0,353;1,343;Fortier;9;N;15;1;;;;0;;
399;S;TeaLyra organic Rooibos;1,888;2,249;0,361;1,255;Fortier;9;N;15;1;;;;0;;
400;S;TeaLyra organic Rooibos;1,893;2,255;0,362;1,41;Fortier;9;N;15;2;;;;0;;
401;S;TeaLyra organic Rooibos;1,896;2,253;0,358;1,387;Fortier;9;N;15;2;;;;-0,001;;
402;S;TeaLyra organic Rooibos;1,9;2,263;0,364;;Fortier;9;N;15;2;;;;-0,001;;
403;S;TeaLyra organic Rooibos;1,919;2,28;0,361;1,557;Fortier;9;N;30;1;;;;0;;
404;S;TeaLyra organic Rooibos;1,905;2,261;0,355;1,319;Fortier;9;N;30;1;;;;0,001;;
405;S;TeaLyra organic Rooibos;1,909;2,261;0,351;1,274;Fortier;9;N;30;1;;;;0,001;;
406;S;TeaLyra organic Rooibos;1,889;2,244;0,355;1,173;Fortier;9;N;30;2;;;;0;;
407;S;TeaLyra organic Rooibos;1,92;2,282;0,363;;Fortier;9;N;30;2;;;;-0,001;;
408;S;TeaLyra organic Rooibos;1,913;2,275;0,362;1,278;Fortier;9;N;30;2;;;;0;;
409;S;TeaLyra organic Rooibos;1,928;2,289;0,361;1,358;Fortier;9;N;45;1;;;;0;;
410;S;TeaLyra organic Rooibos;1,925;2,284;0,36;1,338;Fortier;9;N;45;1;;;;-0,001;;
411;S;TeaLyra organic Rooibos;1,922;2,281;0,36;1,485;Fortier;9;N;45;1;;;;-0,001;;
412;S;TeaLyra organic Rooibos;1,92;2,283;0,363;1,424;Fortier;9;N;45;2;;;;0;;
413;S;TeaLyra organic Rooibos;1,902;2,26;0,357;1,538;Fortier;9;N;45;2;;;;0,001;;
414;S;TeaLyra organic Rooibos;1,893;2,255;0,362;1,349;Fortier;9;N;45;2;;;;0;;
415;S;TeaLyra organic Rooibos;1,911;2,279;0,367;1,266;Fortier;9;N;60;1;;;;0,001;;
416;S;TeaLyra organic Rooibos;1,897;2,256;0,358;1.209;Fortier;9;N;60;1;;;;0,001;;
417;S;TeaLyra organic Rooibos;1,918;2,279;0,362;1,299;Fortier;9;N;60;1;;;;-0,001;;
418;S;TeaLyra organic Rooibos;1,923;2,282;0,359;1,341;Fortier;9;N;60;2;;;;0;;
419;S;TeaLyra organic Rooibos;1,913;2,27;0,357;1,279;Fortier;9;N;60;2;;;;0;;
420;S;TeaLyra organic Rooibos;1,903;2,262;0,358;;Fortier;9;N;60;2;;;;0,001;;
523;S;TeaLyra organic Rooibos;1,907;2,274;0,367;1,352;Fortier;45;N;0;1;;;;0;;
524;S;TeaLyra organic Rooibos;1,891;2,252;0,361;1,371;Fortier;45;N;0;1;;;;0;;
525;S;TeaLyra organic Rooibos;1,896;2,257;0,361;1,401;Fortier;45;N;0;1;;;;0;;
526;S;TeaLyra organic Rooibos;1,902;2,27;0,368;1,3;Fortier;45;N;0;2;;;;0;;
527;S;TeaLyra organic Rooibos;1,888;2,249;0,361;1,235;Fortier;45;N;0;2;;;;0;;
528;S;TeaLyra organic Rooibos;1,893;2,254;0,361;1,35;Fortier;45;N;0;2;;;;0;;
529;S;TeaLyra organic Rooibos;1,893;2,25;0,356;1,406;Fortier;45;N;15;1;;;;0,001;;
530;S;TeaLyra organic Rooibos;1,886;2,251;0,365;1,372;Fortier;45;N;15;1;;;;0;;
531;S;TeaLyra organic Rooibos;1,899;2,253;0,353;1,423;Fortier;45;N;15;1;;;;0,001;;
532;S;TeaLyra organic Rooibos;1,91;2,268;0,359;;Fortier;45;N;15;2;;;;-0,001;;
533;S;TeaLyra organic Rooibos;1,918;2,281;0,362;1,369;Fortier;45;N;15;2;;;;0,001;;
534;S;TeaLyra organic Rooibos;1,908;2,274;0,365;1,307;Fortier;45;N;15;2;;;;0,001;;
535;S;TeaLyra organic Rooibos;1,889;2,248;0,36;1,298;Fortier;45;N;30;1;;;;-0,001;;
536;S;TeaLyra organic Rooibos;1,894;2,255;0,361;1,297;Fortier;45;N;30;1;;;;0;;
537;S;TeaLyra organic Rooibos;1,92;2,277;0,357;1,316;Fortier;45;N;30;1;;;;0;;
538;S;TeaLyra organic Rooibos;1,912;2,274;0,361;1,369;Fortier;45;N;30;2;;;;0,001;;
539;S;TeaLyra organic Rooibos;1,924;2,279;0,355;1,389;Fortier;45;N;30;2;;;;0;;
540;S;TeaLyra organic Rooibos;1,903;2,262;0,359;1,5;Fortier;45;N;30;2;;;;0;;
541;S;TeaLyra organic Rooibos;1,924;2,276;0,352;1,304;Fortier;45;N;45;1;;;;0;;
542;S;TeaLyra organic Rooibos;1,893;2,253;0,359;1,458;Fortier;45;N;45;1;;;;0,001;;
543;S;TeaLyra organic Rooibos;1,923;2,278;0,355;1,47;Fortier;45;N;45;1;;;;0;;
544;S;TeaLyra organic Rooibos;1,91;2,275;0,365;1,445;Fortier;45;N;45;2;;;;0;;
545;S;TeaLyra organic Rooibos;1,915;2,275;0,361;1,435;Fortier;45;N;45;2;;;;-0,001;;
546;S;TeaLyra organic Rooibos;1,91;2,266;0,356;1,43;Fortier;45;N;45;2;;;;0;;
547;S;TeaLyra organic Rooibos;1,891;2,247;0,356;1,437;Fortier;45;N;60;1;;;;0;;
548;S;TeaLyra organic Rooibos;1,9;2,26;0,36;1,228;Fortier;45;N;60;1;;;;0;;
549;S;TeaLyra organic Rooibos;1,913;2,278;0,364;1,389;Fortier;45;N;60;1;;;;0,001;;
550;S;TeaLyra organic Rooibos;1,907;2,264;0,357;1,341;Fortier;45;N;60;2;;;;0;;
551;S;TeaLyra organic Rooibos;1,918;2,269;0,352;1,391;Fortier;45;N;60;2;;;;-0,001;;
552;S;TeaLyra organic Rooibos;1,905;2,253;0,348;1,384;Fortier;45;N;60;2;;;;0;;
756;S;TeaLyra organic Rooibos;1,926;2,288;0,362;1,396;Fortier;45;Site01;;1;a;;;0;;
757;S;TeaLyra organic Rooibos;1,926;2,291;0,365;1,398;Fortier;45;Site01;;1;b;;;0;;
758;S;TeaLyra organic Rooibos;1,893;2,252;0,359;1,373;Fortier;45;Site01;;1;c;;;0;;
759;S;TeaLyra organic Rooibos;1,894;2,255;0,361;1,379;Fortier;45;Site01;;2;a;;;0;;
760;S;TeaLyra organic Rooibos;1,909;2,269;0,36;;Fortier;45;Site01;;2;b;;;0;;
761;S;TeaLyra organic Rooibos;1,916;2,275;0,359;1,345;Fortier;45;Site01;;2;c;;;0;;
762;S;TeaLyra organic Rooibos;1,925;2,283;0,358;1,516;Fortier;45;Site02;;1;a;;;0;;
763;S;TeaLyra organic Rooibos;1,928;2,285;0,36;1,472;Fortier;45;Site02;;1;b;;;-0,003;;
764;S;TeaLyra organic Rooibos;1,892;2,259;0,365;;Fortier;45;Site02;;1;c;;;0,002;;
765;S;TeaLyra organic Rooibos;1,926;2,28;0,355;1,419;Fortier;45;Site02;;2;a;;;-0,001;;
766;S;TeaLyra organic Rooibos;1,889;2,247;0,358;1,386;Fortier;45;Site02;;;;;;0;;
767;S;TeaLyra organic Rooibos;1,923;2,275;0,352;1,472;Fortier;45;Site02;;;;;;0;;
768;S;TeaLyra organic Rooibos;1,896;2,252;0,356;1,859;Fortier;45;Site03;;;;;;0;;
769;S;TeaLyra organic Rooibos;1,905;2,265;0,359;1,994;Fortier;45;Site03;;;;;;0,001;;
770;S;TeaLyra organic Rooibos;1,907;2,267;0,36;1,835;Fortier;45;Site03;;;;;;0;;
771;S;TeaLyra organic Rooibos;1,917;2,281;0,365;1,406;Fortier;45;Site03;;;;;;-0,001;;
772;S;TeaLyra organic Rooibos;1,907;2,265;0,358;1,464;Fortier;45;Site03;;;;;;0;;
773;S;TeaLyra organic Rooibos;1,893;2,261;0,368;1,366;Fortier;45;Site03;;;;;;0;;
774;S;TeaLyra organic Rooibos;1,906;2,266;0,361;1,337;Fortier;45;Site04;;;;;;-0,001;;
775;S;TeaLyra organic Rooibos;1,9;2,26;0,359;1,331;Fortier;45;Site04;;;;;;0,001;;
776;S;TeaLyra organic Rooibos;1,917;2,272;0,355;1,298;Fortier;45;Site04;;;;;;0;;
777;S;TeaLyra organic Rooibos;1,919;2,274;0,356;1,465;Fortier;45;Site04;;;;;;-0,001;;
778;S;TeaLyra organic Rooibos;1,922;2,28;0,357;1,446;Fortier;45;Site04;;;;;;0,001;;
779;S;TeaLyra organic Rooibos;1,904;2,264;0,359;1,248;Fortier;45;Site04;;;;;;0,001;;
780;S;TeaLyra organic Rooibos;1,894;2,258;0,365;1,494;Fortier;45;Site05;;;;;;-0,001;;
781;S;TeaLyra organic Rooibos;1,904;2,269;0,365;1,538;Fortier;45;Site05;;;;;;0;;
782;S;TeaLyra organic Rooibos;1,896;2,256;0,36;1,487;Fortier;45;Site05;;;;;;0;;
783;S;TeaLyra organic Rooibos;1,903;2,268;0,364;1,467;Fortier;45;Site05;;;;;;0,001;;
784;S;TeaLyra organic Rooibos;1,922;2,281;0,358;1,503;Fortier;45;Site05;;;;;;0,001;;
785;S;TeaLyra organic Rooibos;1,918;2,274;0,357;1,213;Fortier;45;Site05;;;;;;-0,001;;
787;S;TeaLyra organic Rooibos;1,906;2,27;0,366;1,429;Fortier;45;P;30;2;a;;;-0,002;;
788;S;TeaLyra organic Rooibos;1,921;2,28;0,36;1,046;Fortier;45;P;30;2;b;;;-0,001;;
789;S;TeaLyra organic Rooibos;1,895;2,261;0,366;1,037;Fortier;45;P;15;2;a;;;0;;
790;S;TeaLyra organic Rooibos;1,899;2,262;0,363;0,81;Fortier;45;P;15;2;b;;;0;;
791;S;TeaLyra organic Rooibos;1,913;2,273;0,36;1,333;Fortier;45;P;0;2;a;;;0;;
792;S;TeaLyra organic Rooibos;1,885;2,25;0,366;1,347;Fortier;45;P;0;2;b;;;-0,001;;
793;S;TeaLyra organic Rooibos;1,915;2,273;0,359;1,268;Fortier;9;N-SCU;30;2;a;;;-0,001;;
794;S;TeaLyra organic Rooibos;1,926;2,293;0,366;1,369;Fortier;9;N-SCU;30;2;b;;;0,001;;
795;S;TeaLyra organic Rooibos;1,923;2,285;0,362;1,273;Fortier;9;N-SCU;45;2;a;;;0;;
796;S;TeaLyra organic Rooibos;1,911;2,277;0,366;1,117;Fortier;9;N-SCU;45;2;b;;;0;;
797;S;TeaLyra organic Rooibos;1,92;2,283;0,364;1,243;Fortier;9;N-SCU;60;2;a;;;-0,001;;
798;S;TeaLyra organic Rooibos;1,92;2,282;0,362;1,286;Fortier;9;N-SCU;60;2;b;;;0;;
815;S;TeaLyra organic Rooibos;1,922;2,281;0,36;;Belanger;;;;;;;;-0,001;;
816;S;TeaLyra organic Rooibos;1,894;2,255;0,361;;Belanger;;;;;;;;0;;
1;N;ResidusCanneberge;1,886;2,25;0,364;1,882;Belanger;A9;N-611;60;2;a;;;0;;
2;N;ResidusCanneberge;1,928;2,288;0,358;1,873;Belanger;A9;N-611;60;2;b;;;0,002;;
3;N;ResidusCanneberge;1,882;2,238;0,356;1,477;Belanger;A9;N-611;45;2;a;;;0;;
4;N;ResidusCanneberge;1,91;2,266;0,354;1,907;Belanger;A9;N-611;45;2;b;;;0,002;;
5;N;ResidusCanneberge;1,897;2,26;0,362;1,917;Belanger;A9;N-611;30;2;a;;;0,001;;
6;N;ResidusCanneberge;1,93;2,289;0,358;1,966;Belanger;A9;N-611;30;2;b;;;0,001;;
7;N;ResidusCanneberge;1,886;2,248;0,365;2,037;Belanger;A9;N;0;1;;;;-0,003;;
8;N;ResidusCanneberge;1,915;2,279;0,364;1,907;Belanger;A9;N;0;1;;;;0;;
9;N;ResidusCanneberge;1,88;2,244;0,363;1,807;Belanger;A9;N;0;1;;;;0,001;;
10;N;ResidusCanneberge;1,917;2,276;0,367;1,947;Belanger;A9;N;0;2;;;;-0,008;;
11;N;ResidusCanneberge;1,908;2,265;0,358;1,688;Belanger;A9;N;0;2;;;;-0,001;;
12;N;ResidusCanneberge;1,899;2,26;0,36;1,898;Belanger;A9;N;0;2;;;;0,001;;
13;N;ResidusCanneberge;1,915;2,274;0,359;1,833;Belanger;A9;N;30;1;;;;0;;
14;N;ResidusCanneberge;1,92;2,279;0,357;1,987;Belanger;A9;N;30;1;;;;0,002;;
15;N;ResidusCanneberge;1,905;2,27;0,364;1,918;Belanger;A9;N;30;1;;;;0,001;;
16;N;ResidusCanneberge;1,908;2,275;0,369;1,918;Belanger;A9;N;30;2;;;;-0,002;;
17;N;ResidusCanneberge;1,921;2,282;0,361;1,951;Belanger;A9;N;30;2;;;;0;;
18;N;ResidusCanneberge;1,896;2,262;0,366;1,944;Belanger;A9;N;30;2;;;;0;;
19;N;ResidusCanneberge;1,917;2,275;0,358;2,004;Belanger;A9;N;60;1;;;;0;;
20;N;ResidusCanneberge;1,918;2,283;0,365;1,953;Belanger;A9;N;60;1;;;;0;;
21;N;ResidusCanneberge;1,911;2,276;0,365;1,914;Belanger;A9;N;60;1;;;;0;;
22;N;ResidusCanneberge;1,899;2,263;0,364;1,389;Belanger;A9;N;60;2;;;;0;;
23;N;ResidusCanneberge;1,89;2,248;0,358;1,44;Belanger;A9;N;60;2;;;;0;;
24;N;ResidusCanneberge;1,888;2,248;0,36;;Belanger;A9;N;60;2;;;;0;;
25;N;ResidusCanneberge;1,912;2,273;0,36;1,883;Belanger;A9;N;45;1;;;;0,001;;
26;N;ResidusCanneberge;1,883;2,245;0,362;1,803;Belanger;A9;N;45;1;;;;0;;
27;N;ResidusCanneberge;1,902;2,26;0,358;1,883;Belanger;A9;N;45;1;;;;0;;
28;N;ResidusCanneberge;1,906;2,266;0,36;1,871;Belanger;A9;N;45;2;;;;0;;
29;N;ResidusCanneberge;1,922;2,285;0,365;1,898;Belanger;A9;N;45;2;;;;-0,002;;
30;N;ResidusCanneberge;1,934;2,294;0,361;1,976;Belanger;A9;N;45;2;;;;-0,001;;
31;N;ResidusCanneberge;1,896;2,259;0,364;1,913;Belanger;A9;N;15;1;;;;-0,001;;
32;N;ResidusCanneberge;1,897;2,258;0,361;1,892;Belanger;A9;N;15;1;;;;0;;
33;N;ResidusCanneberge;1,918;2,282;0,363;1,953;Belanger;A9;N;15;1;;;;0,001;;
34;N;ResidusCanneberge;1,911;2,267;0,358;1,7;Belanger;A9;N;15;2;;;;-0,002;;
35;N;ResidusCanneberge;1,904;2,266;0,362;1,899;Belanger;A9;N;15;2;;;;0;;
36;N;ResidusCanneberge;1,907;2,262;0,356;1,916;Belanger;A9;N;15;2;;;;-0,001;;
187;N;ResidusCanneberge;1,937;2,297;0,361;1,886;Belanger;A9;Site08;;;a;;;-0,001;;
188;N;ResidusCanneberge;1,898;2,248;0,35;1,671;Belanger;A9;Site08;;;b;;;0;;
189;N;ResidusCanneberge;1,915;2,275;0,36;1,898;Belanger;A9;Site08;;;c;;;0;;
190;N;ResidusCanneberge;1,892;2,256;0,363;1,87;Belanger;A9;Site08;;;d;;;0,001;;
191;N;ResidusCanneberge;1,92;2,282;0,362;0,911;Belanger;A9;Site08;;;e;;;0;;
192;N;ResidusCanneberge;1,908;2,271;0,363;1,528;Belanger;A9;Site08;;;f;;;0;;
193;N;ResidusCanneberge;1,921;2,286;0,365;;Belanger;A9;Site10;;;a;;;0;;
194;N;ResidusCanneberge;1,887;2,25;0,362;1,877;Belanger;A9;Site10;;;b;;;0,001;;
195;N;ResidusCanneberge;1,934;2,298;0,364;1,924;Belanger;A9;Site10;;;c;;;0;;
196;N;ResidusCanneberge;1,906;2,264;0,356;1,919;Belanger;A9;Site10;;;d;;;0,002;;
197;N;ResidusCanneberge;1,898;2,257;0,359;1,899;Belanger;A9;Site10;;;e;;;0;;
198;N;ResidusCanneberge;1,919;2,282;0,365;1,933;Belanger;A9;Site10;;;f;;;-0,002;;
199;N;ResidusCanneberge;1,918;2,271;0,354;1,684;Belanger;10;Site07;;;a;;;-0,001;;
200;N;ResidusCanneberge;1,887;2,239;0,352;1,924;Belanger;10;Site07;;;b;;;0;;
201;N;ResidusCanneberge;1,906;2,267;0,36;1,872;Belanger;10;Site07;;;c;;;0,001;;
202;N;ResidusCanneberge;1,927;2,293;0,365;1,824;Belanger;10;Site07;;;d;;;0,001;;
203;N;ResidusCanneberge;1,92;2,279;0,359;1,873;Belanger;10;Site07;;;e;;;0;;
204;N;ResidusCanneberge;1,919;2,279;0,358;1,887;Belanger;10;Site07;;;f;;;0,002;;
205;N;ResidusCanneberge;1,883;2,244;0,361;1,839;Belanger;10;Site06;;;a;;;0;;
206;N;ResidusCanneberge;1,934;2,297;0,361;1,89;Belanger;10;Site06;;;b;;;0,002;;
207;N;ResidusCanneberge;1,929;2,291;0,362;1,901;Belanger;10;Site06;;;c;;;0;;
208;N;ResidusCanneberge;1,927;2,298;0,372;1,883;Belanger;10;Site06;;;d;;;-0,001;;
209;N;ResidusCanneberge;1,917;2,281;0,365;1,867;Belanger;10;Site06;;;e;;;-0,001;;
210;N;ResidusCanneberge;1,923;2,287;0,364;1,657;Belanger;10;Site06;;;f;;;0;;
211;N;ResidusCanneberge;1,918;2,277;0,358;;Belanger;A9;Site09;;;a;;;0,001;;
212;N;ResidusCanneberge;1,928;2,295;0,365;1,944;Belanger;A9;Site09;;;b;;;0,002;;
213;N;ResidusCanneberge;1,896;2,255;0,359;;Belanger;A9;Site09;;;;;;0;;
214;N;ResidusCanneberge;1,933;2,296;0,363;1,943;Belanger;A9;Site09;;;;;;0;;
215;N;ResidusCanneberge;1,926;2,286;0,361;;Belanger;A9;Site09;;;;;;-0,001;;
216;N;ResidusCanneberge;1,907;2,267;0,361;1,921;Belanger;A9;Site09;;;;;;-0,001;;
217;N;ResidusCanneberge;1,945;2,312;0,366;;Belanger;10;;;2;;14;;0,001;;
218;N;ResidusCanneberge;1,93;2,299;0,369;;Belanger;10;;;2;;14;;0;;
219;N;ResidusCanneberge;1,881;2,244;0,362;;Belanger;10;;;2;;14;;0,001;;
220;N;ResidusCanneberge;1,93;2,291;0,36;;Belanger;10;;;2;;14;;0,001;;
221;N;ResidusCanneberge;1,916;2,287;0,372;;Belanger;10;;;2;;14;;-0,001;;
222;N;ResidusCanneberge;1,895;2,255;0,359;;Belanger;10;;;2;;14;;0,001;;
223;N;ResidusCanneberge;1,901;2,261;0,359;;Belanger;10;;;2;;28;;0,001;;
224;N;ResidusCanneberge;1,894;2,252;0,358;;Belanger;10;;;2;;28;;0;;
225;N;ResidusCanneberge;1,887;2,246;0,36;;Belanger;10;;;2;;28;;-0,001;;
226;N;ResidusCanneberge;1,923;2,288;0,362;;Belanger;10;;;2;;28;;0,003;;
227;N;ResidusCanneberge;1,898;2,263;0,365;;Belanger;10;;;2;;28;;0;;
228;N;ResidusCanneberge;1,902;2,263;0,361;;Belanger;10;;;2;;28;;0;;
229;N;ResidusCanneberge;1,907;2,267;0,363;;Belanger;10;;;2;;42;;-0,003;;
230;N;ResidusCanneberge;1,909;2,272;0,363;;Belanger;10;;;2;;42;;0;;
231;N;ResidusCanneberge;1,887;2,251;0,365;;Belanger;10;;;2;;42;;-0,001;;
232;N;ResidusCanneberge;1,919;2,284;0,365;;Belanger;10;;;2;;42;;0;;
233;N;ResidusCanneberge;1,89;2,257;0,367;;Belanger;10;;;2;;42;;0;;
234;N;ResidusCanneberge;1,903;2,268;0,364;;Belanger;10;;;2;;42;;0,001;;
235;N;ResidusCanneberge;1,902;2,266;0,364;;Belanger;10;;;2;;42;;0;;
236;N;ResidusCanneberge;1,915;2,279;0,364;;Belanger;10;;;2;;42;;0;;
237;N;ResidusCanneberge;1,911;2,276;0,362;;Belanger;10;;;2;;42;;0,003;;
238;N;ResidusCanneberge;1,894;2,257;0,364;;Belanger;10;;;2;;70;;-0,001;;
239;N;ResidusCanneberge;1,91;2,273;0,363;;Belanger;10;;;2;;70;;0;;
240;N;ResidusCanneberge;1,929;2,283;0,354;;Belanger;10;;;2;;70;;0;;
241;N;ResidusCanneberge;1,9;2,269;0,369;;Belanger;10;;;2;;70;;0;;
242;N;ResidusCanneberge;1,93;2,295;0,368;;Belanger;10;;;2;;70;;-0,003;;
243;N;ResidusCanneberge;1,915;2,281;0,366;;Belanger;10;;;2;;70;;0;;
244;N;ResidusCanneberge;1,897;2,26;0,363;;Belanger;10;;;2;;70;;0;;
245;N;ResidusCanneberge;1,929;2,287;0,358;;Belanger;10;;;2;;70;;0;;
246;N;ResidusCanneberge;1,889;2,249;0,36;;Belanger;10;;;2;;70;;0;;
247;N;ResidusCanneberge;1,931;2,298;0,366;;Belanger;10;;;2;;56;;0,001;;
248;N;ResidusCanneberge;1,922;2,283;0,361;;Belanger;10;;;2;;56;;0;;
249;N;ResidusCanneberge;1,918;2,276;0,358;;Belanger;10;;;2;;56;;0;;
250;N;ResidusCanneberge;1,898;2,262;0,363;;Belanger;10;;;2;;56;;0,001;;
251;N;ResidusCanneberge;1,928;2,287;0,359;;Belanger;10;;;2;;56;;0;;
252;N;ResidusCanneberge;1,882;2,243;0,36;;Belanger;10;;;2;;56;;0,001;;
253;N;ResidusCanneberge;1,906;2,265;0,359;;Belanger;10;;;2;;84;;0;;
254;N;ResidusCanneberge;1,938;2,303;0,364;;Belanger;10;;;2;;84;;0,001;;
255;N;ResidusCanneberge;1,868;2,236;0,368;;Belanger;10;;;2;;84;;0;;
256;N;ResidusCanneberge;1,884;2,248;0,364;;Belanger;10;;;2;;84;;0;;
257;N;ResidusCanneberge;1,92;2,282;0,362;;Belanger;10;;;2;;84;;0;;
258;N;ResidusCanneberge;1,905;2,27;0,365;;Belanger;10;;;2;;84;;0;;
259;N;ResidusCanneberge;1,887;2,251;0,364;;Belanger;10;;;2;;98;;0;;
260;N;ResidusCanneberge;1,892;2,258;0,368;;Belanger;10;;;2;;98;;-0,002;;
261;N;ResidusCanneberge;1,914;2,279;0,364;;Belanger;10;;;2;;98;;0,001;;
262;N;ResidusCanneberge;1,917;2,279;0,363;;Belanger;10;;;2;;98;;-0,001;;
263;N;ResidusCanneberge;1,915;2,271;0,356;;Belanger;10;;;2;;98;;0;;
264;N;ResidusCanneberge;1,928;2,298;0,368;;Belanger;10;;;2;;98;;0,002;;
265;N;ResidusCanneberge;1,92;2,289;0,369;;Belanger;10;;;2;;98;;0;;
266;N;ResidusCanneberge;1,937;2,299;0,361;;Belanger;10;;;2;;98;;0,001;;
267;N;ResidusCanneberge;1,922;2,287;0,364;;Belanger;10;;;2;;98;;0,001;;
268;N;ResidusCanneberge;1,903;2,272;0,368;;Belanger;10;;;3;;84;;0,001;;
269;N;ResidusCanneberge;1,925;2,286;0,36;;Belanger;10;;;3;;84;;0,001;;
270;N;ResidusCanneberge;1,932;2,291;0,359;;Belanger;10;;;3;;84;;0;;
271;N;ResidusCanneberge;1,894;2,26;0,364;;Belanger;10;;;3;;84;;0,002;;
272;N;ResidusCanneberge;1,887;2,248;0,361;;Belanger;10;;;3;;84;;0;;
273;N;ResidusCanneberge;1,931;2,291;0,36;;Belanger;10;;;3;;84;;0;;
274;N;ResidusCanneberge;1,9;2,259;0,359;;Belanger;10;;;3;;56;;0;;
275;N;ResidusCanneberge;1,894;2,253;0,36;;Belanger;10;;;3;;56;;-0,001;;
276;N;ResidusCanneberge;1,911;2,276;0,365;;Belanger;10;;;3;;56;;0;;
277;N;ResidusCanneberge;1,884;2,244;0,361;;Belanger;10;;;3;;56;;-0,001;;
278;N;ResidusCanneberge;1,882;2,249;0,367;;Belanger;10;;;3;;56;;0;;
279;N;ResidusCanneberge;1,938;2,292;0,355;;Belanger;10;;;3;;56;;-0,001;;
280;N;ResidusCanneberge;1,918;2,278;0,357;;Belanger;10;;;3;;28;;0,003;;
281;N;ResidusCanneberge;1,924;2,286;0,362;;Belanger;10;;;3;;28;;0;;
282;N;ResidusCanneberge;1,926;2,283;0,359;;Belanger;10;;;3;;28;;-0,002;;
283;N;ResidusCanneberge;1,937;2,292;0,356;;Belanger;10;;;3;;28;;-0,001;;
284;N;ResidusCanneberge;1,922;2,281;0,36;;Belanger;10;;;3;;28;;-0,001;;
285;N;ResidusCanneberge;1,908;2,27;0,363;;Belanger;10;;;3;;14;;-0,001;;
286;N;ResidusCanneberge;1,897;2,257;0,36;;Belanger;10;;;3;;14;;0;;
287;N;ResidusCanneberge;1,899;2,263;0,364;;Belanger;10;;;3;;14;;0;;
288;N;ResidusCanneberge;1,922;2,285;0,363;;Belanger;10;;;3;;14;;0;;
289;N;ResidusCanneberge;1,912;2,268;0,358;;Belanger;10;;;3;;14;;-0,002;;
290;N;ResidusCanneberge;1,924;2,282;0,357;;Belanger;10;;;3;;14;;0,001;;
291;N;ResidusCanneberge;1,931;2,295;0,364;;Belanger;10;;;3;;42;;0;;
292;N;ResidusCanneberge;1,91;2,267;0,356;;Belanger;10;;;3;;42;;0,001;;
293;N;ResidusCanneberge;1,888;2,251;0,363;;Belanger;10;;;3;;42;;0;;
294;N;ResidusCanneberge;1,934;2,293;0,358;;Belanger;10;;;3;;42;;0,001;;
295;N;ResidusCanneberge;1,901;2,264;0,362;;Belanger;10;;;3;;42;;0,001;;
296;N;ResidusCanneberge;1,9;2,26;0,36;;Belanger;10;;;3;;42;;0;;
297;N;ResidusCanneberge;1,883;2,249;0,365;;Belanger;10;;;3;;98;;0,001;;
298;N;ResidusCanneberge;1,912;2,273;0,361;;Belanger;10;;;3;;98;;0;;
299;N;ResidusCanneberge;1,91;2,266;0,356;;Belanger;10;;;3;;98;;0;;
300;N;ResidusCanneberge;1,883;2,244;0,361;;Belanger;10;;;3;;98;;0;;
301;N;ResidusCanneberge;1,91;2,273;0,363;;Belanger;10;;;3;;98;;0;;
302;N;ResidusCanneberge;1,905;2,27;0,365;;Belanger;10;;;3;;98;;0;;
303;N;ResidusCanneberge;1,915;2,276;0,36;;Belanger;10;;;3;;98;;0,001;;
304;N;ResidusCanneberge;1,886;2,255;0,365;;Belanger;10;;;3;;98;;0,004;;
305;N;ResidusCanneberge;1,909;2,27;0,362;;Belanger;10;;;3;;98;;-0,001;;
306;N;ResidusCanneberge;1,924;2,287;0,363;;Belanger;10;;;3;;98;;0;;
307;N;ResidusCanneberge;1,894;2,254;0,358;;Belanger;10;;;3;;98;;0,002;;
308;N;ResidusCanneberge;1,929;2,287;0,357;;Belanger;10;;;3;;98;;0,001;;
309;N;ResidusCanneberge;1,906;2,263;0,357;;Belanger;10;;;3;;98;;0;;
310;N;ResidusCanneberge;1,882;2,244;0,363;;Belanger;10;;;3;;70;;-0,001;;
311;N;ResidusCanneberge;1,899;2,262;0,365;;Belanger;10;;;3;;70;;-0,002;;
312;N;ResidusCanneberge;1,894;2,254;0,359;;Belanger;10;;;3;;70;;0,001;;
313;N;ResidusCanneberge;1,885;2,245;0,36;;Belanger;10;;;3;;70;;0;;
314;N;ResidusCanneberge;1,907;2,265;0,359;;Belanger;10;;;3;;70;;-0,001;;
315;N;ResidusCanneberge;1,929;2,289;0,361;;Belanger;10;;;3;;70;;-0,001;;
316;N;ResidusCanneberge;1,913;2,277;0,363;;Belanger;10;;;3;;70;;0,001;;
317;N;ResidusCanneberge;1,939;2,296;0,357;;Belanger;10;;;3;;70;;0;;
318;N;ResidusCanneberge;1,939;2,296;0,357;;Belanger;10;;;3;;70;;0;;
319;N;ResidusCanneberge;1,922;2,288;0,366;1,961;Fortier;9;N;0;1;;;;0;;
320;N;ResidusCanneberge;1,935;2,294;0,359;1,812;Fortier;9;N;0;1;;;;0;;
321;N;ResidusCanneberge;1,868;2,223;0,355;1,793;Fortier;9;N;0;1;;;;0;;
322;N;ResidusCanneberge;1,894;2,263;0,37;1,968;Fortier;9;N;0;2;;;;-0,001;;
323;N;ResidusCanneberge;1,897;2,257;0,359;2,086;Fortier;9;N;0;2;;;;0,001;;
324;N;ResidusCanneberge;1,9;2,262;0,363;1,491;Fortier;9;N;0;2;;;;-0,001;;
325;N;ResidusCanneberge;1,93;2,293;0,363;1,875;Fortier;9;N;15;1;;;;0;;
326;N;ResidusCanneberge;1,891;2,253;0,361;2,068;Fortier;9;N;15;1;;;;0,001;;
327;N;ResidusCanneberge;1,91;2,276;0,366;1,734;Fortier;9;N;15;1;;;;0;;
328;N;ResidusCanneberge;1,928;2,294;0,366;1,904;Fortier;9;N;15;2;;;;0;;
329;N;ResidusCanneberge;1,913;2,276;0,363;1,869;Fortier;9;N;15;2;;;;0;;
330;N;ResidusCanneberge;1,939;2,301;0,362;1,925;Fortier;9;N;15;2;;;;0;;
331;N;ResidusCanneberge;1,929;2,294;0,361;1,96;Fortier;9;N;30;1;;;;0,004;;
332;N;ResidusCanneberge;1,909;2,278;0,369;1,822;Fortier;9;N;30;1;;;;0;;
333;N;ResidusCanneberge;1,893;2,257;0,363;;Fortier;9;N;30;1;;;;0,001;;
334;N;ResidusCanneberge;1,91;2,271;0,361;1,819;Fortier;9;N;30;2;;;;0;;
335;N;ResidusCanneberge;1,912;2,278;0,366;;Fortier;9;N;30;2;;;;0;;
336;N;ResidusCanneberge;1,927;2,295;0,368;;Fortier;9;N;30;2;;;;0;;
337;N;ResidusCanneberge;1,935;2,297;0,361;1,731;Fortier;9;N;45;1;;;;0,001;;
338;N;ResidusCanneberge;1,924;2,284;0,362;1,874;Fortier;9;N;45;1;;;;-0,002;;
339;N;ResidusCanneberge;1,937;2,301;0,364;1,884;Fortier;9;N;45;1;;;;0;;
340;N;ResidusCanneberge;1,899;2,261;0,361;1,866;Fortier;9;N;45;2;;;;0,001;;
341;N;ResidusCanneberge;1,904;2,268;0,362;1,893;Fortier;9;N;45;2;;;;0,002;;
342;N;ResidusCanneberge;1,885;2,252;0,365;;Fortier;9;N;45;2;;;;0,002;;
343;N;ResidusCanneberge;1,917;2,286;0,368;1,83;Fortier;9;N;60;1;;;;0,001;;
344;N;ResidusCanneberge;1,886;2,25;0,365;;Fortier;9;N;60;1;;;;-0,001;;
345;N;ResidusCanneberge;1,885;2,25;0,364;1,815;Fortier;9;N;60;1;;;;0,001;;
346;N;ResidusCanneberge;1,936;2,3;0,363;;Fortier;9;N;60;2;;;;0,001;;
347;N;ResidusCanneberge;1,911;2,274;0,363;1,898;Fortier;9;N;60;2;;;;0;;
348;N;ResidusCanneberge;1,927;2,288;0,363;1,628;Fortier;9;N;60;2;;;;-0,002;;
451;N;ResidusCanneberge;1,926;2,283;0,356;1,861;Fortier;45;N;0;1;;;;0,001;;
452;N;ResidusCanneberge;1,916;2,28;0,363;1,863;Fortier;45;N;0;1;;;;0,001;;
453;N;ResidusCanneberge;1,931;2,298;0,365;1,548;Fortier;45;N;0;1;;;;0,002;;
454;N;ResidusCanneberge;1,932;2,297;0,363;1,926;Fortier;45;N;0;2;;;;0,002;;
455;N;ResidusCanneberge;1,906;2,279;0,373;1,8;Fortier;45;N;0;2;;;;0;;
456;N;ResidusCanneberge;1,893;2,252;0,359;1,793;Fortier;45;N;0;2;;;;0;;
457;N;ResidusCanneberge;1,925;2,3;0,373;1,883;Fortier;45;N;15;1;;;;0,002;;
458;N;ResidusCanneberge;1,895;2,258;0,362;1,827;Fortier;45;N;15;1;;;;0,001;;
459;N;ResidusCanneberge;1,929;2,293;0,362;1,858;Fortier;45;N;15;1;;;;0,002;;
460;N;ResidusCanneberge;1,919;2,283;0,362;1,833;Fortier;45;N;15;2;;;;0,002;;
461;N;ResidusCanneberge;1,923;2,287;0,366;1,841;Fortier;45;N;15;2;;;;-0,002;;
462;N;ResidusCanneberge;1,924;2,286;0,365;1,856;Fortier;45;N;15;2;;;;-0,003;;
463;N;ResidusCanneberge;1,891;2,252;0,36;1,815;Fortier;45;N;30;1;;;;0,001;;
464;N;ResidusCanneberge;1,922;2,293;0,37;2,131;Fortier;45;N;30;1;;;;0,001;;
465;N;ResidusCanneberge;1,905;2,27;0,363;1,798;Fortier;45;N;30;1;;;;0,002;;
466;N;ResidusCanneberge;1,918;2,287;0,369;1,791;Fortier;45;N;30;2;;;;0;;
467;N;ResidusCanneberge;1,886;2,251;0,366;2,091;Fortier;45;N;30;2;;;;-0,001;;
468;N;ResidusCanneberge;1,889;2,256;0,367;1,837;Fortier;45;N;30;2;;;;0;;
469;N;ResidusCanneberge;1,927;2,29;0,361;1,808;Fortier;45;N;45;1;;;;0,002;;
470;N;ResidusCanneberge;1,919;2,289;0,371;1,911;Fortier;45;N;45;1;;;;-0,001;;
471;N;ResidusCanneberge;1,885;2,252;0,367;1,984;Fortier;45;N;45;1;;;;0;;
472;N;ResidusCanneberge;1,882;2,242;0,359;1,811;Fortier;45;N;45;2;;;;0,001;;
473;N;ResidusCanneberge;1,916;2,279;0,363;1,85;Fortier;45;N;45;2;;;;0;;
474;N;ResidusCanneberge;1,886;2,252;0,361;1,7;Fortier;45;N;45;2;;;;0,005;;
475;N;ResidusCanneberge;1,895;2,257;0,362;1,841;Fortier;45;N;60;1;;;;0;;
476;N;ResidusCanneberge;1,907;2,271;0,362;1,88;Fortier;45;N;60;1;;;;0,002;;
477;N;ResidusCanneberge;1,918;2,277;0,359;1,952;Fortier;45;N;60;1;;;;0;;
478;N;ResidusCanneberge;1,9;2,261;0,36;1,864;Fortier;45;N;60;2;;;;0,001;;
479;N;ResidusCanneberge;1,928;2,293;0,365;1,902;Fortier;45;N;60;2;;;;0;;
480;N;ResidusCanneberge;1,903;2,267;0,364;1,22;Fortier;45;N;60;2;;;;0;;
481;N;ResidusCanneberge;1,899;2,262;0,362;;Fortier;9;P7;;1;;14;;0,001;;
658;N;ResidusCanneberge;1,89;2,254;0,365;1,826;Fortier;45;Site01;;;a;;;-0,001;;
659;N;ResidusCanneberge;1,904;2,271;0,366;1,849;Fortier;45;Site01;;;b;;;0,001;;
660;N;ResidusCanneberge;1,906;2,27;0,364;1,829;Fortier;45;Site01;;;c;;;0;;
661;N;ResidusCanneberge;1,924;2,29;0,366;1,77;Fortier;45;Site01;;;d;;;0;;
662;N;ResidusCanneberge;1,926;2,291;0,365;1,81;Fortier;45;Site01;;;e;;;0;;
663;N;ResidusCanneberge;1,903;2,263;0,361;;Fortier;45;Site01;;;f;;;-0,001;;
664;N;ResidusCanneberge;1,909;2,274;0,364;1,859;Fortier;45;Site02;;;a;;;0,001;;
665;N;ResidusCanneberge;1,883;2,249;0,366;;Fortier;45;Site02;;;b;;;0;;
666;N;ResidusCanneberge;1,925;2,29;0,364;;Fortier;45;Site02;;;c;;;0,001;;
667;N;ResidusCanneberge;1,908;2,267;0,36;1,845;Fortier;45;Site02;;;d;;;-0,001;;
668;N;ResidusCanneberge;1,929;2,29;0,36;1,812;Fortier;45;Site02;;;e;;;0,001;;
669;N;ResidusCanneberge;1,915;2,279;0,364;1,853;Fortier;45;Site02;;;f;;;0;;
670;N;ResidusCanneberge;1,939;2,307;0,367;2,38;Fortier;45;Site03;;;a;;;0,001;;
671;N;ResidusCanneberge;1,904;2,274;0,37;2,351;Fortier;45;Site03;;;b;;;0;;
672;N;ResidusCanneberge;1,934;2,296;0,361;;Fortier;45;Site03;;;c;;;0,001;;
673;N;ResidusCanneberge;1,891;2,255;0,363;;Fortier;45;Site03;;;d;;;0,001;;
674;N;ResidusCanneberge;1,925;2,29;0,365;1,945;Fortier;45;Site03;;;e;;;0;;
675;N;ResidusCanneberge;1,928;2,287;0,359;1,912;Fortier;45;Site03;;;f;;;0;;
676;N;ResidusCanneberge;1,9;2,268;0,368;1,901;Fortier;45;Site04;;;a;;;0;;
677;N;ResidusCanneberge;1,913;2,272;0,361;;Fortier;45;Site04;;;b;;;-0,002;;
678;N;ResidusCanneberge;1,934;2,304;0,368;1,868;Fortier;45;Site04;;;c;;;0,002;;
679;N;ResidusCanneberge;1,937;2,303;0,364;1,891;Fortier;45;Site04;;;d;;;0,002;;
680;N;ResidusCanneberge;1,896;2,26;0,364;2,136;Fortier;45;Site04;;;e;;;0;;
681;N;ResidusCanneberge;1,933;2,297;0,363;1,902;Fortier;45;Site04;;;f;;;0,001;;
682;N;ResidusCanneberge;1,934;2,299;0,364;1,947;Fortier;45;Site05;;;a;;;0,001;;
683;N;ResidusCanneberge;1,911;2,275;0,364;;Fortier;45;Site05;;;b;;;0;;
684;N;ResidusCanneberge;1,938;2,303;0,365;1,915;Fortier;45;Site05;;;c;;;0;;
685;N;ResidusCanneberge;1,909;2,273;0,369;;Fortier;45;Site05;;;d;;;-0,005;;
686;N;ResidusCanneberge;1,892;2,263;0,368;1,858;Fortier;45;Site05;;;e;;;0,003;;
687;N;ResidusCanneberge;1,934;2,309;0,376;1,914;Fortier;45;Site05;;;f;;;-0,001;;
715;N;ResidusCanneberge;1,894;2,256;0,36;1,835;Fortier;45;P;30;2;a;;;0,002;;
716;N;ResidusCanneberge;1,896;2,26;0,363;1,844;Fortier;45;P;30;2;b;;;0,001;;
717;N;ResidusCanneberge;1,912;2,239;0,327;1,647;Fortier;45;P;15;2;a;;;0;;
718;N;ResidusCanneberge;1,883;2,246;0,363;1,878;Fortier;45;P;15;2;b;;;0;;
719;N;ResidusCanneberge;1,918;2,279;0,36;1,842;Fortier;45;P;0;2;a;;;0,001;;
720;N;ResidusCanneberge;1,891;2,256;0,363;1,858;Fortier;45;P;0;2;b;;;0,002;;
721;N;ResidusCanneberge;1,905;2,257;0,352;1,868;Fortier;9;N-SCU;30;2;a;;;0;;
722;N;ResidusCanneberge;1,916;2,285;0,367;1,937;Fortier;9;N-SCU;30;2;b;;;0,002;;
723;N;ResidusCanneberge;1,933;2,305;0,367;2,088;Fortier;9;N-SCU;45;2;a;;;0,005;;
724;N;ResidusCanneberge;1,917;2,277;0,36;1,896;Fortier;9;N-SCU;45;2;b;;;0;;
725;N;ResidusCanneberge;1,908;2,267;0,358;;Fortier;9;N-SCU;60;2;a;;;0,001;;
726;N;ResidusCanneberge;1,935;2,306;0,368;1,903;Fortier;9;N-SCU;60;2;b;;;0,003;;
727;N;ResidusCanneberge;1,931;2,303;0,368;1,887;Belanger;10;N-611;45;2;a;;;0,004;;
728;N;ResidusCanneberge;1,905;2,272;0,368;1,837;Belanger;10;N-611;45;2;b;;;-0,001;;
729;N;ResidusCanneberge;1,911;2,272;0,362;1,839;Belanger;10;N-611;60;2;a;;;-0,001;;
730;N;ResidusCanneberge;1,899;2,258;0,359;1,829;Belanger;10;N-611;60;2;b;;;0;;
731;N;ResidusCanneberge;1,897;2,264;0,367;1,757;Belanger;10;N-611;30;;;;;0;;
732;N;ResidusCanneberge;1,919;2,283;0,365;1,889;Belanger;10;N-611;30;;;;;-0,001;;
778;N;ResidusCanneberge;1,884;2,24;0,357;1,802;Belanger;10;N;0;;;;;-0,001;;
779;N;ResidusCanneberge;1,921;2,287;0,365;1,829;Belanger;10;N;0;;;;;0,001;;
780;N;ResidusCanneberge;1,929;2,296;0,369;1,828;Belanger;10;N;0;;;;;-0,002;;
781;N;ResidusCanneberge;1,885;2,237;0,353;1,835;Belanger;10;N;0;;;;;-0,001;;
782;N;ResidusCanneberge;1,927;2,289;0,362;1,803;Belanger;10;N;0;;;;;0;;
783;N;ResidusCanneberge;1,934;2,299;0,365;;Belanger;10;N;0;;;;;0;;
784;N;ResidusCanneberge;1,925;2,286;0,359;1,842;Belanger;10;N;15;;;;;0,002;;
785;N;ResidusCanneberge;1,909;2,273;0,364;1,786;Belanger;10;N;15;;;;;0;;
786;N;ResidusCanneberge;1,919;2,285;0,366;1,851;Belanger;10;N;15;;;;;0;;
787;N;ResidusCanneberge;1,881;2,241;0,359;1,825;Belanger;10;N;15;;;;;0,001;;
788;N;ResidusCanneberge;1,905;2,274;0,368;1,825;Belanger;10;N;15;;;;;0,001;;
789;N;ResidusCanneberge;1,913;2,276;0,363;1,826;Belanger;10;N;15;;;;;0;;
790;N;ResidusCanneberge;1,897;2,254;0,357;1,817;Belanger;10;N;30;;;;;0;;
791;N;ResidusCanneberge;1,902;2,262;0,359;1,814;Belanger;10;N;30;;;;;0,001;;
792;N;ResidusCanneberge;1,885;2,245;0,358;1,812;Belanger;10;N;30;;;;;0,002;;
793;N;ResidusCanneberge;1,919;2,287;0,368;1,813;Belanger;10;N;30;;;;;0;;
794;N;ResidusCanneberge;1,893;2,258;0,366;1,83;Belanger;10;N;30;;;;;-0,001;;
795;N;ResidusCanneberge;1,908;2,275;0,366;1,838;Belanger;10;N;30;;;;;0,001;;
796;N;ResidusCanneberge;1,905;2,269;0,364;1,865;Belanger;10;N;45;;;;;0;;
797;N;ResidusCanneberge;1,898;2,258;0,36;1,826;Belanger;10;N;45;;;;;0;;
798;N;ResidusCanneberge;1,897;2,258;0,361;1,821;Belanger;10;N;45;;;;;0;;
799;N;ResidusCanneberge;1,912;2,271;0,359;1,855;Belanger;10;N;45;;;;;0;;
800;N;ResidusCanneberge;1,881;2,249;0,368;1,821;Belanger;10;N;45;;;;;0;;
801;N;ResidusCanneberge;1,914;2,282;0,368;1,858;Belanger;10;N;45;;;;;0;;
802;N;ResidusCanneberge;1,892;2,254;0,362;1,828;Belanger;10;N;60;;;;;0;;
803;N;ResidusCanneberge;1,922;2,287;0,363;1,859;Belanger;10;N;60;;;;;0,002;;
804;N;ResidusCanneberge;1,914;2,28;0,366;1,859;Belanger;10;N;60;;;;;0;;
805;N;ResidusCanneberge;1,93;2,291;0,361;1,889;Belanger;10;N;60;;;;;0;;
806;N;ResidusCanneberge;1,938;2,3;0,362;1,873;Belanger;10;N;60;;;;;0;;
807;N;ResidusCanneberge;1,923;2,291;0,368;1,841;Belanger;10;N;60;;;;;0;;
1;C;ControleSencha;1,739;2,105;0,365;1,007;Belanger;A9;N-611;60;2;;;;0,001;;
2;C;ControleSencha;1,669;2,037;0,368;0,475;Belanger;A9;N-611;45;2;;;;0;;
3;C;ControleSencha;1,72;2,082;0,362;0,537;Belanger;A9;N-611;30;2;;;;0;;
4;C;ControleSencha;1,784;2,145;0,361;0,496;Belanger;A9;N;0;;;;;0;;
5;C;ControleSencha;1,859;2,222;0,363;0,777;Belanger;A9;N;30;;;;;0;;
6;C;ControleSencha;1,772;2,144;0,37;0,495;Belanger;A9;N;60;;;;;0,002;;
7;C;ControleSencha;1,743;2,105;0,363;0,552;Belanger;A9;N;45;;;;;-0,001;;
8;C;ControleSencha;1,808;2,175;0,367;0,546;Belanger;A9;N;15;;;;;0;;
47;C;ControleSencha;1,916;2,278;0,362;;;;;;;;;;0;;
52;C;ControleSencha;1,864;2,225;0,362;0,453;Belanger;A9;Site08;;;a;;;-0,001;;
53;C;ControleSencha;1,857;2,222;0,365;0,459;Belanger;A9;Site08;;;b;;;0;;
54;C;ControleSencha;1,807;2,172;0,364;0,492;Belanger;A9;Site08;;;f;;;0,001;;
55;C;ControleSencha;1,824;2,19;0,366;0,46;Belanger;A9;Site10;;;a;;;0;;
56;C;ControleSencha;1,865;2,229;0,363;0,471;Belanger;A9;Site10;;;b;;;0,001;;
57;C;ControleSencha;1,882;2,244;0,363;;Belanger;A9;Site10;;;f;;;-0,001;;
58;C;ControleSencha;1,738;2,1;0,361;0,55;Belanger;A9;Site07;;;a;;;0,001;;
59;C;ControleSencha;1,812;2,17;0,357;0,455;Belanger;A9;Site07;;;f;;Ici probablement erreur ce serait b;0,001;;
60;C;ControleSencha;1,727;2,095;0,368;;Belanger;A9;Site07;;;;;Ici probablement erreur ce serait f;0;;
61;C;ControleSencha;1,731;2,091;0,358;0,464;Belanger;A9;Site06;;;a;;;0,002;;
62;C;ControleSencha;1,808;2,177;0,369;;Belanger;A9;Site06;;;f;;Ici probablement erreur ce serait b;0;;
63;C;ControleSencha;1,694;2,063;0,369;;Belanger;A9;Site06;;;;;Ici probablement erreur ce serait f;0;;
64;C;ControleSencha;1,793;2,157;0,363;;Belanger;A9;Site09;;;a;;;0,001;;
65;C;ControleSencha;1,821;2,188;0,366;0,53;Belanger;A9;Site09;;;b;;;0,001;;
66;C;ControleSencha;1,754;2,118;0,363;;Belanger;A9;Site09;;;f;;;0,001;;
95;C;ControleSencha;1,754;2,12;0,366;;Fortier;9;N;0;;;;;0;;
95;C;ControleSencha;1,724;2,082;0,358;0,491;Fortier;9;N;0;;;;2e;0;;
96;C;ControleSencha;1,732;2,093;0,362;0,504;Fortier;9;N;15;;;;;-0,001;;
96;C;ControleSencha;1,778;2,135;0,357;0,557;Fortier;9;N;15;;;;2e peut-ˆtre N0;0;;
97;C;ControleSencha;1,72;2,083;0,362;0,501;Fortier;9;N;30;;;;;0,001;;
98;C;ControleSencha;1,827;2,194;0,366;;Fortier;9;N;45;;;;;0,001;;
99;C;ControleSencha;1,803;2,173;0,37;0,484;Fortier;9;N;60;;;;;0;;
128;C;ControleSencha;1,851;2,216;0,364;0,532;Fortier;45;N;0;;;;;0,001;;
129;C;ControleSencha;1,805;2,164;0,359;0,484;Fortier;45;N;0;;;;;0;;
130;C;ControleSencha;1,741;2,105;0,365;0,578;Fortier;45;N;15;;;;;-0,001;;
131;C;ControleSencha;1,814;2,177;0,363;0,582;Fortier;45;N;15;;;;;0;;
132;C;ControleSencha;1,806;2,17;0,363;0,547;Fortier;45;N;30;;;;;0,001;;
133;C;ControleSencha;1,728;2,094;0,366;0,566;Fortier;45;N;30;;;;;0;;
134;C;ControleSencha;1,77;2,135;0,365;0,594;Fortier;45;N;45;;;;;0;;
135;C;ControleSencha;1,77;2,135;0,366;0,596;Fortier;45;N;45;;;;;-0,001;;
136;C;ControleSencha;1,844;2,2;0,356;0,717;Fortier;45;N;60;;;;;0;;
137;C;ControleSencha;1,825;2,19;0,365;1,216;Fortier;45;N;60;;;;;0;;
194;C;ControleSencha;1,89;2,256;0,365;0,671;Fortier;45;P;30;2;a;;;0,001;;
195;C;ControleSencha;1,883;2,242;0,358;;Fortier;45;P;15;2;a;;;0,001;;
196;C;ControleSencha;1,816;2,185;0,369;0,601;Fortier;45;P;0;2;a;;;0;;
197;C;ControleSencha;1,784;2,152;0,368;0,548;Fortier;9;N-SCU;30;2;a;;;0;;
198;C;ControleSencha;1,807;2,179;0,372;0,562;Fortier;9;N-SCU;45;2;a;;;0;;
199;C;ControleSencha;1,788;2,151;0,363;0,562;Fortier;9;N-SCU;60;2;a;;;0;;
200;C;ControleSencha;1,755;2,122;0,366;;Belanger;10;N-611;45;2;a;;;0,001;;
201;C;ControleSencha;1,764;2,13;0,366;0,504;Belanger;10;N-611;60;2;a;;;0;;
202;C;ControleSencha;1,803;2,171;0,368;;Belanger;10;N-611;30;2;a;;;0;;
217;C;ControleSencha;1,774;2,136;0,362;0,412;Belanger;10;N;0;;;;;0;;
218;C;ControleSencha;1,752;2,111;0,359;0,382;Belanger;10;N;0;;;;;0;;
219;C;ControleSencha;1,799;2,16;0,362;;Belanger;10;N;15;;;;;-0,001;;
220;C;ControleSencha;1,881;2,247;0,366;;Belanger;10;N;15;;;;;0;;
221;C;ControleSencha;1,811;2,169;0,358;0,464;Belanger;10;N;15;;;;;0;;
222;C;ControleSencha;1,788;2,159;0,371;0,563;Fortier;45;Site1;;;;;;0;;
223;C;ControleSencha;1,772;2,136;0,363;0,591;Fortier;45;Site1;;;;;;0,001;;
224;C;ControleSencha;1,829;2,195;0,365;0,671;Fortier;45;Site2;;;;;;0,001;;
225;C;ControleSencha;1,716;2,073;0,357;0,525;Fortier;45;Site2;;;;;;0;;
226;C;ControleSencha;1,875;2,239;0,364;1,109;Fortier;9;Site3;;;;;;0;;
227;C;ControleSencha;1,791;2,159;0,369;0,629;Fortier;9;Site3;;;;;;-0,001;;
228;C;ControleSencha;1,69;2,054;0,364;0,632;Fortier;9;Site4;;;;;;0;;
229;C;ControleSencha;1,857;2,223;0,366;0,572;Fortier;9;Site4;;;;;;0;;
230;C;ControleSencha;1,8;2,164;0,365;0,408;Belanger;10;Site5;;;;;;-0,001;;
231;C;ControleSencha;;2,018;;;;;;;;;;;2,018;;
232;C;ControleSencha;;2,101;;;;;;;;;;;2,101;;
233;C;ControleSencha;;1,95;;;;;;;;;;;1,95;;
234;C;ControleSencha;;2;;;;;;;;;;;2;;
235;C;ControleSencha;;1,94;;;;;;;;;;;1,94;;
236;C;ControleSencha;;2,104;;;;;;;;;;;2,104;;
237;C;ControleSencha;;2,04;;;;;;;;;;;2,04;;
238;C;ControleSencha;;1,997;;;;;;;;;;;1,997;;
239;C;ControleSencha;;1,984;;;;;;;;;;;1,984;;
240;C;ControleSencha;;1,998;;;;;;;;;;;1,998;;
241;C;ControleSencha;;1,907;;;;;;;;;;;1,907;;
242;C;ControleSencha;;1,929;;;;;;;;;;;1,929;;
243;C;ControleSencha;;2,006;;;;;;;;;;;2,006;;
244;C;ControleSencha;;1,98;;;;;;;;;;;1,98;;
245;C;ControleSencha;;2,019;;;;;;;;;;;2,019;;
246;C;ControleSencha;;2,184;;;;;;;;;;;2,184;;
247;C;ControleSencha;;2,135;;;;;;;;;;;2,135;;
248;C;ControleSencha;;2,068;;;;;;;;;;;2,068;;
249;C;ControleSencha;;2,039;;;;;;;;;;;2,039;;
250;C;ControleSencha;;2,053;;;;;;;;;;;2,053;;
251;C;ControleSencha;;2,131;;;;;;;;;;;2,131;;
252;C;ControleSencha;;2,137;;;;;;;;;;;2,137;;
253;C;ControleSencha;;1,991;;;;;;;;;;;1,991;;
254;C;ControleSencha;;2,022;;;;;;;;;;;2,022;;
255;C;ControleSencha;;1,999;;;;;;;;;;;1,999;;
256;C;ControleSencha;;2,071;;;;;;;;;;;2,071;;
257;C;ControleSencha;;2,082;;;;;;;;;;;2,082;;
258;C;ControleSencha;;2,088;;;;;;;;;;;2,088;;
259;C;ControleSencha;;2,037;;;;;;;;;;;2,037;;
260;C;ControleSencha;;2,16;;;;;;;;;;;2,16;;
261;C;ControleSencha;;2,152;;;;;;;;;;;2,152;;
262;C;ControleSencha;;2,085;;;;;;;;;;;2,085;;
263;C;ControleSencha;;2,031;;;;;;;;;;;2,031;;
264;C;ControleSencha;;2,091;;;;;;;;;;;2,091;;
265;C;ControleSencha;;2,088;;;;;;;;;;;2,088;;
266;C;ControleSencha;;2,114;;;;;;;;;;;2,114;;
267;C;ControleSencha;;2,101;;;;;;;;;;;2,101;;
268;C;ControleSencha;;2,053;;;;;;;;;;;2,053;;
269;C;ControleSencha;;2,089;;;;;;;;;;;2,089;;
270;C;ControleSencha;;2,099;;;;;;;;;;;2,099;;
271;C;ControleSencha;;1,978;;;;;;;;;;;1,978;;
272;C;ControleSencha;;2,093;;;;;;;;;;;2,093;;
301;C;ControleSencha;1,878;2,241;0,363;0,547;Belanger;10;N;30;;;;;0;;
302;C;ControleSencha;1,675;2,03;0,355;0,516;Belanger;10;N;30;;;;;0;;
303;C;ControleSencha;1,713;2,075;0,362;0,455;Belanger;10;N;45;;;;;0;;
304;C;ControleSencha;1,774;2,14;0,36;0,437;Belanger;10;N;45;;;;;0,006;;
305;C;ControleSencha;1,794;2,155;0,361;0,466;Belanger;10;N;60;;;;;0;;
306;C;ControleSencha;1,784;2,143;0,357;0,456;Belanger;10;N;60;;;;;0,002;;
307;C;ControleSencha;1,686;2,044;0,358;;Belanger;A9;N;0;;;;;0;;
308;C;ControleSencha;1,758;2,114;0,356;0,478;Belanger;A9;N;15;;;;;0;;
309;C;ControleSencha;1,728;2,081;0,353;0,548;Belanger;A9;N;30;;;;;0;;
310;C;ControleSencha;1,712;2,069;0,355;;Belanger;A9;N;45;;;;;0,002;;
311;C;ControleSencha;1,697;2,057;0,36;;Belanger;A9;N;60;;;;;0;;
312;C;ControleSencha;1,658;2,017;0,359;0,447;Fortier;9;N;0;;;;;0;;
313;C;ControleSencha;1,748;2,1;0,352;0,685;Fortier;9;N;15;;;;;0;;
314;C;ControleSencha;1,654;2,014;0,359;0,449;Fortier;9;N;30;;;;;0,001;;
315;C;ControleSencha;1,746;2,104;0,359;0,514;Fortier;9;N;45;;;;;-0,001;;
316;C;ControleSencha;1,707;2,066;0,359;;Fortier;9;N;60;;;;;0;;
1;H;ControleHibiscus;1,992;2,35;0,357;1,41;Belanger;A9;N-611;60;2;a;;;0,001;;
2;H;ControleHibiscus;2,001;2,366;0,364;1,327;Belanger;A9;N-611;45;2;a;;;0,001;;
3;H;ControleHibiscus;1,993;2,353;0,359;1,421;Belanger;A9;N-611;30;2;a;;;0,001;;
4;H;ControleHibiscus;2,007;2,371;0,364;1,53;Belanger;A9;N;0;;;;;0;;
5;H;ControleHibiscus;1,96;2,323;0,363;1,425;Belanger;A9;N;30;;;;;0;;
6;H;ControleHibiscus;1,994;2,356;0,362;1,475;Belanger;A9;N;60;;;;;0;;
7;H;ControleHibiscus;1,996;2,355;0,359;1,453;Belanger;A9;N;45;;;;;0;;
8;H;ControleHibiscus;2,015;2,38;0,364;1,431;Belanger;A9;N;15;;;;;0,001;;
52;H;ControleHibiscus;1,975;2,339;0,364;;Belanger;A9;Site08;;;a;;;0;;
53;H;ControleHibiscus;1,946;2,309;0,364;;Belanger;A9;Site08;;;b;;;-0,001;;
54;H;ControleHibiscus;1,939;2,3;0,361;1,514;Belanger;A9;Site08;;;f;;;0;;
55;H;ControleHibiscus;1,912;2,273;0,361;1,281;Belanger;A9;Site10;;;a;;;0;;
56;H;ControleHibiscus;1,947;2,308;0,361;;Belanger;A9;Site10;;;b;;;0;;
57;H;ControleHibiscus;1,98;2,341;0,361;1,46;Belanger;A9;Site10;;;f;;;0;;
58;H;ControleHibiscus;1,968;2,323;0,356;1,492;Belanger;10;Site07;;;a;;;-0,001;;
59;H;ControleHibiscus;2,025;2,384;0,359;1,479;Belanger;10;Site07;;;b;;;0;;
60;H;ControleHibiscus;1,955;2,323;0,368;;Belanger;10;Site07;;;f;;;0;;
61;H;ControleHibiscus;1,945;2,308;0,363;1,321;Belanger;10;Site06;;;a;;;0;;
62;H;ControleHibiscus;1,97;2,334;0,364;1,453;Belanger;10;Site06;;;f;;Ici probablement erreur ce serait b;0;;
63;H;ControleHibiscus;1,954;2,319;0,364;;Belanger;10;Site06;;;;;Ici probablement erreur ce serait f;0,001;;
64;H;ControleHibiscus;1,995;2,365;0,369;1,405;Belanger;A9;Site09;;;a;;;0,001;;
65;H;ControleHibiscus;1,976;2,336;0,361;1,653;Belanger;A9;Site09;;;b;;;-0,001;;
66;H;ControleHibiscus;1,943;2,305;0,362;1,309;Belanger;A9;Site09;;;f;;;0;;
95;H;ControleHibiscus;2,033;2,391;0,358;1,344;Fortier;9;N;0;;;;;0;;
96;H;ControleHibiscus;2,048;2,415;0,367;1,294;Fortier;9;N;15;;;;;0;;
97;H;ControleHibiscus;1,925;2,287;0,363;1,191;Fortier;9;N;30;;;;;-0,001;;
98;H;ControleHibiscus;1,961;2,323;0,362;1,338;Fortier;9;N;45;;;;;0;;
99;H;ControleHibiscus;1,928;2,291;0,363;1,256;Fortier;9;N;60;;;;;0;;
128;H;ControleHibiscus;1,956;2,318;0,362;1,318;Fortier;45;N;0;;;;;0;;
129;H;ControleHibiscus;1,909;2,271;0,362;1,118;Fortier;45;N;0;;;;;0;;
130;H;ControleHibiscus;1,913;2,276;0,362;1,189;Fortier;45;N;15;;;;;0,001;;
131;H;ControleHibiscus;1,939;2,308;0,369;1,187;Fortier;45;N;15;;;;;0;;
132;H;ControleHibiscus;2,007;2,367;0,36;1,209;Fortier;45;N;30;;;;;0;;
133;H;ControleHibiscus;1,971;2,333;0,362;1,119;Fortier;45;N;30;;;;;0;;
134;H;ControleHibiscus;2,023;2,384;0,361;1,34;Fortier;45;N;45;;;;;0;;
135;H;ControleHibiscus;1,983;2,35;0,366;1,306;Fortier;45;N;45;;;;;0,001;;
136;H;ControleHibiscus;2,019;2,382;0,364;1,375;Fortier;45;N;60;;;;;-0,001;;
137;H;ControleHibiscus;1,952;2,32;0,368;;Fortier;45;N;60;;;;;0;;
194;H;ControleHibiscus;2,012;2,375;0,362;1,408;Fortier;45;P;30;2;;;;0,001;;
195;H;ControleHibiscus;1,935;2,299;0,364;1,321;Fortier;45;P;15;2;;;;0;;
196;H;ControleHibiscus;1,967;2,324;0,356;1,226;Fortier;45;P;0;2;;;;0,001;;
197;H;ControleHibiscus;1,996;2,353;0,357;1,422;Fortier;9;N-SCU;30;2;;;;0;;
198;H;ControleHibiscus;1,891;2,249;0,357;;Fortier;9;N-SCU;45;2;;;;0,001;;
199;H;ControleHibiscus;1,968;2,33;0,362;1,169;Fortier;9;N-SCU;60;2;;;;0;;
200;H;ControleHibiscus;1,972;2,33;0,358;1,394;Belanger;10;N-611;45;2;;;;0;;
201;H;ControleHibiscus;1,984;2,344;0,359;1,513;Belanger;10;N-611;60;2;;;;0,001;;
202;H;ControleHibiscus;1,954;2,315;0,362;;Belanger;10;N-611;30;2;;;;-0,001;;
210;H;ControleHibiscus;1,954;2,315;0,36;1,413;Fortier;45;Site02;;2;a;;;0,001;;
217;H;ControleHibiscus;1,973;2,329;0,356;;Belanger;10;N;0;;;;;0;;
218;H;ControleHibiscus;1,934;2,295;0,36;1,37;Belanger;10;N;0;;;;;0,001;;
219;H;ControleHibiscus;1,969;2,331;0,362;;Belanger;10;N;15;;;;;0;;
220;H;ControleHibiscus;1,943;2,304;0,361;1,337;Belanger;10;N;15;;;;;0;;
221;H;ControleHibiscus;2,006;2,363;0,356;1,593;Belanger;10;Site05;;2;a;;;0,001;;
222;H;ControleHibiscus;1,999;2,365;0,366;1,476;Fortier;45;Site01;;1;a;;;0;;
223;H;ControleHibiscus;1,97;2,337;0,367;1,318;Fortier;45;Site01;;2;a;;;0;;
224;H;ControleHibiscus;1,949;2,316;0,367;1,333;Fortier;45;Site02;;1;a;;;0;;
225;H;ControleHibiscus;;;;;;;;;;;;;0;;
226;H;ControleHibiscus;1,95;2,313;0,362;1,786;Fortier;9;Site03;;1;a;;;0,001;;
227;H;ControleHibiscus;1,973;2,329;0,356;;Fortier;9;Site03;;2;a;;;0;;
228;H;ControleHibiscus;1,991;2,35;0,359;;Fortier;9;Site04;;1;a;;;0;;
229;H;ControleHibiscus;1,97;2,326;0,356;1,364;Fortier;9;Site04;;2;a;;;0;;
230;H;ControleHibiscus;1,968;2,326;0,358;1,392;Belanger;10;Site05;;1;a;;;0;;
231;H;ControleHibiscus;;2,272;;;;;;;;;;;2,272;;
232;H;ControleHibiscus;;2,262;;;;;;;;;;;2,262;;
233;H;ControleHibiscus;;2,223;;;;;;;;;;;2,223;;
234;H;ControleHibiscus;;2,154;;;;;;;;;;;2,154;;
235;H;ControleHibiscus;;2,254;;;;;;;;;;;2,254;;
236;H;ControleHibiscus;;2,298;;;;;;;;;;;2,298;;
237;H;ControleHibiscus;;2,193;;;;;;;;;;;2,193;;
238;H;ControleHibiscus;;2,234;;;;;;;;;;;2,234;;
239;H;ControleHibiscus;;2,264;;;;;;;;;;;2,264;;
240;H;ControleHibiscus;;2,246;;;;;;;;;;;2,246;;
241;H;ControleHibiscus;;2,231;;;;;;;;;;;2,231;;
242;H;ControleHibiscus;;2,185;;;;;;;;;;;2,185;;
243;H;ControleHibiscus;;2,211;;;;;;;;;;;2,211;;
244;H;ControleHibiscus;;2,25;;;;;;;;;;;2,25;;
245;H;ControleHibiscus;;2,287;;;;;;;;;;;2,287;;
246;H;ControleHibiscus;;2,221;;;;;;;;;;;2,221;;
247;H;ControleHibiscus;;2,269;;;;;;;;;;;2,269;;
248;H;ControleHibiscus;;2,294;;;;;;;;;;;2,294;;
249;H;ControleHibiscus;;2,238;;;;;;;;;;;2,238;;
250;H;ControleHibiscus;;2,194;;;;;;;;;;;2,194;;
251;H;ControleHibiscus;;2,218;;;;;;;;;;;2,218;;
252;H;ControleHibiscus;;2,261;;;;;;;;;;;2,261;;
253;H;ControleHibiscus;;2,24;;;;;;;;;;;2,24;;
254;H;ControleHibiscus;;2,251;;;;;;;;;;;2,251;;
255;H;ControleHibiscus;;2,235;;;;;;;;;;;2,235;;
256;H;ControleHibiscus;;2,26;;;;;;;;;;;2,26;;
257;H;ControleHibiscus;;2,222;;;;;;;;;;;2,222;;
258;H;ControleHibiscus;;2,199;;;;;;;;;;;2,199;;
259;H;ControleHibiscus;;2,238;;;;;;;;;;;2,238;;
260;H;ControleHibiscus;;2,231;;;;;;;;;;;2,231;;
261;H;ControleHibiscus;;2,236;;;;;;;;;;;2,236;;
262;H;ControleHibiscus;;2,284;;;;;;;;;;;2,284;;
263;H;ControleHibiscus;;2,252;;;;;;;;;;;2,252;;
264;H;ControleHibiscus;;2,167;;;;;;;;;;;2,167;;
265;H;ControleHibiscus;;2,224;;;;;;;;;;;2,224;;
266;H;ControleHibiscus;;2,272;;;;;;;;;;;2,272;;
267;H;ControleHibiscus;;2,202;;;;;;;;;;;2,202;;
268;H;ControleHibiscus;;2,177;;;;;;;;;;;2,177;;
269;H;ControleHibiscus;;2,275;;;;;;;;;;;2,275;;
270;H;ControleHibiscus;;2,186;;;;;;;;;;;2,186;;
271;H;ControleHibiscus;;2,253;;;;;;;;;;;2,253;;
272;H;ControleHibiscus;;2,25;;;;;;;;;;;2,25;;
301;H;ControleHibiscus;1,957;2,317;0,357;1,489;Belanger;10;N;30;;;;;0,003;;
302;H;ControleHibiscus;1,958;2,312;0,353+D963:F963;1,396;Belanger;10;N;30;;;;;#VALEUR!;;
303;H;ControleHibiscus;1,981;2,333;0,351;1,416;Belanger;10;N;45;;;;;0,001;;
304;H;ControleHibiscus;2,016;2,369;0,353;1,533;Belanger;10;N;45;;;;;0;;
305;H;ControleHibiscus;1,983;2,344;0,361;1,498;Belanger;10;N;60;;;;;0;;
306;H;ControleHibiscus;1,968;2,321;0,352;1,382;Belanger;10;N;60;;;;;0,001;;
307;H;ControleHibiscus;1,931;2,292;0,361;1,237;Belanger;A9;N;0;;;;;0;;
308;H;ControleHibiscus;1,955;2,306;0,351;1,271;Belanger;A9;N;15;;;;;0;;
309;H;ControleHibiscus;1,948;2,304;0,355;1,364;Belanger;A9;N;30;;;;;0,001;;
310;H;ControleHibiscus;1,938;2,302;0,364;1,333;Belanger;A9;N;45;;;;;0;;
311;H;ControleHibiscus;2,013;2,368;0,355;1,369;Belanger;A9;N;60;;;;;0;;
312;H;ControleHibiscus;1,971;2,33;0,359;1,365;Fortier;9;N;0;;;;;0;;
313;H;ControleHibiscus;1,939;2,301;0,36;1,231;Fortier;9;N;15;;;;;0,002;;
314;H;ControleHibiscus;1,981;2,338;0,357;1,224;Fortier;9;N;30;;;;;0;;
315;H;ControleHibiscus;1,978;2,343;0,363;1,317;Fortier;9;N;45;;;;;0,002;;
316;H;ControleHibiscus;1,956;2,324;0,365;1,243;Fortier;9;N;60;;;;;0,003;;
