No;TypeThe;SorteThe;PoidsContenu_g;PoidsTotal _g;PoidsSac_g;Poids_Restant_g;Producteur;Champs;Regie;TypeAzote;DoseN;Repetition;Teneur_C;Teneur_N;Teneur_S
1;G;GrenTea;1,793;2,019;0,226;0,783;Belanger;A9;Biologique;N;0;1;;;
2;G;GrenTea;1,786;2,011;0,225;0,797;Belanger;A9;Biologique;N;0;1;;;
3;G;GrenTea;1,782;2,008;0,228;;Belanger;A9;Biologique;N;0;1;;;
4;G;GrenTea;1,76;1,987;0,227;0,778;Belanger;A9;Biologique;N;0;2;;;
5;G;GrenTea;1,788;2,013;0,226;0,779;Belanger;A9;Biologique;N;0;2;;;
6;G;GrenTea;1,779;2,004;0,227;;Belanger;A9;Biologique;N;0;2;;;
7;G;GrenTea;1,799;2,025;0,227;0,793;Belanger;A9;Biologique;N;15;1;;;
8;G;GrenTea;1,761;1,985;0,228;0,783;Belanger;A9;Biologique;N;15;1;;;
9;G;GrenTea;1,782;2,008;0,226;0,717;Belanger;A9;Biologique;N;15;1;;;
10;G;GrenTea;1,758;1,985;0,226;0,812;Belanger;A9;Biologique;N;15;2;;;
11;G;GrenTea;1,793;2,018;0,227;0,77;Belanger;A9;Biologique;N;15;2;;;
12;G;GrenTea;1,797;2,023;0,227;0,714;Belanger;A9;Biologique;N;15;2;;;
13;G;GrenTea;1,799;2,024;0,226;;Belanger;A9;Biologique;N;30;1;;;
14;G;GrenTea;1,798;2,027;0,229;0,768;Belanger;A9;Biologique;N;30;1;;;
15;G;GrenTea;1,795;2,023;0,228;;Belanger;A9;Biologique;N;30;1;;;
16;G;GrenTea;1,769;1,996;0,228;0,743;Belanger;A9;Biologique;N;30;2;;;
17;G;GrenTea;1,766;1,994;0,227;0,804;Belanger;A9;Biologique;N;30;2;;;
18;G;GrenTea;1,792;2,019;0,227;0,833;Belanger;A9;Biologique;N;30;2;;;
19;G;GrenTea;1,766;1,992;0,226;0,7;Belanger;A9;Biologique;N;45;1;;;
20;G;GrenTea;1,781;2,007;0,226;0,809;Belanger;A9;Biologique;N;45;1;;;
21;G;GrenTea;1,765;1,994;0,228;0,723;Belanger;A9;Biologique;N;45;1;;;
22;G;GrenTea;1,774;2,002;0,229;;Belanger;A9;Biologique;N;45;2;;;
23;G;GrenTea;1,779;2,007;0,228;0,751;Belanger;A9;Biologique;N;45;2;;;
24;G;GrenTea;1,771;1,998;0,226;1,291;Belanger;A9;Biologique;N;45;2;;;
25;G;GrenTea;1,797;2,023;0,226;0,859;Belanger;A9;Biologique;N;60;1;;;
26;G;GrenTea;1,793;2,02;0,227;0,789;Belanger;A9;Biologique;N;60;1;;;
27;G;GrenTea;1,771;2;0,229;;Belanger;A9;Biologique;N;60;1;;;
28;G;GrenTea;1,792;2,019;0,227;0,828;Belanger;A9;Biologique;N;60;2;;;
29;G;GrenTea;1,766;1,994;0,228;0,774;Belanger;A9;Biologique;N;60;2;;;
30;G;GrenTea;1,787;2,015;0,227;0,826;Belanger;A9;Biologique;N;60;2;;;
31;G;GrenTea;1,778;2,002;0,226;0,744;Belanger;A9;Biologique;N-6-1-1;60;2;;;
32;G;GrenTea;1,751;1,979;0,228;;Belanger;A9;Biologique;N-6-1-1;60;2;;;
33;G;GrenTea;1,789;2,016;0,227;0,803;Belanger;A9;Biologique;N-6-1-1;45;2;;;
34;G;GrenTea;1,76;1,988;0,228;1,316;Belanger;A9;Biologique;N-6-1-1;45;2;;;
35;G;GrenTea;1,786;2,015;0,228;0,799;Belanger;A9;Biologique;N-6-1-1;30;2;;;
36;G;GrenTea;1,792;2,019;0,227;0,813;Belanger;A9;Biologique;N-6-1-1;30;2;;;
1;S;Rooibos;1,905;2,134;0,229;1,534;Belanger;A9;Biologique;N;0;1;;;
2;S;Rooibos;1,892;2,118;0,226;1,497;Belanger;A9;Biologique;N;0;1;;;
3;S;Rooibos;1,895;2,122;0,228;1,342;Belanger;A9;Biologique;N;0;1;;;
4;S;Rooibos;1,907;2,138;0,231;1,308;Belanger;A9;Biologique;N;0;2;;;
5;S;Rooibos;1,91;2,137;0,227;1,532;Belanger;A9;Biologique;N;0;2;;;
6;S;Rooibos;1,908;2,136;0,229;1,495;Belanger;A9;Biologique;N;0;2;;;
7;S;Rooibos;1,912;2,14;0,229;1,501;Belanger;A9;Biologique;N;15;1;;;
8;S;Rooibos;1,908;2,134;0,226;1,394;Belanger;A9;Biologique;N;15;1;;;
9;S;Rooibos;1,913;2,141;0,228;1,464;Belanger;A9;Biologique;N;15;1;;;
10;S;Rooibos;1,918;2,145;0,227;1,486;Belanger;A9;Biologique;N;15;2;;;
11;S;Rooibos;1,901;2,13;0,228;1,351;Belanger;A9;Biologique;N;15;2;;;
12;S;Rooibos;1,899;2,129;0,23;1,362;Belanger;A9;Biologique;N;15;2;;;
13;S;Rooibos;1,896;2,126;0,23;1,507;Belanger;A9;Biologique;N;30;1;;;
14;S;Rooibos;1,91;2,137;0,227;1,459;Belanger;A9;Biologique;N;30;1;;;
15;S;Rooibos;1,918;2,146;0,228;1,465;Belanger;A9;Biologique;N;30;1;;;
16;S;Rooibos;1,901;2,13;0,23;1,39;Belanger;A9;Biologique;N;30;2;;;
17;S;Rooibos;1,899;2,127;0,228;1,444;Belanger;A9;Biologique;N;30;2;;;
18;S;Rooibos;1,904;2,132;0,227;1,398;Belanger;A9;Biologique;N;30;2;;;
19;S;Rooibos;1,91;2,138;0,228;1,318;Belanger;A9;Biologique;N;45;1;;;
20;S;Rooibos;1,897;2,128;0,231;;Belanger;A9;Biologique;N;45;1;;;
21;S;Rooibos;1,917;2,143;0,226;1,442;Belanger;A9;Biologique;N;45;1;;;
22;S;Rooibos;1,918;2,145;0,228;1,394;Belanger;A9;Biologique;N;45;2;;;
23;S;Rooibos;1,893;2,122;0,229;1,473;Belanger;A9;Biologique;N;45;2;;;
24;S;Rooibos;1,914;2,141;0,227;;Belanger;A9;Biologique;N;45;2;;;
25;S;Rooibos;1,895;2,122;0,226;1,394;Belanger;A9;Biologique;N;60;1;;;
26;S;Rooibos;1,919;2,143;0,226;1,464;Belanger;A9;Biologique;N;60;1;;;
27;S;Rooibos;1,896;2,123;0,226;1,448;Belanger;A9;Biologique;N;60;1;;;
28;S;Rooibos;1,918;2,145;0,227;1,463;Belanger;A9;Biologique;N;60;2;;;
29;S;Rooibos;1,914;2,141;0,227;1,41;Belanger;A9;Biologique;N;60;2;;;
30;S;Rooibos;1,916;2,142;0,227;;Belanger;A9;Biologique;N;60;2;;;
31;S;Rooibos;1,918;2,145;0,226;1,453;Belanger;A9;Biologique;N;60;2;;;
32;S;Rooibos;1,891;2,118;0,227;1,286;Belanger;A9;Biologique;N;60;2;;;
33;S;Rooibos;1,9;2,125;0,226;1,322;Belanger;A9;Biologique;N;45;2;;;
34;S;Rooibos;1,904;2,132;0,227;1,439;Belanger;A9;Biologique;N;45;2;;;
35;S;Rooibos;1,894;2,122;0,228;1,502;Belanger;A9;Biologique;N;30;2;;;
36;S;Rooibos;1,92;2,146;0,226;1,489;Belanger;A9;Biologique;N;30;2;;;
88;S;Rooibos;1,897;2,123;0,227;1,46;Belanger;10;Conventionel;Nproducteur;57,28;1;;;
124;G;GrenTea;1,787;2,015;0,228;0,905;Belanger;10;Conventionel;Nproducteur;57,28;1;;;
125;G;GrenTea;1,779;2,008;0,228;0,883;Belanger;10;Conventionel;Nproducteur;57,28;1;;;
126;G;GrenTea;1,798;2,025;0,228;0,726;Belanger;10;Conventionel;Nproducteur;57,28;1;;;
127;G;GrenTea;1,788;2,015;0,226;0,818;Belanger;10;Conventionel;Nproducteur;57,28;2;;;
128;G;GrenTea;1,795;2,023;0,229;0,776;Belanger;10;Conventionel;Nproducteur;57,28;2;;;
129;G;GrenTea;1,76;1,986;0,226;0,891;Belanger;10;Conventionel;Nproducteur;57,28;2;;;
130;G;GrenTea;1,765;1,992;0,227;0,878;Belanger;10;Conventionel;Nproducteur;57,28;1;;;
131;G;GrenTea;1,796;2,022;0,227;0,92;Belanger;10;Conventionel;Nproducteur;57,28;1;;;
132;G;GrenTea;1,767;1,995;0,228;0,823;Belanger;10;Conventionel;Nproducteur;57,28;1;;;
133;G;GrenTea;1,767;1,997;0,229;;Belanger;10;Conventionel;Nproducteur;57,28;2;;;
134;G;GrenTea;1,784;2,012;0,228;;Belanger;10;Conventionel;Nproducteur;57,28;2;;;
135;G;GrenTea;1,786;2,014;0,227;0,886;Belanger;10;Conventionel;Nproducteur;57,28;2;;;
136;G;GrenTea;1,777;2,003;0,225;;Belanger;A9;Biologique;Nproducteur;68,71;1;;;
137;G;GrenTea;1,767;1,994;0,227;0,806;Belanger;A9;Biologique;Nproducteur;68,71;1;;;
138;G;GrenTea;1,797;2,024;0,228;0,763;Belanger;A9;Biologique;Nproducteur;68,71;1;;;
139;G;GrenTea;1,777;2,004;0,227;0,779;Belanger;A9;Biologique;Nproducteur;68,71;2;;;
140;G;GrenTea;1,775;2,003;0,228;;Belanger;A9;Biologique;Nproducteur;68,71;2;;;
141;G;GrenTea;1,761;1,989;0,228;;Belanger;A9;Biologique;Nproducteur;68,71;2;;;
142;G;GrenTea;1,751;1,979;0,228;;Belanger;A9;Biologique;Nproducteur;68,71;1;;;
143;G;GrenTea;1,796;2,024;0,228;;Belanger;A9;Biologique;Nproducteur;68,71;1;;;
144;G;GrenTea;1,789;2,014;0,227;0,793;Belanger;A9;Biologique;Nproducteur;68,71;1;;;
145;G;GrenTea;1,775;2,002;0,227;0,792;Belanger;A9;Biologique;Nproducteur;68,71;2;;;
146;G;GrenTea;1,756;1,984;0,228;;Belanger;A9;Biologique;Nproducteur;68,71;2;;;
147;G;GrenTea;1,795;2,022;0,228;0,61;Belanger;A9;Biologique;Nproducteur;68,71;2;;;
148;G;GrenTea;1,793;2,02;0,227;0,72;Belanger;A9;Biologique;Nproducteur;68,71;1;;;
149;G;GrenTea;1,789;2,014;0,227;0,744;Belanger;A9;Biologique;Nproducteur;68,71;1;;;
150;G;GrenTea;1,76;1,988;0,228;0,824;Belanger;A9;Biologique;Nproducteur;68,71;1;;;
151;G;GrenTea;1,767;1,993;0,226;0,753;Belanger;A9;Biologique;Nproducteur;68,71;2;;;
152;G;GrenTea;1,788;2,016;0,228;;Belanger;A9;Biologique;Nproducteur;68,71;2;;;
153;G;GrenTea;1,785;2,009;0,224;0,808;Belanger;A9;Biologique;Nproducteur;68,71;2;;;
154;G;GrenTea;1,785;2,013;0,227;0,735;Belanger;10;Conventionel;N;0;1;;;
155;G;GrenTea;1,794;2,022;0,227;0,741;Belanger;10;Conventionel;N;0;1;;;
156;G;GrenTea;1,777;2,004;0,226;0,74;Belanger;10;Conventionel;N;0;1;;;
157;G;GrenTea;1,756;1,984;0,227;0,729;Belanger;10;Conventionel;N;0;2;;;
158;G;GrenTea;1,76;1,983;0,224;0,805;Belanger;10;Conventionel;N;0;2;;;
159;G;GrenTea;1,799;2,024;0,225;0,743;Belanger;10;Conventionel;N;0;2;;;
160;G;GrenTea;1,756;1,983;0,228;;Belanger;10;Conventionel;N;15;1;;;
161;G;GrenTea;1,76;1,988;0,228;0,674;Belanger;10;Conventionel;N;15;1;;;
162;G;GrenTea;1,771;1,998;0,226;0,739;Belanger;10;Conventionel;N;15;1;;;
163;G;GrenTea;1,781;2,011;0,23;0,775;Belanger;10;Conventionel;N;15;2;;;
164;G;GrenTea;1,793;2,021;0,227;0,764;Belanger;10;Conventionel;N;15;2;;;
165;G;GrenTea;1,784;2,01;0,226;0,836;Belanger;10;Conventionel;N;15;2;;;
166;G;GrenTea;1,786;2,013;0,227;0,658;Belanger;10;Conventionel;N;30;1;;;
167;G;GrenTea;1,776;2,003;0,227;0,751;Belanger;10;Conventionel;N;30;1;;;
168;G;GrenTea;1,788;2,013;0,227;0,732;Belanger;10;Conventionel;N;30;1;;;
169;G;GrenTea;1,781;2,008;0,227;;Belanger;10;Conventionel;N;30;1;;;
170;G;GrenTea;1,78;2,007;0,227;0,616;Belanger;10;Conventionel;N;30;2;;;
171;G;GrenTea;1,761;1,99;0,229;0,778;Belanger;10;Conventionel;N;30;2;;;
172;G;GrenTea;1,76;1,983;0,226;0,645;Belanger;10;Conventionel;N;30;2;;;
173;G;GrenTea;1,77;1,998;0,228;0,801;Belanger;10;Conventionel;N;45;1;;;
174;G;GrenTea;1,769;1,995;0,227;0,765;Belanger;10;Conventionel;N;45;1;;;
175;G;GrenTea;1,765;1,993;0,228;0,723;Belanger;10;Conventionel;N;45;1;;;
176;G;GrenTea;1,778;2,004;0,226;0,709;Belanger;10;Conventionel;N;45;2;;;
177;G;GrenTea;1,781;2,008;0,228;0,803;Belanger;10;Conventionel;N;45;2;;;
178;G;GrenTea;1,793;2,022;0,228;0,714;Belanger;10;Conventionel;N;45;2;;;
179;G;GrenTea;1,786;2,012;0,226;0,744;Belanger;10;Conventionel;N;60;1;;;
180;G;GrenTea;1,799;2,023;0,224;0,851;Belanger;10;Conventionel;N;60;1;;;
181;G;GrenTea;1,766;1,995;0,229;0,702;Belanger;10;Conventionel;N;60;1;;;
182;G;GrenTea;1,754;1,981;0,228;0,769;Belanger;10;Conventionel;N;60;2;;;
183;G;GrenTea;1,77;1,997;0,227;0,74;Belanger;10;Conventionel;N;60;2;;;
184;G;GrenTea;1,796;2,019;0,227;;Belanger;10;Conventionel;N;60;2;;;
185;G;GrenTea;1,787;2,012;0,227;0,714;Belanger;10;Conventionel;N-SCU;45;2;;;
186;G;GrenTea;1,777;2,002;0,225;0,692;Belanger;10;Conventionel;N-SCU;45;2;;;
187;G;GrenTea;1,791;2,018;0,227;0,732;Belanger;10;Conventionel;N-SCU;60;2;;;
188;G;GrenTea;1,773;2,001;0,229;0,784;Belanger;10;Conventionel;N-SCU;60;2;;;
189;G;GrenTea;1,792;2,022;0,229;0,734;Belanger;10;Conventionel;N-SCU;30;2;;;
190;G;GrenTea;1,783;2,011;0,227;0,825;Belanger;10;Conventionel;N-SCU;30;2;;;
89;S;Rooibos;1,905;2,131;0,227;1,43;Belanger;10;Conventionel;Nproducteur;57,28;1;;;
90;S;Rooibos;1,919;2,144;0,226;1,381;Belanger;10;Conventionel;Nproducteur;57,28;1;;;
91;S;Rooibos;1,917;2,145;0,226;1,544;Belanger;10;Conventionel;Nproducteur;57,28;2;;;
92;S;Rooibos;1,897;2,123;0,227;;Belanger;10;Conventionel;Nproducteur;57,28;2;;;
93;S;Rooibos;1,89;2,115;0,226;1,494;Belanger;10;Conventionel;Nproducteur;57,28;2;;;
94;S;Rooibos;1,913;2,142;0,229;1,426;Belanger;10;Conventionel;Nproducteur;57,28;1;;;
95;S;Rooibos;1,893;2,12;0,226;1,434;Belanger;10;Conventionel;Nproducteur;57,28;1;;;
96;S;Rooibos;1,902;2,129;0,227;1,513;Belanger;10;Conventionel;Nproducteur;57,28;1;;;
97;S;Rooibos;1,898;2,124;0,227;1,472;Belanger;10;Conventionel;Nproducteur;57,28;2;;;
98;S;Rooibos;1,891;2,116;0,225;1,63;Belanger;10;Conventionel;Nproducteur;57,28;2;;;
99;S;Rooibos;1,899;2,129;0,229;1,456;Belanger;10;Conventionel;Nproducteur;57,28;2;;;
100;S;Rooibos;1,916;2,144;0,228;1,412;Belanger;A9;Biologique;Nproducteur;68,71;1;;;
101;S;Rooibos;1,909;2,137;0,229;1,411;Belanger;A9;Biologique;Nproducteur;68,71;1;;;
102;S;Rooibos;1,907;2,135;0,229;1,567;Belanger;A9;Biologique;Nproducteur;68,71;1;;;
103;S;Rooibos;1,903;2,13;0,227;1,584;Belanger;A9;Biologique;Nproducteur;68,71;2;;;
104;S;Rooibos;1,909;2,136;0,228;1,68;Belanger;A9;Biologique;Nproducteur;68,71;2;;;
105;S;Rooibos;1,911;2,139;0,228;1,397;Belanger;A9;Biologique;Nproducteur;68,71;2;;;
106;S;Rooibos;1,899;2,126;0,227;1,321;Belanger;A9;Biologique;Nproducteur;68,71;1;;;
107;S;Rooibos;1,901;2,127;0,227;1,467;Belanger;A9;Biologique;Nproducteur;68,71;1;;;
108;S;Rooibos;1,905;2,128;0,225;1,547;Belanger;A9;Biologique;Nproducteur;68,71;1;;;
109;S;Rooibos;1,912;2,14;0,228;1,577;Belanger;A9;Biologique;Nproducteur;68,71;2;;;
110;S;Rooibos;1,899;2,126;0,227;1,557;Belanger;A9;Biologique;Nproducteur;68,71;2;;;
111;S;Rooibos;1,916;2,142;0,226;1,479;Belanger;A9;Biologique;Nproducteur;68,71;2;;;
112;S;Rooibos;1,904;2,13;0,228;1,492;Belanger;A9;Biologique;Nproducteur;68,71;1;;;
113;S;Rooibos;1,898;2,126;0,229;1,39;Belanger;A9;Biologique;Nproducteur;68,71;1;;;
114;S;Rooibos;1,907;2,134;0,228;1,495;Belanger;A9;Biologique;Nproducteur;68,71;1;;;
115;S;Rooibos;1,909;2,136;0,226;;Belanger;A9;Biologique;Nproducteur;68,71;2;;;
116;S;Rooibos;1,911;2,14;0,227;1,61;Belanger;A9;Biologique;Nproducteur;68,71;2;;;
117;S;Rooibos;1,898;2,123;0,226;;Belanger;A9;Biologique;Nproducteur;68,71;2;;;
118;S;Rooibos;1,905;2,135;0,23;1,509;Belanger;10;Conventionel;N;0;1;;;
119;S;Rooibos;1,904;2,129;0,225;1,364;Belanger;10;Conventionel;N;0;1;;;
120;S;Rooibos;1,897;2,123;0,225;;Belanger;10;Conventionel;N;0;1;;;
121;S;Rooibos;1,892;2,12;0,228;1,402;Belanger;10;Conventionel;N;0;2;;;
122;S;Rooibos;1,909;2,135;0,226;1,474;Belanger;10;Conventionel;N;0;2;;;
123;S;Rooibos;1,896;2,123;0,227;1,439;Belanger;10;Conventionel;N;0;2;;;
124;S;Rooibos;1,898;2,124;0,226;1,366;Belanger;10;Conventionel;N;15;1;;;
125;S;Rooibos;1,91;2,136;0,227;;Belanger;10;Conventionel;N;15;1;;;
126;S;Rooibos;1,905;2,13;0,226;1,525;Belanger;10;Conventionel;N;15;1;;;
127;S;Rooibos;1,891;2,117;0,227;1,584;Belanger;10;Conventionel;N;15;2;;;
128;S;Rooibos;1,899;2,127;0,229;1,405;Belanger;10;Conventionel;N;15;2;;;
129;S;Rooibos;1,89;2,117;0,228;1,496;Belanger;10;Conventionel;N;15;2;;;
130;S;Rooibos;1,908;2,134;0,225;1,574;Belanger;10;Conventionel;N;30;1;;;
131;S;Rooibos;1,916;2,142;0,226;1,565;Belanger;10;Conventionel;N;30;1;;;
132;S;Rooibos;1,891;2,116;0,226;1,573;Belanger;10;Conventionel;N;30;1;;;
133;S;Rooibos;1,906;2,132;0,225;1,446;Belanger;10;Conventionel;N;30;2;;;
134;S;Rooibos;1,909;2,136;0,228;1,566;Belanger;10;Conventionel;N;30;2;;;
135;S;Rooibos;1,906;2,132;0,227;1,54;Belanger;10;Conventionel;N;30;2;;;
136;S;Rooibos;1,913;2,139;0,226;1,571;Belanger;10;Conventionel;N;45;1;;;
137;S;Rooibos;1,92;2,148;0,228;1,534;Belanger;10;Conventionel;N;45;1;;;
138;S;Rooibos;1,917;2,142;0,226;1,601;Belanger;10;Conventionel;N;45;1;;;
139;S;Rooibos;1,893;2,119;0,226;1,406;Belanger;10;Conventionel;N;45;2;;;
140;S;Rooibos;1,893;2,117;0,225;1,349;Belanger;10;Conventionel;N;45;2;;;
141;S;Rooibos;1,901;2,127;0,226;1,5;Belanger;10;Conventionel;N;45;2;;;
142;S;Rooibos;1,92;2,146;0,226;1,596;Belanger;10;Conventionel;N;60;1;;;
143;S;Rooibos;1,906;2,132;0,226;1,473;Belanger;10;Conventionel;N;60;1;;;
144;S;Rooibos;1,912;2,138;0,225;1,516;Belanger;10;Conventionel;N;60;1;;;
145;S;Rooibos;1,915;2,14;0,226;1,49;Belanger;10;Conventionel;N;60;2;;;
146;S;Rooibos;1,916;2,142;0,226;1,645;Belanger;10;Conventionel;N;60;2;;;
147;S;Rooibos;1,89;2,116;0,226;1,524;Belanger;10;Conventionel;N;60;2;;;
148;S;Rooibos;1,899;2,127;0,227;1,391;Belanger;10;Conventionel;N;45;2;;;
149;S;Rooibos;1,912;2,139;0,227;1,446;Belanger;10;Conventionel;N;45;2;;;
150;S;Rooibos;1,908;2,138;0,231;1,534;Belanger;10;Conventionel;N;60;2;;;
151;S;Rooibos;1,919;2,145;0,226;1,615;Belanger;10;Conventionel;N;60;2;;;
152;S;Rooibos;1,903;2,129;0,226;1,598;Belanger;10;Conventionel;N;30;2;;;
153;S;Rooibos;1,919;2,144;0,226;1,518;Belanger;10;Conventionel;N;30;2;;;
625;G;GrenTea;1,781;2,141;0,36;0,633;Fortier;9;Conventionel;N;0;1;;;
626;G;GrenTea;1,772;2,135;0,364;0,608;Fortier;9;Conventionel;N;0;1;;;
627;G;GrenTea;1,78;2,144;0,363;0,623;Fortier;9;Conventionel;N;0;1;;;
628;G;GrenTea;1,787;2,15;0,363;0,687;Fortier;9;Conventionel;N;0;2;;;
629;G;GrenTea;1,769;2,137;0,368;0,703;Fortier;9;Conventionel;N;0;2;;;
630;G;GrenTea;1,791;2,151;0,36;0,637;Fortier;9;Conventionel;N;0;2;;;
631;G;GrenTea;1,767;2,128;0,361;0,593;Fortier;9;Conventionel;N;15;1;;;
632;G;GrenTea;1,783;2,145;0,362;0,62;Fortier;9;Conventionel;N;15;1;;;
633;G;GrenTea;1,765;2,126;0,361;;Fortier;9;Conventionel;N;15;1;;;
634;G;GrenTea;1,77;2,132;0,363;;Fortier;9;Conventionel;N;15;2;;;
635;G;GrenTea;1,784;2,148;0,364;0,645;Fortier;9;Conventionel;N;15;2;;;
636;G;GrenTea;1,756;2,118;0,363;0,587;Fortier;9;Conventionel;N;15;2;;;
637;G;GrenTea;1,785;2,152;0,365;0,702;Fortier;9;Conventionel;N;30;1;;;
638;G;GrenTea;1,778;2,144;0,366;0,582;Fortier;9;Conventionel;N;30;1;;;
639;G;GrenTea;1,8;2,161;0,361;0,669;Fortier;9;Conventionel;N;30;1;;;
640;G;GrenTea;1,796;2,154;0,357;0,784;Fortier;9;Conventionel;N;30;2;;;
641;G;GrenTea;1,754;2,117;0,363;0,629;Fortier;9;Conventionel;N;30;2;;;
642;G;GrenTea;1,751;2,111;0,36;0,592;Fortier;9;Conventionel;N;30;2;;;
643;G;GrenTea;1,789;2,148;0,359;0,682;Fortier;9;Conventionel;N;45;1;;;
644;G;GrenTea;1,759;2,121;0,361;0,572;Fortier;9;Conventionel;N;45;1;;;
645;G;GrenTea;1,759;2,131;0,371;0,579;Fortier;9;Conventionel;N;45;1;;;
646;G;GrenTea;1,768;2,127;0,36;0,694;Fortier;9;Conventionel;N;45;2;;;
647;G;GrenTea;1,783;2,148;0,365;0,564;Fortier;9;Conventionel;N;45;2;;;
648;G;GrenTea;1,79;2,155;0,365;0,851;Fortier;9;Conventionel;N;45;2;;;
649;G;GrenTea;1,776;2,136;0,361;0,678;Fortier;9;Conventionel;N;60;1;;;
650;G;GrenTea;1,753;2,115;0,361;;Fortier;9;Conventionel;N;60;1;;;
651;G;GrenTea;1,77;2,132;0,362;;Fortier;9;Conventionel;N;60;1;;;
652;G;GrenTea;1,799;2,162;0,363;0,677;Fortier;9;Conventionel;N;60;2;;;
653;G;GrenTea;1,79;2,149;0,36;0,709;Fortier;9;Conventionel;N;60;2;;;
654;G;GrenTea;1,791;2,146;0,355;0,467;Fortier;9;Conventionel;N;60;2;;;
829;G;GrenTea;1,758;2,117;0,36;0,784;Fortier;45;Conventionel;N;0;1;49,476;4,4698;0,27
830;G;GrenTea;1,751;2,113;0,362;0,587;Fortier;45;Conventionel;N;0;1;53,023;3,9144;0,253
831;G;GrenTea;1,778;2,13;0,351;0,727;Fortier;45;Conventionel;N;0;1;48,812;5,2095;0,339
832;G;GrenTea;1,784;2,143;0,359;0,744;Fortier;45;Conventionel;N;0;2;51,763;4,8061;0,281
833;G;GrenTea;1,784;2,145;0,361;0,737;Fortier;45;Conventionel;N;0;2;50,478;4,0142;0,272
834;G;GrenTea;1,782;2,136;0,355;0,804;Fortier;45;Conventionel;N;0;2;51,163;5,2482;0,307
835;G;GrenTea;1,757;2,112;0,356;0,848;Fortier;45;Conventionel;N;15;1;50,556;4,7736;0,325
836;G;GrenTea;1,784;2,142;0,357;0,692;Fortier;45;Conventionel;N;15;1;50,686;3,8653;0,29
837;G;GrenTea;1,779;2,134;0,355;0,836;Fortier;45;Conventionel;N;15;1;50,614;4,6776;0,287
838;G;GrenTea;1,766;2,125;0,359;0,61;Fortier;45;Conventionel;N;15;2;50,489;3,7105;0,246
839;G;GrenTea;1,775;2,132;0,357;0,65;Fortier;45;Conventionel;N;15;2;51,892;3,8414;0,261
840;G;GrenTea;1,801;2,156;0,356;0,807;Fortier;45;Conventionel;N;15;2;49,774;4,5611;0,287
841;G;GrenTea;1,769;2,122;0,357;0,803;Fortier;45;Conventionel;N;30;1;50,548;5,1077;0,315
842;G;GrenTea;1,774;2,13;0,37;0,738;Fortier;45;Conventionel;N;30;1;51,345;4,7929;0,294
843;G;GrenTea;1,757;2,113;0,355;0,553;Fortier;45;Conventionel;N;30;1;47,013;3,4768;0,253
844;G;GrenTea;1,761;2,116;0,355;;Fortier;45;Conventionel;N;30;2;;;
845;G;GrenTea;1,781;2,135;0,355;0,83;Fortier;45;Conventionel;N;30;2;44,017;3,5534;0,256
846;G;GrenTea;1,788;2,146;0,357;0,847;Fortier;45;Conventionel;N;30;2;50,818;5,0089;0,293
847;G;GrenTea;1,799;2,162;0,363;0,772;Fortier;45;Conventionel;N;45;1;50,201;4,795;0,297
848;G;GrenTea;1,792;2,151;0,359;0,858;Fortier;45;Conventionel;N;45;1;46,212;3,9897;0,301
849;G;GrenTea;1,791;2,15;0,359;0,904;Fortier;45;Conventionel;N;45;1;47,033;4,7959;0,318
850;G;GrenTea;1,768;2,124;0,356;0,753;Fortier;45;Conventionel;N;45;2;51,906;4,5151;0,28
851;G;GrenTea;1,763;2,123;0,36;0,738;Fortier;45;Conventionel;N;45;2;50,547;4,0679;0,256
852;G;GrenTea;1,795;2,164;0,368;0,805;Fortier;45;Conventionel;N;45;2;51,647;4,8294;0,299
853;G;GrenTea;1,772;2,131;0,357;0,754;Fortier;45;Conventionel;N;60;1;50,239;4,7838;0,293
854;G;GrenTea;1,794;2,145;0,353;0,796;Fortier;45;Conventionel;N;60;1;50,191;4,0365;0,264
855;G;GrenTea;1,772;2,131;0,359;0,781;Fortier;45;Conventionel;N;60;1;50,945;4,421;0,269
856;G;GrenTea;1,764;2,118;0,354;0,817;Fortier;45;Conventionel;N;60;2;44,363;3,7301;0,33
857;G;GrenTea;1,773;2,128;0,352;0,717;Fortier;45;Conventionel;N;60;2;50,583;3,6961;0,285
858;G;GrenTea;1,771;2,132;0,359;0,869;Fortier;45;Conventionel;N;60;2;48,501;4,4927;0,27
1206;G;GrenTea;1,754;2,117;0,362;0,851;Fortier;45;Conventionel;Nproducteur;;;49,362;4,5884;0,286
1207;G;GrenTea;1,751;2,101;0,35;0,742;Fortier;45;Conventionel;Nproducteur;;;49,238;4,2849;0,296
1208;G;GrenTea;1,774;2,137;0,363;0,668;Fortier;45;Conventionel;Nproducteur;;;50,728;3,3266;0,257
1209;G;GrenTea;1,77;2,128;0,357;0,837;Fortier;45;Conventionel;Nproducteur;;;51,201;4,7512;0,29
1210;G;GrenTea;1,774;2,135;0,361;;Fortier;45;Conventionel;Nproducteur;;;;;
1211;G;GrenTea;1,793;2,146;0,353;0,852;Fortier;45;Conventionel;Nproducteur;;;51,146;5,0601;0,308
1212;G;GrenTea;1,797;2,156;0,359;0,772;Fortier;45;Conventionel;Nproducteur;;;49,503;3,5529;0,266
1213;G;GrenTea;1,767;2,127;0,36;0,876;Fortier;45;Conventionel;Nproducteur;;;49,173;4,5658;0,275
1214;G;GrenTea;1,799;2,162;0,362;;Fortier;45;Conventionel;Nproducteur;;;50,49;4,9219;0,301
1215;G;GrenTea;1,75;2,106;0,356;0,834;Fortier;45;Conventionel;Nproducteur;;;50,1115;4,6972;0,312
1216;G;GrenTea;1,778;2,137;0,36;0,867;Fortier;45;Conventionel;Nproducteur;;;51,396;4,6003;0,312
1217;G;GrenTea;1,795;2,144;0,348;0,798;Fortier;45;Conventionel;Nproducteur;;;51,773;4,007;0,283
1218;G;GrenTea;1,785;2,139;0,354;1,244;Fortier;9;Conventionel;Nproducteur;;;;;
1219;G;GrenTea;1,792;2,152;0,36;1,201;Fortier;9;Conventionel;Nproducteur;;;;;
1220;G;GrenTea;1,803;2,159;0,355;1,18;Fortier;9;Conventionel;Nproducteur;;;;;
1221;G;GrenTea;1,778;2,139;0,36;0,771;Fortier;9;Conventionel;Nproducteur;;;;;
1222;G;GrenTea;1,796;2,159;0,361;0,78;Fortier;9;Conventionel;Nproducteur;;;;;
1223;G;GrenTea;1,786;2,146;0,36;0,694;Fortier;9;Conventionel;Nproducteur;;;;;
1224;G;GrenTea;1,783;2,14;0,358;0,752;Fortier;9;Conventionel;Nproducteur;;;;;
1225;G;GrenTea;1,781;2,135;0,353;0,757;Fortier;9;Conventionel;Nproducteur;;;;;
1226;G;GrenTea;1,765;2,125;0,361;;Fortier;9;Conventionel;Nproducteur;;;;;
1227;G;GrenTea;1,78;2,136;0,356;0,503;Fortier;9;Conventionel;Nproducteur;;;;;
1228;G;GrenTea;1,79;2,151;0,361;;Fortier;9;Conventionel;Nproducteur;;;;;
1229;G;GrenTea;1,775;2,13;0,354;0,75;Fortier;9;Conventionel;Nproducteur;;;;;
1230;G;GrenTea;1,802;2,17;0,368;0,725;Belanger;10;Conventionel;Nproducteur;;;;;
1231;G;GrenTea;1,788;2,148;0,36;0,771;Belanger;10;Conventionel;Nproducteur;;;;;
1232;G;GrenTea;1,756;2,111;0,355;0,675;Belanger;10;Conventionel;Nproducteur;;;;;
1233;G;GrenTea;1,764;2,121;0,357;;Belanger;10;Conventionel;Nproducteur;;;;;
1234;G;GrenTea;1,76;2,126;0,366;0,638;Belanger;10;Conventionel;Nproducteur;;;;;
1235;G;GrenTea;1,785;2,145;0,359;0,697;Belanger;10;Conventionel;Nproducteur;;;;;
1243;G;GrenTea;1,778;2,135;0,358;0,619;Fortier;9;Conventionel;N;30;2;;;
1244;G;GrenTea;1,797;2,159;0,362;0,675;Fortier;9;Conventionel;N;30;2;;;
1245;G;GrenTea;1,804;2,165;0,361;0,64;Fortier;9;Conventionel;N;45;2;;;
1246;G;GrenTea;1,79;2,149;0,36;0,636;Fortier;9;Conventionel;N;45;2;;;
1247;G;GrenTea;1,779;2,138;0,359;0,687;Fortier;9;Conventionel;N;60;2;;;
1248;G;GrenTea;1,75;2,104;0,354;0,63;Fortier;9;Conventionel;N;60;2;;;
391;S;Rooibos;1,91;2,27;0,361;1,352;Fortier;9;Conventionel;N;0;1;;;
392;S;Rooibos;1,913;2,272;0,359;1,295;Fortier;9;Conventionel;N;0;1;;;
393;S;Rooibos;1,925;2,281;0,355;1,232;Fortier;9;Conventionel;N;0;1;;;
394;S;Rooibos;1,893;2,246;0,353;1,416;Fortier;9;Conventionel;N;0;2;;;
395;S;Rooibos;1,906;2,258;0,352;1,402;Fortier;9;Conventionel;N;0;2;;;
396;S;Rooibos;1,907;2,272;0,365;1,288;Fortier;9;Conventionel;N;0;2;;;
397;S;Rooibos;1,921;2,286;0,365;;Fortier;9;Conventionel;N;15;1;;;
398;S;Rooibos;1,907;2,26;0,353;1,343;Fortier;9;Conventionel;N;15;1;;;
399;S;Rooibos;1,888;2,249;0,361;1,255;Fortier;9;Conventionel;N;15;1;;;
400;S;Rooibos;1,893;2,255;0,362;1,41;Fortier;9;Conventionel;N;15;2;;;
401;S;Rooibos;1,896;2,253;0,358;1,387;Fortier;9;Conventionel;N;15;2;;;
402;S;Rooibos;1,9;2,263;0,364;;Fortier;9;Conventionel;N;15;2;;;
403;S;Rooibos;1,919;2,28;0,361;1,557;Fortier;9;Conventionel;N;30;1;;;
404;S;Rooibos;1,905;2,261;0,355;1,319;Fortier;9;Conventionel;N;30;1;;;
405;S;Rooibos;1,909;2,261;0,351;1,274;Fortier;9;Conventionel;N;30;1;;;
406;S;Rooibos;1,889;2,244;0,355;1,173;Fortier;9;Conventionel;N;30;2;;;
407;S;Rooibos;1,92;2,282;0,363;;Fortier;9;Conventionel;N;30;2;;;
408;S;Rooibos;1,913;2,275;0,362;1,278;Fortier;9;Conventionel;N;30;2;;;
409;S;Rooibos;1,928;2,289;0,361;1,358;Fortier;9;Conventionel;N;45;1;;;
410;S;Rooibos;1,925;2,284;0,36;1,338;Fortier;9;Conventionel;N;45;1;;;
411;S;Rooibos;1,922;2,281;0,36;1,485;Fortier;9;Conventionel;N;45;1;;;
412;S;Rooibos;1,92;2,283;0,363;1,424;Fortier;9;Conventionel;N;45;2;;;
413;S;Rooibos;1,902;2,26;0,357;1,538;Fortier;9;Conventionel;N;45;2;;;
414;S;Rooibos;1,893;2,255;0,362;1,349;Fortier;9;Conventionel;N;45;2;;;
415;S;Rooibos;1,911;2,279;0,367;1,266;Fortier;9;Conventionel;N;60;1;;;
416;S;Rooibos;1,897;2,256;0,358;1,209;Fortier;9;Conventionel;N;60;1;;;
417;S;Rooibos;1,918;2,279;0,362;1,299;Fortier;9;Conventionel;N;60;1;;;
418;S;Rooibos;1,923;2,282;0,359;1,341;Fortier;9;Conventionel;N;60;2;;;
419;S;Rooibos;1,913;2,27;0,357;1,279;Fortier;9;Conventionel;N;60;2;;;
420;S;Rooibos;1,903;2,262;0,358;;Fortier;9;Conventionel;N;60;2;;;
523;S;Rooibos;1,907;2,274;0,367;1,352;Fortier;45;Conventionel;N;0;1;47,963;1,2148;0,0845
524;S;Rooibos;1,891;2,252;0,361;1,371;Fortier;45;Conventionel;N;0;1;48,358;1,0006;0,0706
525;S;Rooibos;1,896;2,257;0,361;1,401;Fortier;45;Conventionel;N;0;1;49,667;1,0147;0,0773
526;S;Rooibos;1,902;2,27;0,368;1,3;Fortier;45;Conventionel;N;0;2;50,585;0,89246;0,0584
527;S;Rooibos;1,888;2,249;0,361;1,235;Fortier;45;Conventionel;N;0;2;45,33;0,82495;0,0692
528;S;Rooibos;1,893;2,254;0,361;1,35;Fortier;45;Conventionel;N;0;2;46;0,98091;0,0891
529;S;Rooibos;1,893;2,25;0,356;1,406;Fortier;45;Conventionel;N;15;1;44,649;0,88298;0,0731
530;S;Rooibos;1,886;2,251;0,365;1,372;Fortier;45;Conventionel;N;15;1;44,88;0,82519;0,0763
531;S;Rooibos;1,899;2,253;0,353;1,423;Fortier;45;Conventionel;N;15;1;44,851;0,84795;0,0848
532;S;Rooibos;1,91;2,268;0,359;;Fortier;45;Conventionel;N;15;2;;;
533;S;Rooibos;1,918;2,281;0,362;1,369;Fortier;45;Conventionel;N;15;2;47,625;0,92312;0,0759
534;S;Rooibos;1,908;2,274;0,365;1,307;Fortier;45;Conventionel;N;15;2;46,308;0,76662;0,0762
535;S;Rooibos;1,889;2,248;0,36;1,298;Fortier;45;Conventionel;N;30;1;45,827;1,0734;0,0915
536;S;Rooibos;1,894;2,255;0,361;1,297;Fortier;45;Conventionel;N;30;1;45,185;0,95828;0,0883
537;S;Rooibos;1,92;2,277;0,357;1,316;Fortier;45;Conventionel;N;30;1;46,583;0,93804;0,0664
538;S;Rooibos;1,912;2,274;0,361;1,369;Fortier;45;Conventionel;N;30;2;44,983;0,82848;0,0849
539;S;Rooibos;1,924;2,279;0,355;1,389;Fortier;45;Conventionel;N;30;2;44,722;0,88329;0,0838
540;S;Rooibos;1,903;2,262;0,359;1,5;Fortier;45;Conventionel;N;30;2;44,727;0,9086;0,073
541;S;Rooibos;1,924;2,276;0,352;1,304;Fortier;45;Conventionel;N;45;1;46,833;0,97446;0,0933
542;S;Rooibos;1,893;2,253;0,359;1,458;Fortier;45;Conventionel;N;45;1;45,34;1,0204;0,0787
543;S;Rooibos;1,923;2,278;0,355;1,47;Fortier;45;Conventionel;N;45;1;50,215;1,0171;0,161
544;S;Rooibos;1,91;2,275;0,365;1,445;Fortier;45;Conventionel;N;45;2;45,395;1,0093;0,0795
545;S;Rooibos;1,915;2,275;0,361;1,435;Fortier;45;Conventionel;N;45;2;44,406;0,98229;0,088
546;S;Rooibos;1,91;2,266;0,356;1,43;Fortier;45;Conventionel;N;45;2;45,959;1,0391;0,0953
547;S;Rooibos;1,891;2,247;0,356;1,437;Fortier;45;Conventionel;N;60;1;47,543;0,96472;0,0815
548;S;Rooibos;1,9;2,26;0,36;1,228;Fortier;45;Conventionel;N;60;1;46,787;0,98781;0,0866
549;S;Rooibos;1,913;2,278;0,364;1,389;Fortier;45;Conventionel;N;60;1;45,24;1,0139;0,095
550;S;Rooibos;1,907;2,264;0,357;1,341;Fortier;45;Conventionel;N;60;2;48,123;0,92958;0,102
551;S;Rooibos;1,918;2,269;0,352;1,391;Fortier;45;Conventionel;N;60;2;45,65;1,0164;0,0869
552;S;Rooibos;1,905;2,253;0,348;1,384;Fortier;45;Conventionel;N;60;2;47,642;1,0902;0,0888
756;S;Rooibos;1,926;2,288;0,362;1,396;Fortier;45;Conventionel;Nproducteur;;1;43,223;0,65901;0,0783
757;S;Rooibos;1,926;2,291;0,365;1,398;Fortier;45;Conventionel;Nproducteur;;1;44,182;0,61058;0,0739
758;S;Rooibos;1,893;2,252;0,359;1,373;Fortier;45;Conventionel;Nproducteur;;1;46,048;1,0733;0,0869
759;S;Rooibos;1,894;2,255;0,361;1,379;Fortier;45;Conventionel;Nproducteur;;2;47,219;1,1123;0,0944
760;S;Rooibos;1,909;2,269;0,36;;Fortier;45;Conventionel;Nproducteur;;2;;;
761;S;Rooibos;1,916;2,275;0,359;1,345;Fortier;45;Conventionel;Nproducteur;;2;45,947;0,88188;0,085
762;S;Rooibos;1,925;2,283;0,358;1,516;Fortier;45;Conventionel;Nproducteur;;1;45,946;1,0491;0,084
763;S;Rooibos;1,928;2,285;0,36;1,472;Fortier;45;Conventionel;Nproducteur;;1;46,126;0,96534;0,0994
764;S;Rooibos;1,892;2,259;0,365;;Fortier;45;Conventionel;Nproducteur;;1;;;
765;S;Rooibos;1,926;2,28;0,355;1,419;Fortier;45;Conventionel;Nproducteur;;2;46,09;0,946;0,0945
766;S;Rooibos;1,889;2,247;0,358;1,386;Fortier;45;Conventionel;Nproducteur;;;47,025;1,1066;0,096
767;S;Rooibos;1,923;2,275;0,352;1,472;Fortier;45;Conventionel;Nproducteur;;;;;
768;S;Rooibos;1,896;2,252;0,356;1,859;Fortier;45;Conventionel;Nproducteur;;;;;
769;S;Rooibos;1,905;2,265;0,359;1,994;Fortier;45;Conventionel;Nproducteur;;;;;
770;S;Rooibos;1,907;2,267;0,36;1,835;Fortier;45;Conventionel;Nproducteur;;;;;
771;S;Rooibos;1,917;2,281;0,365;1,406;Fortier;45;Conventionel;Nproducteur;;;;;
772;S;Rooibos;1,907;2,265;0,358;1,464;Fortier;45;Conventionel;Nproducteur;;;;;
773;S;Rooibos;1,893;2,261;0,368;1,366;Fortier;45;Conventionel;Nproducteur;;;;;
774;S;Rooibos;1,906;2,266;0,361;1,337;Fortier;45;Conventionel;Nproducteur;;;;;
775;S;Rooibos;1,9;2,26;0,359;1,331;Fortier;45;Conventionel;Nproducteur;;;;;
776;S;Rooibos;1,917;2,272;0,355;1,298;Fortier;45;Conventionel;Nproducteur;;;;;
777;S;Rooibos;1,919;2,274;0,356;1,465;Fortier;45;Conventionel;Nproducteur;;;;;
778;S;Rooibos;1,922;2,28;0,357;1,446;Fortier;45;Conventionel;Nproducteur;;;;;
779;S;Rooibos;1,904;2,264;0,359;1,248;Fortier;45;Conventionel;Nproducteur;;;;;
780;S;Rooibos;1,894;2,258;0,365;1,494;Fortier;45;Conventionel;Nproducteur;;;;;
781;S;Rooibos;1,904;2,269;0,365;1,538;Fortier;45;Conventionel;Nproducteur;;;;;
782;S;Rooibos;1,896;2,256;0,36;1,487;Fortier;45;Conventionel;Nproducteur;;;;;
783;S;Rooibos;1,903;2,268;0,364;1,467;Fortier;45;Conventionel;Nproducteur;;;;;
784;S;Rooibos;1,922;2,281;0,358;1,503;Fortier;45;Conventionel;Nproducteur;;;;;
785;S;Rooibos;1,918;2,274;0,357;1,213;Fortier;45;Conventionel;Nproducteur;;;;;
793;S;Rooibos;1,915;2,273;0,359;1,268;Fortier;9;Conventionel;N;30;2;;;
794;S;Rooibos;1,926;2,293;0,366;1,369;Fortier;9;Conventionel;N;30;2;;;
795;S;Rooibos;1,923;2,285;0,362;1,273;Fortier;9;Conventionel;N;45;2;;;
796;S;Rooibos;1,911;2,277;0,366;1,117;Fortier;9;Conventionel;N;45;2;;;
797;S;Rooibos;1,92;2,283;0,364;1,243;Fortier;9;Conventionel;N;60;2;;;
798;S;Rooibos;1,92;2,282;0,362;1,286;Fortier;9;Conventionel;N;60;2;;;
1;N;ResidusCanneberge;1,886;2,25;0,364;1,882;Belanger;A9;Biologique;N;60;2;;;
2;N;ResidusCanneberge;1,928;2,288;0,358;1,873;Belanger;A9;Biologique;N;60;2;;;
3;N;ResidusCanneberge;1,882;2,238;0,356;1,477;Belanger;A9;Biologique;N;45;2;;;
4;N;ResidusCanneberge;1,91;2,266;0,354;1,907;Belanger;A9;Biologique;N;45;2;;;
5;N;ResidusCanneberge;1,897;2,26;0,362;1,917;Belanger;A9;Biologique;N;30;2;;;
6;N;ResidusCanneberge;1,93;2,289;0,358;1,966;Belanger;A9;Biologique;N;30;2;;;
7;N;ResidusCanneberge;1,886;2,248;0,365;2,037;Belanger;A9;Biologique;N;0;1;;;
8;N;ResidusCanneberge;1,915;2,279;0,364;1,907;Belanger;A9;Biologique;N;0;1;;;
9;N;ResidusCanneberge;1,88;2,244;0,363;1,807;Belanger;A9;Biologique;N;0;1;;;
10;N;ResidusCanneberge;1,917;2,276;0,367;1,947;Belanger;A9;Biologique;N;0;2;;;
11;N;ResidusCanneberge;1,908;2,265;0,358;1,688;Belanger;A9;Biologique;N;0;2;;;
12;N;ResidusCanneberge;1,899;2,26;0,36;1,898;Belanger;A9;Biologique;N;0;2;;;
13;N;ResidusCanneberge;1,915;2,274;0,359;1,833;Belanger;A9;Biologique;N;30;1;;;
14;N;ResidusCanneberge;1,92;2,279;0,357;1,987;Belanger;A9;Biologique;N;30;1;;;
15;N;ResidusCanneberge;1,905;2,27;0,364;1,918;Belanger;A9;Biologique;N;30;1;;;
16;N;ResidusCanneberge;1,908;2,275;0,369;1,918;Belanger;A9;Biologique;N;30;2;;;
17;N;ResidusCanneberge;1,921;2,282;0,361;1,951;Belanger;A9;Biologique;N;30;2;;;
18;N;ResidusCanneberge;1,896;2,262;0,366;1,944;Belanger;A9;Biologique;N;30;2;;;
19;N;ResidusCanneberge;1,917;2,275;0,358;2,004;Belanger;A9;Biologique;N;60;1;;;
20;N;ResidusCanneberge;1,918;2,283;0,365;1,953;Belanger;A9;Biologique;N;60;1;;;
21;N;ResidusCanneberge;1,911;2,276;0,365;1,914;Belanger;A9;Biologique;N;60;1;;;
22;N;ResidusCanneberge;1,899;2,263;0,364;1,389;Belanger;A9;Biologique;N;60;2;;;
23;N;ResidusCanneberge;1,89;2,248;0,358;1,44;Belanger;A9;Biologique;N;60;2;;;
24;N;ResidusCanneberge;1,888;2,248;0,36;;Belanger;A9;Biologique;N;60;2;;;
25;N;ResidusCanneberge;1,912;2,273;0,36;1,883;Belanger;A9;Biologique;N;45;1;;;
26;N;ResidusCanneberge;1,883;2,245;0,362;1,803;Belanger;A9;Biologique;N;45;1;;;
27;N;ResidusCanneberge;1,902;2,26;0,358;1,883;Belanger;A9;Biologique;N;45;1;;;
28;N;ResidusCanneberge;1,906;2,266;0,36;1,871;Belanger;A9;Biologique;N;45;2;;;
29;N;ResidusCanneberge;1,922;2,285;0,365;1,898;Belanger;A9;Biologique;N;45;2;;;
30;N;ResidusCanneberge;1,934;2,294;0,361;1,976;Belanger;A9;Biologique;N;45;2;;;
31;N;ResidusCanneberge;1,896;2,259;0,364;1,913;Belanger;A9;Biologique;N;15;1;;;
32;N;ResidusCanneberge;1,897;2,258;0,361;1,892;Belanger;A9;Biologique;N;15;1;;;
33;N;ResidusCanneberge;1,918;2,282;0,363;1,953;Belanger;A9;Biologique;N;15;1;;;
34;N;ResidusCanneberge;1,911;2,267;0,358;1,7;Belanger;A9;Biologique;N;15;2;;;
35;N;ResidusCanneberge;1,904;2,266;0,362;1,899;Belanger;A9;Biologique;N;15;2;;;
36;N;ResidusCanneberge;1,907;2,262;0,356;1,916;Belanger;A9;Biologique;N;15;2;;;
187;N;ResidusCanneberge;1,937;2,297;0,361;1,886;Belanger;A9;Biologique;Nproducteur;68,71;;;;
188;N;ResidusCanneberge;1,898;2,248;0,35;1,671;Belanger;A9;Biologique;Nproducteur;68,71;;;;
189;N;ResidusCanneberge;1,915;2,275;0,36;1,898;Belanger;A9;Biologique;Nproducteur;68,71;;;;
190;N;ResidusCanneberge;1,892;2,256;0,363;1,87;Belanger;A9;Biologique;Nproducteur;68,71;;;;
191;N;ResidusCanneberge;1,92;2,282;0,362;0,911;Belanger;A9;Biologique;Nproducteur;68,71;;;;
192;N;ResidusCanneberge;1,908;2,271;0,363;1,528;Belanger;A9;Biologique;Nproducteur;68,71;;;;
193;N;ResidusCanneberge;1,921;2,286;0,365;;Belanger;A9;Biologique;Nproducteur;68,71;;;;
194;N;ResidusCanneberge;1,887;2,25;0,362;1,877;Belanger;A9;Biologique;Nproducteur;68,71;;;;
195;N;ResidusCanneberge;1,934;2,298;0,364;1,924;Belanger;A9;Biologique;Nproducteur;68,71;;;;
196;N;ResidusCanneberge;1,906;2,264;0,356;1,919;Belanger;A9;Biologique;Nproducteur;68,71;;;;
197;N;ResidusCanneberge;1,898;2,257;0,359;1,899;Belanger;A9;Biologique;Nproducteur;68,71;;;;
198;N;ResidusCanneberge;1,919;2,282;0,365;1,933;Belanger;A9;Biologique;Nproducteur;68,71;;;;
199;N;ResidusCanneberge;1,918;2,271;0,354;1,684;Belanger;10;Conventionel;Nproducteur;57,28;;;;
200;N;ResidusCanneberge;1,887;2,239;0,352;1,924;Belanger;10;Conventionel;Nproducteur;57,28;;;;
201;N;ResidusCanneberge;1,906;2,267;0,36;1,872;Belanger;10;Conventionel;Nproducteur;57,28;;;;
202;N;ResidusCanneberge;1,927;2,293;0,365;1,824;Belanger;10;Conventionel;Nproducteur;57,28;;;;
203;N;ResidusCanneberge;1,92;2,279;0,359;1,873;Belanger;10;Conventionel;Nproducteur;57,28;;;;
204;N;ResidusCanneberge;1,919;2,279;0,358;1,887;Belanger;10;Conventionel;Nproducteur;57,28;;;;
205;N;ResidusCanneberge;1,883;2,244;0,361;1,839;Belanger;10;Conventionel;Nproducteur;57,28;;;;
206;N;ResidusCanneberge;1,934;2,297;0,361;1,89;Belanger;10;Conventionel;Nproducteur;57,28;;;;
207;N;ResidusCanneberge;1,929;2,291;0,362;1,901;Belanger;10;Conventionel;Nproducteur;57,28;;;;
208;N;ResidusCanneberge;1,927;2,298;0,372;1,883;Belanger;10;Conventionel;Nproducteur;57,28;;;;
209;N;ResidusCanneberge;1,917;2,281;0,365;1,867;Belanger;10;Conventionel;Nproducteur;57,28;;;;
210;N;ResidusCanneberge;1,923;2,287;0,364;1,657;Belanger;10;Conventionel;Nproducteur;57,28;;;;
211;N;ResidusCanneberge;1,918;2,277;0,358;;Belanger;A9;Biologique;Nproducteur;68,71;;;;
212;N;ResidusCanneberge;1,928;2,295;0,365;1,944;Belanger;A9;Biologique;Nproducteur;68,71;;;;
213;N;ResidusCanneberge;1,896;2,255;0,359;;Belanger;A9;Biologique;Nproducteur;68,71;;;;
214;N;ResidusCanneberge;1,933;2,296;0,363;1,943;Belanger;A9;Biologique;Nproducteur;68,71;;;;
215;N;ResidusCanneberge;1,926;2,286;0,361;;Belanger;A9;Biologique;Nproducteur;68,71;;;;
216;N;ResidusCanneberge;1,907;2,267;0,361;1,921;Belanger;A9;Biologique;Nproducteur;68,71;;;;
319;N;ResidusCanneberge;1,922;2,288;0,366;1,961;Fortier;9;Conventionel;N;0;1;;;
320;N;ResidusCanneberge;1,935;2,294;0,359;1,812;Fortier;9;Conventionel;N;0;1;;;
321;N;ResidusCanneberge;1,868;2,223;0,355;1,793;Fortier;9;Conventionel;N;0;1;;;
322;N;ResidusCanneberge;1,894;2,263;0,37;1,968;Fortier;9;Conventionel;N;0;2;;;
323;N;ResidusCanneberge;1,897;2,257;0,359;2,086;Fortier;9;Conventionel;N;0;2;;;
324;N;ResidusCanneberge;1,9;2,262;0,363;1,491;Fortier;9;Conventionel;N;0;2;;;
325;N;ResidusCanneberge;1,93;2,293;0,363;1,875;Fortier;9;Conventionel;N;15;1;;;
326;N;ResidusCanneberge;1,891;2,253;0,361;2,068;Fortier;9;Conventionel;N;15;1;;;
327;N;ResidusCanneberge;1,91;2,276;0,366;1,734;Fortier;9;Conventionel;N;15;1;;;
328;N;ResidusCanneberge;1,928;2,294;0,366;1,904;Fortier;9;Conventionel;N;15;2;;;
329;N;ResidusCanneberge;1,913;2,276;0,363;1,869;Fortier;9;Conventionel;N;15;2;;;
330;N;ResidusCanneberge;1,939;2,301;0,362;1,925;Fortier;9;Conventionel;N;15;2;;;
331;N;ResidusCanneberge;1,929;2,294;0,361;1,96;Fortier;9;Conventionel;N;30;1;;;
332;N;ResidusCanneberge;1,909;2,278;0,369;1,822;Fortier;9;Conventionel;N;30;1;;;
333;N;ResidusCanneberge;1,893;2,257;0,363;;Fortier;9;Conventionel;N;30;1;;;
334;N;ResidusCanneberge;1,91;2,271;0,361;1,819;Fortier;9;Conventionel;N;30;2;;;
335;N;ResidusCanneberge;1,912;2,278;0,366;;Fortier;9;Conventionel;N;30;2;;;
336;N;ResidusCanneberge;1,927;2,295;0,368;;Fortier;9;Conventionel;N;30;2;;;
337;N;ResidusCanneberge;1,935;2,297;0,361;1,731;Fortier;9;Conventionel;N;45;1;;;
338;N;ResidusCanneberge;1,924;2,284;0,362;1,874;Fortier;9;Conventionel;N;45;1;;;
339;N;ResidusCanneberge;1,937;2,301;0,364;1,884;Fortier;9;Conventionel;N;45;1;;;
340;N;ResidusCanneberge;1,899;2,261;0,361;1,866;Fortier;9;Conventionel;N;45;2;;;
341;N;ResidusCanneberge;1,904;2,268;0,362;1,893;Fortier;9;Conventionel;N;45;2;;;
342;N;ResidusCanneberge;1,885;2,252;0,365;;Fortier;9;Conventionel;N;45;2;;;
343;N;ResidusCanneberge;1,917;2,286;0,368;1,83;Fortier;9;Conventionel;N;60;1;;;
344;N;ResidusCanneberge;1,886;2,25;0,365;;Fortier;9;Conventionel;N;60;1;;;
345;N;ResidusCanneberge;1,885;2,25;0,364;1,815;Fortier;9;Conventionel;N;60;1;;;
346;N;ResidusCanneberge;1,936;2,3;0,363;;Fortier;9;Conventionel;N;60;2;;;
347;N;ResidusCanneberge;1,911;2,274;0,363;1,898;Fortier;9;Conventionel;N;60;2;;;
348;N;ResidusCanneberge;1,927;2,288;0,363;1,628;Fortier;9;Conventionel;N;60;2;;;
451;N;ResidusCanneberge;1,926;2,283;0,356;1,861;Fortier;45;Conventionel;N;0;1;49,369;0,78044;0,078
452;N;ResidusCanneberge;1,916;2,28;0,363;1,863;Fortier;45;Conventionel;N;0;1;50,131;0,75369;0,0651
453;N;ResidusCanneberge;1,931;2,298;0,365;1,548;Fortier;45;Conventionel;N;0;1;50,093;0,81469;0,0762
454;N;ResidusCanneberge;1,932;2,297;0,363;1,926;Fortier;45;Conventionel;N;0;2;49,613;0,76481;0,0758
455;N;ResidusCanneberge;1,906;2,279;0,373;1,8;Fortier;45;Conventionel;N;0;2;49,254;0,82383;0,0898
456;N;ResidusCanneberge;1,893;2,252;0,359;1,793;Fortier;45;Conventionel;N;0;2;47,728;0,77914;0,0794
457;N;ResidusCanneberge;1,925;2,3;0,373;1,883;Fortier;45;Conventionel;N;15;1;49,401;0,7495;0,0806
458;N;ResidusCanneberge;1,895;2,258;0,362;1,827;Fortier;45;Conventionel;N;15;1;48,859;0,79299;0,084
459;N;ResidusCanneberge;1,929;2,293;0,362;1,858;Fortier;45;Conventionel;N;15;1;50,351;0,78587;0,0777
460;N;ResidusCanneberge;1,919;2,283;0,362;1,833;Fortier;45;Conventionel;N;15;2;49,272;0,76349;0,0717
461;N;ResidusCanneberge;1,923;2,287;0,366;1,841;Fortier;45;Conventionel;N;15;2;49,418;0,76398;0,0678
462;N;ResidusCanneberge;1,924;2,286;0,365;1,856;Fortier;45;Conventionel;N;15;2;48,468;0,79769;0,0735
463;N;ResidusCanneberge;1,891;2,252;0,36;1,815;Fortier;45;Conventionel;N;30;1;49,181;0,78571;0,0789
464;N;ResidusCanneberge;1,922;2,293;0,37;2,131;Fortier;45;Conventionel;N;30;1;44,097;0,71374;0,0741
465;N;ResidusCanneberge;1,905;2,27;0,363;1,798;Fortier;45;Conventionel;N;30;1;49,625;0,78517;0,069
466;N;ResidusCanneberge;1,918;2,287;0,369;1,791;Fortier;45;Conventionel;N;30;2;49,171;0,77354;0,0716
467;N;ResidusCanneberge;1,886;2,251;0,366;2,091;Fortier;45;Conventionel;N;30;2;40,626;0,63584;0,0688
468;N;ResidusCanneberge;1,889;2,256;0,367;1,837;Fortier;45;Conventionel;N;30;2;47,785;0,822;0,0765
469;N;ResidusCanneberge;1,927;2,29;0,361;1,808;Fortier;45;Conventionel;N;45;1;49,319;0,79053;0,0783
470;N;ResidusCanneberge;1,919;2,289;0,371;1,911;Fortier;45;Conventionel;N;45;1;47,425;0,82853;0,0708
471;N;ResidusCanneberge;1,885;2,252;0,367;1,984;Fortier;45;Conventionel;N;45;1;45,781;0,68101;0,067
472;N;ResidusCanneberge;1,882;2,242;0,359;1,811;Fortier;45;Conventionel;N;45;2;50,293;0,72939;0,0627
473;N;ResidusCanneberge;1,916;2,279;0,363;1,85;Fortier;45;Conventionel;N;45;2;49,674;0,75357;0,065
474;N;ResidusCanneberge;1,886;2,252;0,361;1,7;Fortier;45;Conventionel;N;45;2;44,719;0,75477;0,0766
475;N;ResidusCanneberge;1,895;2,257;0,362;1,841;Fortier;45;Conventionel;N;60;1;49,616;0,75621;0,0689
476;N;ResidusCanneberge;1,907;2,271;0,362;1,88;Fortier;45;Conventionel;N;60;1;49,886;0,7456;0,0694
477;N;ResidusCanneberge;1,918;2,277;0,359;1,952;Fortier;45;Conventionel;N;60;1;48,854;0,7294;0,0763
478;N;ResidusCanneberge;1,9;2,261;0,36;1,864;Fortier;45;Conventionel;N;60;2;49,311;0,72942;0,0704
479;N;ResidusCanneberge;1,928;2,293;0,365;1,902;Fortier;45;Conventionel;N;60;2;48,851;0,74198;0,0728
480;N;ResidusCanneberge;1,903;2,267;0,364;1,22;Fortier;45;Conventionel;N;60;2;47,936;0,81759;0,0751
658;N;ResidusCanneberge;1,89;2,254;0,365;1,826;Fortier;45;Conventionel;Nproducteur;;;44,352;0,66755;0,0683
659;N;ResidusCanneberge;1,904;2,271;0,366;1,849;Fortier;45;Conventionel;Nproducteur;;;49,575;0,69302;0,0646
660;N;ResidusCanneberge;1,906;2,27;0,364;1,829;Fortier;45;Conventionel;Nproducteur;;;48,432;0,73424;0,0744
661;N;ResidusCanneberge;1,924;2,29;0,366;1,77;Fortier;45;Conventionel;Nproducteur;;;49,511;0,84688;0,0844
662;N;ResidusCanneberge;1,926;2,291;0,365;1,81;Fortier;45;Conventionel;Nproducteur;;;49,869;0,76951;0,0734
663;N;ResidusCanneberge;1,903;2,263;0,361;;Fortier;45;Conventionel;Nproducteur;;;;;
664;N;ResidusCanneberge;1,909;2,274;0,364;1,859;Fortier;45;Conventionel;Nproducteur;;;48,039;0,71769;0,077
665;N;ResidusCanneberge;1,883;2,249;0,366;;Fortier;45;Conventionel;Nproducteur;;;;;
666;N;ResidusCanneberge;1,925;2,29;0,364;;Fortier;45;Conventionel;Nproducteur;;;;;
667;N;ResidusCanneberge;1,908;2,267;0,36;1,845;Fortier;45;Conventionel;Nproducteur;;;49,936;0,77772;0,0738
668;N;ResidusCanneberge;1,929;2,29;0,36;1,812;Fortier;45;Conventionel;Nproducteur;;;49,67;0,80713;0,0781
669;N;ResidusCanneberge;1,915;2,279;0,364;1,853;Fortier;45;Conventionel;Nproducteur;;;47,845;0,83707;0,0798
670;N;ResidusCanneberge;1,939;2,307;0,367;2,38;Fortier;45;Conventionel;Nproducteur;;;;;
671;N;ResidusCanneberge;1,904;2,274;0,37;2,351;Fortier;45;Conventionel;Nproducteur;;;;;
672;N;ResidusCanneberge;1,934;2,296;0,361;;Fortier;45;Conventionel;Nproducteur;;;;;
673;N;ResidusCanneberge;1,891;2,255;0,363;;Fortier;45;Conventionel;Nproducteur;;;;;
674;N;ResidusCanneberge;1,925;2,29;0,365;1,945;Fortier;45;Conventionel;Nproducteur;;;;;
675;N;ResidusCanneberge;1,928;2,287;0,359;1,912;Fortier;45;Conventionel;Nproducteur;;;;;
676;N;ResidusCanneberge;1,9;2,268;0,368;1,901;Fortier;45;Conventionel;Nproducteur;;;;;
677;N;ResidusCanneberge;1,913;2,272;0,361;;Fortier;45;Conventionel;Nproducteur;;;;;
678;N;ResidusCanneberge;1,934;2,304;0,368;1,868;Fortier;45;Conventionel;Nproducteur;;;;;
679;N;ResidusCanneberge;1,937;2,303;0,364;1,891;Fortier;45;Conventionel;Nproducteur;;;;;
680;N;ResidusCanneberge;1,896;2,26;0,364;2,136;Fortier;45;Conventionel;Nproducteur;;;;;
681;N;ResidusCanneberge;1,933;2,297;0,363;1,902;Fortier;45;Conventionel;Nproducteur;;;;;
682;N;ResidusCanneberge;1,934;2,299;0,364;1,947;Fortier;45;Conventionel;Nproducteur;;;;;
683;N;ResidusCanneberge;1,911;2,275;0,364;;Fortier;45;Conventionel;Nproducteur;;;;;
684;N;ResidusCanneberge;1,938;2,303;0,365;1,915;Fortier;45;Conventionel;Nproducteur;;;;;
685;N;ResidusCanneberge;1,909;2,273;0,369;;Fortier;45;Conventionel;Nproducteur;;;;;
686;N;ResidusCanneberge;1,892;2,263;0,368;1,858;Fortier;45;Conventionel;Nproducteur;;;;;
687;N;ResidusCanneberge;1,934;2,309;0,376;1,914;Fortier;45;Conventionel;Nproducteur;;;;;
721;N;ResidusCanneberge;1,905;2,257;0,352;1,868;Fortier;9;Conventionel;N;30;2;;;
722;N;ResidusCanneberge;1,916;2,285;0,367;1,937;Fortier;9;Conventionel;N;30;2;;;
723;N;ResidusCanneberge;1,933;2,305;0,367;2,088;Fortier;9;Conventionel;N;45;2;;;
724;N;ResidusCanneberge;1,917;2,277;0,36;1,896;Fortier;9;Conventionel;N;45;2;;;
725;N;ResidusCanneberge;1,908;2,267;0,358;;Fortier;9;Conventionel;N;60;2;;;
726;N;ResidusCanneberge;1,935;2,306;0,368;1,903;Fortier;9;Conventionel;N;60;2;;;
727;N;ResidusCanneberge;1,931;2,303;0,368;1,887;Belanger;10;Conventionel;N;45;2;;;
728;N;ResidusCanneberge;1,905;2,272;0,368;1,837;Belanger;10;Conventionel;N;45;2;;;
729;N;ResidusCanneberge;1,911;2,272;0,362;1,839;Belanger;10;Conventionel;N;60;2;;;
730;N;ResidusCanneberge;1,899;2,258;0,359;1,829;Belanger;10;Conventionel;N;60;2;;;
731;N;ResidusCanneberge;1,897;2,264;0,367;1,757;Belanger;10;Conventionel;N;30;;;;
732;N;ResidusCanneberge;1,919;2,283;0,365;1,889;Belanger;10;Conventionel;N;30;;;;
778;N;ResidusCanneberge;1,884;2,24;0,357;1,802;Belanger;10;Conventionel;N;0;;;;
779;N;ResidusCanneberge;1,921;2,287;0,365;1,829;Belanger;10;Conventionel;N;0;;;;
780;N;ResidusCanneberge;1,929;2,296;0,369;1,828;Belanger;10;Conventionel;N;0;;;;
781;N;ResidusCanneberge;1,885;2,237;0,353;1,835;Belanger;10;Conventionel;N;0;;;;
782;N;ResidusCanneberge;1,927;2,289;0,362;1,803;Belanger;10;Conventionel;N;0;;;;
783;N;ResidusCanneberge;1,934;2,299;0,365;;Belanger;10;Conventionel;N;0;;;;
784;N;ResidusCanneberge;1,925;2,286;0,359;1,842;Belanger;10;Conventionel;N;15;;;;
785;N;ResidusCanneberge;1,909;2,273;0,364;1,786;Belanger;10;Conventionel;N;15;;;;
786;N;ResidusCanneberge;1,919;2,285;0,366;1,851;Belanger;10;Conventionel;N;15;;;;
787;N;ResidusCanneberge;1,881;2,241;0,359;1,825;Belanger;10;Conventionel;N;15;;;;
788;N;ResidusCanneberge;1,905;2,274;0,368;1,825;Belanger;10;Conventionel;N;15;;;;
789;N;ResidusCanneberge;1,913;2,276;0,363;1,826;Belanger;10;Conventionel;N;15;;;;
790;N;ResidusCanneberge;1,897;2,254;0,357;1,817;Belanger;10;Conventionel;N;30;;;;
791;N;ResidusCanneberge;1,902;2,262;0,359;1,814;Belanger;10;Conventionel;N;30;;;;
792;N;ResidusCanneberge;1,885;2,245;0,358;1,812;Belanger;10;Conventionel;N;30;;;;
793;N;ResidusCanneberge;1,919;2,287;0,368;1,813;Belanger;10;Conventionel;N;30;;;;
794;N;ResidusCanneberge;1,893;2,258;0,366;1,83;Belanger;10;Conventionel;N;30;;;;
795;N;ResidusCanneberge;1,908;2,275;0,366;1,838;Belanger;10;Conventionel;N;30;;;;
796;N;ResidusCanneberge;1,905;2,269;0,364;1,865;Belanger;10;Conventionel;N;45;;;;
797;N;ResidusCanneberge;1,898;2,258;0,36;1,826;Belanger;10;Conventionel;N;45;;;;
798;N;ResidusCanneberge;1,897;2,258;0,361;1,821;Belanger;10;Conventionel;N;45;;;;
799;N;ResidusCanneberge;1,912;2,271;0,359;1,855;Belanger;10;Conventionel;N;45;;;;
800;N;ResidusCanneberge;1,881;2,249;0,368;1,821;Belanger;10;Conventionel;N;45;;;;
801;N;ResidusCanneberge;1,914;2,282;0,368;1,858;Belanger;10;Conventionel;N;45;;;;
802;N;ResidusCanneberge;1,892;2,254;0,362;1,828;Belanger;10;Conventionel;N;60;;;;
803;N;ResidusCanneberge;1,922;2,287;0,363;1,859;Belanger;10;Conventionel;N;60;;;;
804;N;ResidusCanneberge;1,914;2,28;0,366;1,859;Belanger;10;Conventionel;N;60;;;;
805;N;ResidusCanneberge;1,93;2,291;0,361;1,889;Belanger;10;Conventionel;N;60;;;;
806;N;ResidusCanneberge;1,938;2,3;0,362;1,873;Belanger;10;Conventionel;N;60;;;;
807;N;ResidusCanneberge;1,923;2,291;0,368;1,841;Belanger;10;Conventionel;N;60;;;;
1;C;ControleSencha;1,739;2,105;0,365;1,007;Belanger;A9;Biologique;N;60;2;;;
2;C;ControleSencha;1,669;2,037;0,368;0,475;Belanger;A9;Biologique;N;45;2;;;
3;C;ControleSencha;1,72;2,082;0,362;0,537;Belanger;A9;Biologique;N;30;2;;;
4;C;ControleSencha;1,784;2,145;0,361;0,496;Belanger;A9;Biologique;N;0;;;;
5;C;ControleSencha;1,859;2,222;0,363;0,777;Belanger;A9;Biologique;N;30;;;;
6;C;ControleSencha;1,772;2,144;0,37;0,495;Belanger;A9;Biologique;N;60;;;;
7;C;ControleSencha;1,743;2,105;0,363;0,552;Belanger;A9;Biologique;N;45;;;;
8;C;ControleSencha;1,808;2,175;0,367;0,546;Belanger;A9;Biologique;N;15;;;;
52;C;ControleSencha;1,864;2,225;0,362;0,453;Belanger;A9;Biologique;Nproducteur;68,71;;;;
53;C;ControleSencha;1,857;2,222;0,365;0,459;Belanger;A9;Biologique;Nproducteur;68,71;;;;
54;C;ControleSencha;1,807;2,172;0,364;0,492;Belanger;A9;Biologique;Nproducteur;68,71;;;;
55;C;ControleSencha;1,824;2,19;0,366;0,46;Belanger;A9;Biologique;Nproducteur;68,71;;;;
56;C;ControleSencha;1,865;2,229;0,363;0,471;Belanger;A9;Biologique;Nproducteur;68,71;;;;
57;C;ControleSencha;1,882;2,244;0,363;;Belanger;A9;Biologique;Nproducteur;68,71;;;;
58;C;ControleSencha;1,738;2,1;0,361;0,55;Belanger;A9;Biologique;Nproducteur;68,71;;;;
59;C;ControleSencha;1,812;2,17;0,357;0,455;Belanger;A9;Biologique;Nproducteur;68,71;;;;
60;C;ControleSencha;1,727;2,095;0,368;;Belanger;A9;Biologique;Nproducteur;68,71;;;;
61;C;ControleSencha;1,731;2,091;0,358;0,464;Belanger;A9;Biologique;Nproducteur;68,71;;;;
62;C;ControleSencha;1,808;2,177;0,369;;Belanger;A9;Biologique;Nproducteur;68,71;;;;
63;C;ControleSencha;1,694;2,063;0,369;;Belanger;A9;Biologique;Nproducteur;68,71;;;;
64;C;ControleSencha;1,793;2,157;0,363;;Belanger;A9;Biologique;Nproducteur;68,71;;;;
65;C;ControleSencha;1,821;2,188;0,366;0,53;Belanger;A9;Biologique;Nproducteur;68,71;;;;
66;C;ControleSencha;1,754;2,118;0,363;;Belanger;A9;Biologique;Nproducteur;68,71;;;;
95;C;ControleSencha;1,754;2,12;0,366;;Fortier;9;Conventionel;N;0;;;;
95;C;ControleSencha;1,724;2,082;0,358;0,491;Fortier;9;Conventionel;N;0;;;;
96;C;ControleSencha;1,732;2,093;0,362;0,504;Fortier;9;Conventionel;N;15;;;;
96;C;ControleSencha;1,778;2,135;0,357;0,557;Fortier;9;Conventionel;N;15;;;;
97;C;ControleSencha;1,72;2,083;0,362;0,501;Fortier;9;Conventionel;N;30;;;;
98;C;ControleSencha;1,827;2,194;0,366;;Fortier;9;Conventionel;N;45;;;;
99;C;ControleSencha;1,803;2,173;0,37;0,484;Fortier;9;Conventionel;N;60;;;;
128;C;ControleSencha;1,851;2,216;0,364;0,532;Fortier;45;Conventionel;N;0;;;;
129;C;ControleSencha;1,805;2,164;0,359;0,484;Fortier;45;Conventionel;N;0;;;;
130;C;ControleSencha;1,741;2,105;0,365;0,578;Fortier;45;Conventionel;N;15;;;;
131;C;ControleSencha;1,814;2,177;0,363;0,582;Fortier;45;Conventionel;N;15;;;;
132;C;ControleSencha;1,806;2,17;0,363;0,547;Fortier;45;Conventionel;N;30;;;;
133;C;ControleSencha;1,728;2,094;0,366;0,566;Fortier;45;Conventionel;N;30;;;;
134;C;ControleSencha;1,77;2,135;0,365;0,594;Fortier;45;Conventionel;N;45;;;;
135;C;ControleSencha;1,77;2,135;0,366;0,596;Fortier;45;Conventionel;N;45;;;;
136;C;ControleSencha;1,844;2,2;0,356;0,717;Fortier;45;Conventionel;N;60;;;;
137;C;ControleSencha;1,825;2,19;0,365;1,216;Fortier;45;Conventionel;N;60;;;;
197;C;ControleSencha;1,784;2,152;0,368;0,548;Fortier;9;Conventionel;N;30;2;;;
198;C;ControleSencha;1,807;2,179;0,372;0,562;Fortier;9;Conventionel;N;45;2;;;
199;C;ControleSencha;1,788;2,151;0,363;0,562;Fortier;9;Conventionel;N;60;2;;;
200;C;ControleSencha;1,755;2,122;0,366;;Belanger;10;Conventionel;N;45;2;;;
201;C;ControleSencha;1,764;2,13;0,366;0,504;Belanger;10;Conventionel;N;60;2;;;
202;C;ControleSencha;1,803;2,171;0,368;;Belanger;10;Conventionel;N;30;2;;;
217;C;ControleSencha;1,774;2,136;0,362;0,412;Belanger;10;Conventionel;N;0;;;;
218;C;ControleSencha;1,752;2,111;0,359;0,382;Belanger;10;Conventionel;N;0;;;;
219;C;ControleSencha;1,799;2,16;0,362;;Belanger;10;Conventionel;N;15;;;;
220;C;ControleSencha;1,881;2,247;0,366;;Belanger;10;Conventionel;N;15;;;;
221;C;ControleSencha;1,811;2,169;0,358;0,464;Belanger;10;Conventionel;N;15;;;;
222;C;ControleSencha;1,788;2,159;0,371;0,563;Fortier;45;Conventionel;Nproducteur;;;;;
223;C;ControleSencha;1,772;2,136;0,363;0,591;Fortier;45;Conventionel;Nproducteur;;;;;
224;C;ControleSencha;1,829;2,195;0,365;0,671;Fortier;45;Conventionel;Nproducteur;;;;;
225;C;ControleSencha;1,716;2,073;0,357;0,525;Fortier;45;Conventionel;Nproducteur;;;;;
226;C;ControleSencha;1,875;2,239;0,364;1,109;Fortier;9;Conventionel;Nproducteur;;;;;
227;C;ControleSencha;1,791;2,159;0,369;0,629;Fortier;9;Conventionel;Nproducteur;;;;;
228;C;ControleSencha;1,69;2,054;0,364;0,632;Fortier;9;Conventionel;Nproducteur;;;;;
229;C;ControleSencha;1,857;2,223;0,366;0,572;Fortier;9;Conventionel;Nproducteur;;;;;
230;C;ControleSencha;1,8;2,164;0,365;0,408;Belanger;10;Conventionel;Nproducteur;;;;;
301;C;ControleSencha;1,878;2,241;0,363;0,547;Belanger;10;Conventionel;N;30;;;;
302;C;ControleSencha;1,675;2,03;0,355;0,516;Belanger;10;Conventionel;N;30;;;;
303;C;ControleSencha;1,713;2,075;0,362;0,455;Belanger;10;Conventionel;N;45;;;;
304;C;ControleSencha;1,774;2,14;0,36;0,437;Belanger;10;Conventionel;N;45;;;;
305;C;ControleSencha;1,794;2,155;0,361;0,466;Belanger;10;Conventionel;N;60;;;;
306;C;ControleSencha;1,784;2,143;0,357;0,456;Belanger;10;Conventionel;N;60;;;;
307;C;ControleSencha;1,686;2,044;0,358;;Belanger;A9;Biologique;N;0;;;;
308;C;ControleSencha;1,758;2,114;0,356;0,478;Belanger;A9;Biologique;N;15;;;;
309;C;ControleSencha;1,728;2,081;0,353;0,548;Belanger;A9;Biologique;N;30;;;;
310;C;ControleSencha;1,712;2,069;0,355;;Belanger;A9;Biologique;N;45;;;;
311;C;ControleSencha;1,697;2,057;0,36;;Belanger;A9;Biologique;N;60;;;;
312;C;ControleSencha;1,658;2,017;0,359;0,447;Fortier;9;Conventionel;N;0;;;;
313;C;ControleSencha;1,748;2,1;0,352;0,685;Fortier;9;Conventionel;N;15;;;;
314;C;ControleSencha;1,654;2,014;0,359;0,449;Fortier;9;Conventionel;N;30;;;;
315;C;ControleSencha;1,746;2,104;0,359;0,514;Fortier;9;Conventionel;N;45;;;;
316;C;ControleSencha;1,707;2,066;0,359;;Fortier;9;Conventionel;N;60;;;;
1;H;ControleHibiscus;1,992;2,35;0,357;1,41;Belanger;A9;Biologique;N;60;2;;;
2;H;ControleHibiscus;2,001;2,366;0,364;1,327;Belanger;A9;Biologique;N;45;2;;;
3;H;ControleHibiscus;1,993;2,353;0,359;1,421;Belanger;A9;Biologique;N;30;2;;;
4;H;ControleHibiscus;2,007;2,371;0,364;1,53;Belanger;A9;Biologique;N;0;;;;
5;H;ControleHibiscus;1,96;2,323;0,363;1,425;Belanger;A9;Biologique;N;30;;;;
6;H;ControleHibiscus;1,994;2,356;0,362;1,475;Belanger;A9;Biologique;N;60;;;;
7;H;ControleHibiscus;1,996;2,355;0,359;1,453;Belanger;A9;Biologique;N;45;;;;
8;H;ControleHibiscus;2,015;2,38;0,364;1,431;Belanger;A9;Biologique;N;15;;;;
52;H;ControleHibiscus;1,975;2,339;0,364;;Belanger;A9;Biologique;Nproducteur;68,71;;;;
53;H;ControleHibiscus;1,946;2,309;0,364;;Belanger;A9;Biologique;Nproducteur;68,71;;;;
54;H;ControleHibiscus;1,939;2,3;0,361;1,514;Belanger;A9;Biologique;Nproducteur;68,71;;;;
55;H;ControleHibiscus;1,912;2,273;0,361;1,281;Belanger;A9;Biologique;Nproducteur;68,71;;;;
56;H;ControleHibiscus;1,947;2,308;0,361;;Belanger;A9;Biologique;Nproducteur;68,71;;;;
57;H;ControleHibiscus;1,98;2,341;0,361;1,46;Belanger;A9;Biologique;Nproducteur;68,71;;;;
58;H;ControleHibiscus;1,968;2,323;0,356;1,492;Belanger;10;Conventionel;Nproducteur;68,71;;;;
59;H;ControleHibiscus;2,025;2,384;0,359;1,479;Belanger;10;Conventionel;Nproducteur;68,71;;;;
60;H;ControleHibiscus;1,955;2,323;0,368;;Belanger;10;Conventionel;Nproducteur;68,71;;;;
61;H;ControleHibiscus;1,945;2,308;0,363;1,321;Belanger;10;Conventionel;Nproducteur;68,71;;;;
62;H;ControleHibiscus;1,97;2,334;0,364;1,453;Belanger;10;Conventionel;Nproducteur;68,71;;;;
63;H;ControleHibiscus;1,954;2,319;0,364;;Belanger;10;Conventionel;Nproducteur;68,71;;;;
64;H;ControleHibiscus;1,995;2,365;0,369;1,405;Belanger;A9;Biologique;Nproducteur;68,71;;;;
65;H;ControleHibiscus;1,976;2,336;0,361;1,653;Belanger;A9;Biologique;Nproducteur;68,71;;;;
66;H;ControleHibiscus;1,943;2,305;0,362;1,309;Belanger;A9;Biologique;Nproducteur;68,71;;;;
95;H;ControleHibiscus;2,033;2,391;0,358;1,344;Fortier;9;Conventionel;N;0;;;;
96;H;ControleHibiscus;2,048;2,415;0,367;1,294;Fortier;9;Conventionel;N;15;;;;
97;H;ControleHibiscus;1,925;2,287;0,363;1,191;Fortier;9;Conventionel;N;30;;;;
98;H;ControleHibiscus;1,961;2,323;0,362;1,338;Fortier;9;Conventionel;N;45;;;;
99;H;ControleHibiscus;1,928;2,291;0,363;1,256;Fortier;9;Conventionel;N;60;;;;
128;H;ControleHibiscus;1,956;2,318;0,362;1,318;Fortier;45;Conventionel;N;0;;;;
129;H;ControleHibiscus;1,909;2,271;0,362;1,118;Fortier;45;Conventionel;N;0;;;;
130;H;ControleHibiscus;1,913;2,276;0,362;1,189;Fortier;45;Conventionel;N;15;;;;
131;H;ControleHibiscus;1,939;2,308;0,369;1,187;Fortier;45;Conventionel;N;15;;;;
132;H;ControleHibiscus;2,007;2,367;0,36;1,209;Fortier;45;Conventionel;N;30;;;;
133;H;ControleHibiscus;1,971;2,333;0,362;1,119;Fortier;45;Conventionel;N;30;;;;
134;H;ControleHibiscus;2,023;2,384;0,361;1,34;Fortier;45;Conventionel;N;45;;;;
135;H;ControleHibiscus;1,983;2,35;0,366;1,306;Fortier;45;Conventionel;N;45;;;;
136;H;ControleHibiscus;2,019;2,382;0,364;1,375;Fortier;45;Conventionel;N;60;;;;
137;H;ControleHibiscus;1,952;2,32;0,368;;Fortier;45;Conventionel;N;60;;;;
197;H;ControleHibiscus;1,996;2,353;0,357;1,422;Fortier;9;Conventionel;N;30;2;;;
198;H;ControleHibiscus;1,891;2,249;0,357;;Fortier;9;Conventionel;N;45;2;;;
199;H;ControleHibiscus;1,968;2,33;0,362;1,169;Fortier;9;Conventionel;N;60;2;;;
200;H;ControleHibiscus;1,972;2,33;0,358;1,394;Belanger;10;Conventionel;N;45;2;;;
201;H;ControleHibiscus;1,984;2,344;0,359;1,513;Belanger;10;Conventionel;N;60;2;;;
202;H;ControleHibiscus;1,954;2,315;0,362;;Belanger;10;Conventionel;N;30;2;;;
210;H;ControleHibiscus;1,954;2,315;0,36;1,413;Fortier;45;Conventionel;Nproducteur;;2;;;
217;H;ControleHibiscus;1,973;2,329;0,356;;Belanger;10;Conventionel;N;0;;;;
218;H;ControleHibiscus;1,934;2,295;0,36;1,37;Belanger;10;Conventionel;N;0;;;;
219;H;ControleHibiscus;1,969;2,331;0,362;;Belanger;10;Conventionel;N;15;;;;
220;H;ControleHibiscus;1,943;2,304;0,361;1,337;Belanger;10;Conventionel;N;15;;;;
221;H;ControleHibiscus;2,006;2,363;0,356;1,593;Belanger;10;Conventionel;Nproducteur;;2;;;
222;H;ControleHibiscus;1,999;2,365;0,366;1,476;Fortier;45;Conventionel;Nproducteur;;1;;;
223;H;ControleHibiscus;1,97;2,337;0,367;1,318;Fortier;45;Conventionel;Nproducteur;;2;;;
224;H;ControleHibiscus;1,949;2,316;0,367;1,333;Fortier;45;Conventionel;Nproducteur;;1;;;
226;H;ControleHibiscus;1,95;2,313;0,362;1,786;Fortier;9;Conventionel;Nproducteur;;1;;;
227;H;ControleHibiscus;1,973;2,329;0,356;;Fortier;9;Conventionel;Nproducteur;;2;;;
228;H;ControleHibiscus;1,991;2,35;0,359;;Fortier;9;Conventionel;Nproducteur;;1;;;
229;H;ControleHibiscus;1,97;2,326;0,356;1,364;Fortier;9;Conventionel;Nproducteur;;2;;;
230;H;ControleHibiscus;1,968;2,326;0,358;1,392;Belanger;10;Conventionel;Nproducteur;;1;;;
301;H;ControleHibiscus;1,957;2,317;0,357;1,489;Belanger;10;Conventionel;N;30;;;;
302;H;ControleHibiscus;1,958;2,312;0,353;1,396;Belanger;10;Conventionel;N;30;;;;
303;H;ControleHibiscus;1,981;2,333;0,351;1,416;Belanger;10;Conventionel;N;45;;;;
304;H;ControleHibiscus;2,016;2,369;0,353;1,533;Belanger;10;Conventionel;N;45;;;;
305;H;ControleHibiscus;1,983;2,344;0,361;1,498;Belanger;10;Conventionel;N;60;;;;
306;H;ControleHibiscus;1,968;2,321;0,352;1,382;Belanger;10;Conventionel;N;60;;;;
307;H;ControleHibiscus;1,931;2,292;0,361;1,237;Belanger;A9;Biologique;N;0;;;;
308;H;ControleHibiscus;1,955;2,306;0,351;1,271;Belanger;A9;Biologique;N;15;;;;
309;H;ControleHibiscus;1,948;2,304;0,355;1,364;Belanger;A9;Biologique;N;30;;;;
310;H;ControleHibiscus;1,938;2,302;0,364;1,333;Belanger;A9;Biologique;N;45;;;;
311;H;ControleHibiscus;2,013;2,368;0,355;1,369;Belanger;A9;Biologique;N;60;;;;
312;H;ControleHibiscus;1,971;2,33;0,359;1,365;Fortier;9;Conventionel;N;0;;;;
313;H;ControleHibiscus;1,939;2,301;0,36;1,231;Fortier;9;Conventionel;N;15;;;;
314;H;ControleHibiscus;1,981;2,338;0,357;1,224;Fortier;9;Conventionel;N;30;;;;
315;H;ControleHibiscus;1,978;2,343;0,363;1,317;Fortier;9;Conventionel;N;45;;;;
316;H;ControleHibiscus;1,956;2,324;0,365;1,243;Fortier;9;Conventionel;N;60;;;;
