"","PertePoids","Sorte_The","Initial_Poids_Echantillon_g","Final_Poids_Echantillon_g","Producteur","Prelevement","Site","DoseRepPrel"
"1",-0.0800636267232238,"Residus_Canneberges",1.886,2.037,"Belanger",7,"A9","0_1_A9_7"
"2",0.00417754569190601,"Residus_Canneberges",1.915,1.907,"Belanger",7,"A9","0_1_A9_7"
"3",0.0388297872340425,"Residus_Canneberges",1.88,1.807,"Belanger",7,"A9","0_1_A9_7"
"4",-0.0156494522691706,"Residus_Canneberges",1.917,1.947,"Belanger",7,"A9","0_2_A9_7"
"5",0.115303983228512,"Residus_Canneberges",1.908,1.688,"Belanger",7,"A9","0_2_A9_7"
"6",0.000526592943654614,"Residus_Canneberges",1.899,1.898,"Belanger",7,"A9","0_2_A9_7"
"7",-0.00896624472573846,"Residus_Canneberges",1.896,1.913,"Belanger",7,"A9","15_1_A9_7"
"8",0.00263574064312078,"Residus_Canneberges",1.897,1.892,"Belanger",7,"A9","15_1_A9_7"
"9",-0.0182481751824818,"Residus_Canneberges",1.918,1.953,"Belanger",7,"A9","15_1_A9_7"
"10",0.110413396127682,"Residus_Canneberges",1.911,1.7,"Belanger",7,"A9","15_2_A9_7"
"11",0.00262605042016801,"Residus_Canneberges",1.904,1.899,"Belanger",7,"A9","15_2_A9_7"
"12",-0.00471945464079701,"Residus_Canneberges",1.907,1.916,"Belanger",7,"A9","15_2_A9_7"
"13",0.0428198433420366,"Residus_Canneberges",1.915,1.833,"Belanger",7,"A9","30_1_A9_7"
"14",-0.0348958333333334,"Residus_Canneberges",1.92,1.987,"Belanger",7,"A9","30_1_A9_7"
"15",-0.00682414698162724,"Residus_Canneberges",1.905,1.918,"Belanger",7,"A9","30_1_A9_7"
"16",-0.00524109014675053,"Residus_Canneberges",1.908,1.918,"Belanger",7,"A9","30_2_A9_7"
"17",-0.0156168662155128,"Residus_Canneberges",1.921,1.951,"Belanger",7,"A9","30_2_A9_7"
"18",-0.0253164556962026,"Residus_Canneberges",1.896,1.944,"Belanger",7,"A9","30_2_A9_7"
"19",0.0151673640167364,"Residus_Canneberges",1.912,1.883,"Belanger",7,"A9","45_1_A9_7"
"20",0.042485395645247,"Residus_Canneberges",1.883,1.803,"Belanger",7,"A9","45_1_A9_7"
"21",0.00998948475289164,"Residus_Canneberges",1.902,1.883,"Belanger",7,"A9","45_1_A9_7"
"22",0.0183630640083945,"Residus_Canneberges",1.906,1.871,"Belanger",7,"A9","45_2_A9_7"
"23",0.0124869927159209,"Residus_Canneberges",1.922,1.898,"Belanger",7,"A9","45_2_A9_7"
"24",-0.0217166494312306,"Residus_Canneberges",1.934,1.976,"Belanger",7,"A9","45_2_A9_7"
"25",-0.0453834115805947,"Residus_Canneberges",1.917,2.004,"Belanger",7,"A9","60_1_A9_7"
"26",-0.0182481751824818,"Residus_Canneberges",1.918,1.953,"Belanger",7,"A9","60_1_A9_7"
"27",-0.0015698587127158,"Residus_Canneberges",1.911,1.914,"Belanger",7,"A9","60_1_A9_7"
"28",0.268562401263823,"Residus_Canneberges",1.899,1.389,"Belanger",7,"A9","60_2_A9_7"
"29",0.238095238095238,"Residus_Canneberges",1.89,1.44,"Belanger",7,"A9","60_2_A9_7"
"30",-0.0105429625724829,"Residus_Canneberges",1.897,1.917,"Belanger",7,"A9","30_2_A9_7"
"31",-0.0186528497409327,"Residus_Canneberges",1.93,1.966,"Belanger",7,"A9","30_2_A9_7"
"32",0.21519659936238,"Residus_Canneberges",1.882,1.477,"Belanger",7,"A9","45_2_A9_7"
"33",0.00157068062827219,"Residus_Canneberges",1.91,1.907,"Belanger",7,"A9","45_2_A9_7"
"34",0.00212089077412513,"Residus_Canneberges",1.886,1.882,"Belanger",7,"A9","60_2_A9_7"
"35",0.0285269709543568,"Residus_Canneberges",1.928,1.873,"Belanger",7,"A9","60_2_A9_7"
"36",0.026329375322664,"Residus_Canneberges",1.937,1.886,"Belanger",7,"A9","NA_1_A9_7"
"37",0.119599578503688,"Residus_Canneberges",1.898,1.671,"Belanger",7,"A9","NA_2_A9_7"
"38",0.00887728459530033,"Residus_Canneberges",1.915,1.898,"Belanger",7,"A9","NA_3_A9_7"
"39",0.0116279069767441,"Residus_Canneberges",1.892,1.87,"Belanger",7,"A9","NA_4_A9_7"
"40",0.525520833333333,"Residus_Canneberges",1.92,0.911,"Belanger",7,"A9","NA_5_A9_7"
"41",0.19916142557652,"Residus_Canneberges",1.908,1.528,"Belanger",7,"A9","NA_6_A9_7"
"42",-0.008298755186722,"Residus_Canneberges",1.928,1.944,"Belanger",7,"A9","NA_2_A9_7"
"43",-0.00517330574236938,"Residus_Canneberges",1.933,1.943,"Belanger",7,"A9","NA_4_A9_7"
"44",-0.00734137388568433,"Residus_Canneberges",1.907,1.921,"Belanger",7,"A9","NA_6_A9_7"
"45",0.00529941706412295,"Residus_Canneberges",1.887,1.877,"Belanger",7,"A9","NA_2_A9_7"
"46",0.00517063081695967,"Residus_Canneberges",1.934,1.924,"Belanger",7,"A9","NA_3_A9_7"
"47",-0.00682056663168947,"Residus_Canneberges",1.906,1.919,"Belanger",7,"A9","NA_4_A9_7"
"48",-0.000526870389884147,"Residus_Canneberges",1.898,1.899,"Belanger",7,"A9","NA_5_A9_7"
"49",-0.00729546638874414,"Residus_Canneberges",1.919,1.933,"Belanger",7,"A9","NA_6_A9_7"
"50",0.043524416135881,"Residus_Canneberges",1.884,1.802,"Belanger",7,"10","0_NA_10_7"
"51",0.0478917230609058,"Residus_Canneberges",1.921,1.829,"Belanger",7,"10","0_NA_10_7"
"52",0.0523587350959046,"Residus_Canneberges",1.929,1.828,"Belanger",7,"10","0_NA_10_7"
"53",0.0265251989389921,"Residus_Canneberges",1.885,1.835,"Belanger",7,"10","0_NA_10_7"
"54",0.064348728593669,"Residus_Canneberges",1.927,1.803,"Belanger",7,"10","0_NA_10_7"
"55",0.0431168831168831,"Residus_Canneberges",1.925,1.842,"Belanger",7,"10","15_NA_10_7"
"56",0.0644316396018858,"Residus_Canneberges",1.909,1.786,"Belanger",7,"10","15_NA_10_7"
"57",0.0354351224596144,"Residus_Canneberges",1.919,1.851,"Belanger",7,"10","15_NA_10_7"
"58",0.0297713981924509,"Residus_Canneberges",1.881,1.825,"Belanger",7,"10","15_NA_10_7"
"59",0.041994750656168,"Residus_Canneberges",1.905,1.825,"Belanger",7,"10","15_NA_10_7"
"60",0.0454783063251437,"Residus_Canneberges",1.913,1.826,"Belanger",7,"10","15_NA_10_7"
"61",0.0421718502899315,"Residus_Canneberges",1.897,1.817,"Belanger",7,"10","30_NA_10_7"
"62",0.0462670872765509,"Residus_Canneberges",1.902,1.814,"Belanger",7,"10","30_NA_10_7"
"63",0.0387267904509284,"Residus_Canneberges",1.885,1.812,"Belanger",7,"10","30_NA_10_7"
"64",0.0552371026576342,"Residus_Canneberges",1.919,1.813,"Belanger",7,"10","30_NA_10_7"
"65",0.0332805071315372,"Residus_Canneberges",1.893,1.83,"Belanger",7,"10","30_NA_10_7"
"66",0.0366876310272536,"Residus_Canneberges",1.908,1.838,"Belanger",7,"10","30_NA_10_7"
"67",0.020997375328084,"Residus_Canneberges",1.905,1.865,"Belanger",7,"10","45_NA_10_7"
"68",0.0379346680716543,"Residus_Canneberges",1.898,1.826,"Belanger",7,"10","45_NA_10_7"
"69",0.0400632577754349,"Residus_Canneberges",1.897,1.821,"Belanger",7,"10","45_NA_10_7"
"70",0.0298117154811715,"Residus_Canneberges",1.912,1.855,"Belanger",7,"10","45_NA_10_7"
"71",0.0318979266347688,"Residus_Canneberges",1.881,1.821,"Belanger",7,"10","45_NA_10_7"
"72",0.0292580982236154,"Residus_Canneberges",1.914,1.858,"Belanger",7,"10","45_NA_10_7"
"73",0.0338266384778012,"Residus_Canneberges",1.892,1.828,"Belanger",7,"10","60_NA_10_7"
"74",0.0327783558792924,"Residus_Canneberges",1.922,1.859,"Belanger",7,"10","60_NA_10_7"
"75",0.028735632183908,"Residus_Canneberges",1.914,1.859,"Belanger",7,"10","60_NA_10_7"
"76",0.0212435233160621,"Residus_Canneberges",1.93,1.889,"Belanger",7,"10","60_NA_10_7"
"77",0.0335397316821465,"Residus_Canneberges",1.938,1.873,"Belanger",7,"10","60_NA_10_7"
"78",0.0426417056682268,"Residus_Canneberges",1.923,1.841,"Belanger",7,"10","60_NA_10_7"
"79",0.0738007380073801,"Residus_Canneberges",1.897,1.757,"Belanger",7,"10","30_NA_10_7"
"80",0.0156331422615946,"Residus_Canneberges",1.919,1.889,"Belanger",7,"10","30_NA_10_7"
"81",0.0227861211807354,"Residus_Canneberges",1.931,1.887,"Belanger",7,"10","45_2_10_7"
"82",0.0356955380577428,"Residus_Canneberges",1.905,1.837,"Belanger",7,"10","45_2_10_7"
"83",0.0376766091051806,"Residus_Canneberges",1.911,1.839,"Belanger",7,"10","60_2_10_7"
"84",0.0368615060558189,"Residus_Canneberges",1.899,1.829,"Belanger",7,"10","60_2_10_7"
"85",-0.00672182006204763,"Residus_Canneberges",1.934,1.947,"Fortier",7,"10","NA_NA_10_7"
"86",0.0204081632653061,"Residus_Canneberges",1.911,1.872,"Fortier",7,"10","NA_NA_10_7"
"87",0.0118679050567595,"Residus_Canneberges",1.938,1.915,"Fortier",7,"10","NA_NA_10_7"
"88",0.0193818753273965,"Residus_Canneberges",1.909,1.872,"Fortier",7,"10","NA_NA_10_7"
"89",0.0179704016913318,"Residus_Canneberges",1.892,1.858,"Fortier",7,"10","NA_NA_10_7"
"90",0.0103412616339193,"Residus_Canneberges",1.934,1.914,"Fortier",7,"10","NA_NA_10_7"
"91",0.0233669676048858,"Residus_Canneberges",1.883,1.839,"Belanger",7,"10","NA_1_10_7"
"92",0.0227507755946226,"Residus_Canneberges",1.934,1.89,"Belanger",7,"10","NA_2_10_7"
"93",0.0145152928978746,"Residus_Canneberges",1.929,1.901,"Belanger",7,"10","NA_3_10_7"
"94",0.02283341982356,"Residus_Canneberges",1.927,1.883,"Belanger",7,"10","NA_4_10_7"
"95",0.0260824204486177,"Residus_Canneberges",1.917,1.867,"Belanger",7,"10","NA_5_10_7"
"96",0.138325533021321,"Residus_Canneberges",1.923,1.657,"Belanger",7,"10","NA_6_10_7"
"97",0.122002085505735,"Residus_Canneberges",1.918,1.684,"Belanger",7,"10","NA_1_10_7"
"98",-0.0196078431372549,"Residus_Canneberges",1.887,1.924,"Belanger",7,"10","NA_2_10_7"
"99",0.017838405036726,"Residus_Canneberges",1.906,1.872,"Belanger",7,"10","NA_3_10_7"
"100",0.0534509600415153,"Residus_Canneberges",1.927,1.824,"Belanger",7,"10","NA_4_10_7"
"101",0.0244791666666666,"Residus_Canneberges",1.92,1.873,"Belanger",7,"10","NA_5_10_7"
"102",0.0166753517457009,"Residus_Canneberges",1.919,1.887,"Belanger",7,"10","NA_6_10_7"
"103",-0.0202913631633716,"Residus_Canneberges",1.922,1.961,"Fortier",7,"9","0_1_9_7"
"104",0.0635658914728682,"Residus_Canneberges",1.935,1.812,"Fortier",7,"9","0_1_9_7"
"105",0.0401498929336189,"Residus_Canneberges",1.868,1.793,"Fortier",7,"9","0_1_9_7"
"106",-0.0390707497360085,"Residus_Canneberges",1.894,1.968,"Fortier",7,"9","0_2_9_7"
"107",-0.099630996309963,"Residus_Canneberges",1.897,2.086,"Fortier",7,"9","0_2_9_7"
"108",0.215263157894737,"Residus_Canneberges",1.9,1.491,"Fortier",7,"9","0_2_9_7"
"109",0.0284974093264248,"Residus_Canneberges",1.93,1.875,"Fortier",7,"9","15_1_9_7"
"110",-0.0936012691697515,"Residus_Canneberges",1.891,2.068,"Fortier",7,"9","15_1_9_7"
"111",0.0921465968586387,"Residus_Canneberges",1.91,1.734,"Fortier",7,"9","15_1_9_7"
"112",0.012448132780083,"Residus_Canneberges",1.928,1.904,"Fortier",7,"9","15_2_9_7"
"113",0.0230005227391532,"Residus_Canneberges",1.913,1.869,"Fortier",7,"9","15_2_9_7"
"114",0.0072202166064982,"Residus_Canneberges",1.939,1.925,"Fortier",7,"9","15_2_9_7"
"115",-0.0160705028512182,"Residus_Canneberges",1.929,1.96,"Fortier",7,"9","30_1_9_7"
"116",0.0455735987427973,"Residus_Canneberges",1.909,1.822,"Fortier",7,"9","30_1_9_7"
"117",0.0476439790575916,"Residus_Canneberges",1.91,1.819,"Fortier",7,"9","30_2_9_7"
"118",0.105426356589147,"Residus_Canneberges",1.935,1.731,"Fortier",7,"9","45_1_9_7"
"119",0.0259875259875259,"Residus_Canneberges",1.924,1.874,"Fortier",7,"9","45_1_9_7"
"120",0.0273618998451214,"Residus_Canneberges",1.937,1.884,"Fortier",7,"9","45_1_9_7"
"121",0.0173775671406003,"Residus_Canneberges",1.899,1.866,"Fortier",7,"9","45_2_9_7"
"122",0.0057773109243697,"Residus_Canneberges",1.904,1.893,"Fortier",7,"9","45_2_9_7"
"123",0.0453834115805947,"Residus_Canneberges",1.917,1.83,"Fortier",7,"9","60_1_9_7"
"124",0.0371352785145889,"Residus_Canneberges",1.885,1.815,"Fortier",7,"9","60_1_9_7"
"125",0.00680272108843544,"Residus_Canneberges",1.911,1.898,"Fortier",7,"9","60_2_9_7"
"126",0.155163466528282,"Residus_Canneberges",1.927,1.628,"Fortier",7,"9","60_2_9_7"
"127",0.0194225721784776,"Residus_Canneberges",1.905,1.868,"Fortier",7,"9","30_2_9_7"
"128",-0.0109603340292276,"Residus_Canneberges",1.916,1.937,"Fortier",7,"9","30_2_9_7"
"129",-0.0801862390067253,"Residus_Canneberges",1.933,2.088,"Fortier",7,"9","45_2_9_7"
"130",0.0109546165884195,"Residus_Canneberges",1.917,1.896,"Fortier",7,"9","45_2_9_7"
"131",0.0165374677002584,"Residus_Canneberges",1.935,1.903,"Fortier",7,"9","60_2_9_7"
"132",-0.227436823104693,"Residus_Canneberges",1.939,2.38,"Fortier",7,"9","NA_NA_9_7"
"133",-0.234768907563025,"Residus_Canneberges",1.904,2.351,"Fortier",7,"9","NA_NA_9_7"
"134",-0.0103896103896104,"Residus_Canneberges",1.925,1.945,"Fortier",7,"9","NA_NA_9_7"
"135",0.008298755186722,"Residus_Canneberges",1.928,1.912,"Fortier",7,"9","NA_NA_9_7"
"136",-0.000526315789473743,"Residus_Canneberges",1.9,1.901,"Fortier",7,"9","NA_NA_9_7"
"137",0.0341261633919337,"Residus_Canneberges",1.934,1.868,"Fortier",7,"9","NA_NA_9_7"
"138",0.0237480640165204,"Residus_Canneberges",1.937,1.891,"Fortier",7,"9","NA_NA_9_7"
"139",-0.126582278481013,"Residus_Canneberges",1.896,2.136,"Fortier",7,"9","NA_NA_9_7"
"140",0.0160372478013451,"Residus_Canneberges",1.933,1.902,"Fortier",7,"9","NA_NA_9_7"
"141",0.033748701973001,"Residus_Canneberges",1.926,1.861,"Fortier",7,"45","0_1_45_7"
"142",0.0276617954070981,"Residus_Canneberges",1.916,1.863,"Fortier",7,"45","0_1_45_7"
"143",0.198342827550492,"Residus_Canneberges",1.931,1.548,"Fortier",7,"45","0_1_45_7"
"144",0.0031055900621118,"Residus_Canneberges",1.932,1.926,"Fortier",7,"45","0_2_45_7"
"145",0.055613850996852,"Residus_Canneberges",1.906,1.8,"Fortier",7,"45","0_2_45_7"
"146",0.0528262017960909,"Residus_Canneberges",1.893,1.793,"Fortier",7,"45","0_2_45_7"
"147",0.0218181818181818,"Residus_Canneberges",1.925,1.883,"Fortier",7,"45","15_1_45_7"
"148",0.0358839050131926,"Residus_Canneberges",1.895,1.827,"Fortier",7,"45","15_1_45_7"
"149",0.0368066355624676,"Residus_Canneberges",1.929,1.858,"Fortier",7,"45","15_1_45_7"
"150",0.0448150078165712,"Residus_Canneberges",1.919,1.833,"Fortier",7,"45","15_2_45_7"
"151",0.0426417056682268,"Residus_Canneberges",1.923,1.841,"Fortier",7,"45","15_2_45_7"
"152",0.0353430353430353,"Residus_Canneberges",1.924,1.856,"Fortier",7,"45","15_2_45_7"
"153",0.0401903754627182,"Residus_Canneberges",1.891,1.815,"Fortier",7,"45","30_1_45_7"
"154",-0.108740894901145,"Residus_Canneberges",1.922,2.131,"Fortier",7,"45","30_1_45_7"
"155",0.0561679790026247,"Residus_Canneberges",1.905,1.798,"Fortier",7,"45","30_1_45_7"
"156",0.0662148070907195,"Residus_Canneberges",1.918,1.791,"Fortier",7,"45","30_2_45_7"
"157",-0.108695652173913,"Residus_Canneberges",1.886,2.091,"Fortier",7,"45","30_2_45_7"
"158",0.0275277924827952,"Residus_Canneberges",1.889,1.837,"Fortier",7,"45","30_2_45_7"
"159",0.0617540217955371,"Residus_Canneberges",1.927,1.808,"Fortier",7,"45","45_1_45_7"
"160",0.00416883793642523,"Residus_Canneberges",1.919,1.911,"Fortier",7,"45","45_1_45_7"
"161",-0.0525198938992042,"Residus_Canneberges",1.885,1.984,"Fortier",7,"45","45_1_45_7"
"162",0.0377258235919235,"Residus_Canneberges",1.882,1.811,"Fortier",7,"45","45_2_45_7"
"163",0.034446764091858,"Residus_Canneberges",1.916,1.85,"Fortier",7,"45","45_2_45_7"
"164",0.0986214209968186,"Residus_Canneberges",1.886,1.7,"Fortier",7,"45","45_2_45_7"
"165",0.0284960422163589,"Residus_Canneberges",1.895,1.841,"Fortier",7,"45","60_1_45_7"
"166",0.0141583639223913,"Residus_Canneberges",1.907,1.88,"Fortier",7,"45","60_1_45_7"
"167",-0.0177267987486966,"Residus_Canneberges",1.918,1.952,"Fortier",7,"45","60_1_45_7"
"168",0.0189473684210525,"Residus_Canneberges",1.9,1.864,"Fortier",7,"45","60_2_45_7"
"169",0.0134854771784232,"Residus_Canneberges",1.928,1.902,"Fortier",7,"45","60_2_45_7"
"170",0.358906988964792,"Residus_Canneberges",1.903,1.22,"Fortier",7,"45","60_2_45_7"
"171",0.0396246089676746,"Residus_Canneberges",1.918,1.842,"Fortier",7,"45","0_2_45_7"
"172",0.017451084082496,"Residus_Canneberges",1.891,1.858,"Fortier",7,"45","0_2_45_7"
"173",0.138598326359833,"Residus_Canneberges",1.912,1.647,"Fortier",7,"45","15_2_45_7"
"174",0.002655337227828,"Residus_Canneberges",1.883,1.878,"Fortier",7,"45","15_2_45_7"
"175",0.0311510031678986,"Residus_Canneberges",1.894,1.835,"Fortier",7,"45","30_2_45_7"
"176",0.0274261603375527,"Residus_Canneberges",1.896,1.844,"Fortier",7,"45","30_2_45_7"
"177",0.0338624338624338,"Residus_Canneberges",1.89,1.826,"Fortier",7,"45","NA_NA_45_7"
"178",0.0288865546218487,"Residus_Canneberges",1.904,1.849,"Fortier",7,"45","NA_NA_45_7"
"179",0.040398740818468,"Residus_Canneberges",1.906,1.829,"Fortier",7,"45","NA_NA_45_7"
"180",0.08004158004158,"Residus_Canneberges",1.924,1.77,"Fortier",7,"45","NA_NA_45_7"
"181",0.0602284527518172,"Residus_Canneberges",1.926,1.81,"Fortier",7,"45","NA_NA_45_7"
"182",0.0261917234154008,"Residus_Canneberges",1.909,1.859,"Fortier",7,"45","NA_NA_45_7"
"183",0.0330188679245283,"Residus_Canneberges",1.908,1.845,"Fortier",7,"45","NA_NA_45_7"
"184",0.0606531881804043,"Residus_Canneberges",1.929,1.812,"Fortier",7,"45","NA_NA_45_7"
"185",0.0323759791122716,"Residus_Canneberges",1.915,1.853,"Fortier",7,"45","NA_NA_45_7"
"186",-0.0399366085578446,"Residus_Canneberges",1.893,1.9686,"Belanger",1,"A9","79.98256_1_A9_1"
"187",-0.0323013415892673,"Residus_Canneberges",1.938,2.0006,"Belanger",1,"A9","79.98256_1_A9_1"
"188",-0.0278731149245969,"Residus_Canneberges",1.923,1.9766,"Belanger",1,"A9","79.98256_1_A9_1"
"189",-0.0340347185691741,"Residus_Canneberges",1.901,1.9657,"Belanger",1,"A9","79.98256_1_A9_1"
"190",-0.0391714735186156,"Residus_Canneberges",1.907,1.9817,"Belanger",1,"A9","79.98256_1_A9_1"
"191",-0.0395495023572551,"Residus_Canneberges",1.909,1.9845,"Belanger",1,"A9","79.98256_1_A9_1"
"192",-0.035856992639327,"Residus_Canneberges",1.902,1.9702,"Belanger",1,"A9","79.98256_1_A9_1"
"193",-0.0414775725593668,"Residus_Canneberges",1.895,1.9736,"Belanger",1,"A9","79.98256_1_A9_1"
"194",-0.0482631578947369,"Residus_Canneberges",1.9,1.9917,"Belanger",1,"A9","79.98256_1_A9_1"
"195",-0.0406347554630595,"Residus_Canneberges",1.922,2.0001,"Belanger",1,"A9","79.98256_1_A9_1"
"196",-0.030057803468208,"Residus_Canneberges",1.903,1.9602,"Belanger",1,"A9","79.98256_1_A9_1"
"197",-0.036051948051948,"Residus_Canneberges",1.925,1.9944,"Belanger",1,"A9","79.98256_1_A9_1"
"198",-0.0488045738045739,"Residus_Canneberges",1.924,2.0179,"Belanger",1,"A9","79.98256_2_A9_1"
"199",-0.0359958506224067,"Residus_Canneberges",1.928,1.9974,"Belanger",1,"A9","79.98256_2_A9_1"
"200",0.162279792746114,"Residus_Canneberges",1.93,1.6168,"Belanger",1,"A9","79.98256_2_A9_1"
"201",-0.0336990595611285,"Residus_Canneberges",1.914,1.9785,"Belanger",1,"A9","79.98256_2_A9_1"
"202",-0.0151515151515152,"Residus_Canneberges",1.914,1.943,"Belanger",1,"A9","79.98256_2_A9_1"
"203",-0.0329153605015675,"Residus_Canneberges",1.914,1.977,"Belanger",1,"A9","79.98256_2_A9_1"
"204",-0.0577523413111342,"Residus_Canneberges",1.922,2.033,"Belanger",1,"A9","79.98256_2_A9_1"
"205",-0.0407019381875327,"Residus_Canneberges",1.909,1.9867,"Belanger",1,"A9","79.98256_2_A9_1"
"206",-0.0435509138381201,"Residus_Canneberges",1.915,1.9984,"Belanger",1,"A9","79.98256_2_A9_1"
"207",0.0185369429753364,"Residus_Canneberges",1.9097,1.8743,"Belanger",1,"A9","79.98256_2_A9_1"
"208",0.0147690373939457,"Residus_Canneberges",1.9094,1.8812,"Belanger",1,"A9","79.98256_2_A9_1"
"209",-0.0497373949579832,"Residus_Canneberges",1.904,1.9987,"Belanger",2,"A9","79.98256_1_A9_2"
"210",-0.0488188976377953,"Residus_Canneberges",1.905,1.998,"Belanger",2,"A9","79.98256_1_A9_2"
"211",-0.0371368198626519,"Residus_Canneberges",1.893,1.9633,"Belanger",2,"A9","79.98256_1_A9_2"
"212",-0.0580962234868081,"Residus_Canneberges",1.933,2.0453,"Belanger",2,"A9","79.98256_1_A9_2"
"213",-0.0658562367864694,"Residus_Canneberges",1.892,2.0166,"Belanger",2,"A9","79.98256_1_A9_2"
"214",-0.00317796610169492,"Residus_Canneberges",1.888,1.894,"Belanger",2,"A9","79.98256_1_A9_2"
"215",-0.0421383647798742,"Residus_Canneberges",1.908,1.9884,"Belanger",2,"A9","79.98256_1_A9_2"
"216",-0.127970557308097,"Residus_Canneberges",1.902,2.1454,"Belanger",2,"A9","79.98256_1_A9_2"
"217",-0.0423953365129836,"Residus_Canneberges",1.887,1.967,"Belanger",2,"A9","79.98256_1_A9_2"
"218",-0.109105180533752,"Residus_Canneberges",1.911,2.1195,"Belanger",2,"A9","79.98256_1_A9_2"
"219",-0.0370798319327731,"Residus_Canneberges",1.904,1.9746,"Belanger",2,"A9","79.98256_1_A9_2"
"220",-0.0392857142857142,"Residus_Canneberges",1.932,2.0079,"Belanger",2,"A9","79.98256_1_A9_2"
"221",-0.0409138655462185,"Residus_Canneberges",1.904,1.9819,"Belanger",2,"A9","79.98256_2_A9_2"
"222",-0.0269916142557653,"Residus_Canneberges",1.908,1.9595,"Belanger",2,"A9","79.98256_2_A9_2"
"223",-0.02684703433923,"Residus_Canneberges",1.922,1.9736,"Belanger",2,"A9","79.98256_2_A9_2"
"224",-0.00904311251314411,"Residus_Canneberges",1.902,1.9192,"Belanger",2,"A9","79.98256_2_A9_2"
"225",-0.0369565217391305,"Residus_Canneberges",1.932,2.0034,"Belanger",2,"A9","79.98256_2_A9_2"
"226",-0.0727795193312436,"Residus_Canneberges",1.914,2.0533,"Belanger",2,"A9","79.98256_2_A9_2"
"227",-0.0518947368421053,"Residus_Canneberges",1.9,1.9986,"Belanger",2,"A9","79.98256_2_A9_2"
"228",-0.0026970954356847,"Residus_Canneberges",1.928,1.9332,"Belanger",2,"A9","79.98256_2_A9_2"
"229",-0.0390560165975103,"Residus_Canneberges",1.928,2.0033,"Belanger",2,"A9","79.98256_2_A9_2"
"230",0.0119958093242535,"Residus_Canneberges",1.909,1.8861,"Belanger",3,"A9","79.98256_1_A9_3"
"231",0.00582010582010577,"Residus_Canneberges",1.89,1.879,"Belanger",3,"A9","79.98256_1_A9_3"
"232",0.00168332456601793,"Residus_Canneberges",1.901,1.8978,"Belanger",3,"A9","79.98256_1_A9_3"
"233",0.0264813843733613,"Residus_Canneberges",1.907,1.8565,"Belanger",3,"A9","79.98256_1_A9_3"
"234",-0.000517063081696025,"Residus_Canneberges",1.934,1.935,"Belanger",3,"A9","79.98256_1_A9_3"
"235",-0.00036101083032487,"Residus_Canneberges",1.939,1.9397,"Belanger",3,"A9","79.98256_1_A9_3"
"236",0.00512953367875649,"Residus_Canneberges",1.93,1.9201,"Belanger",3,"A9","79.98256_1_A9_3"
"237",-0.00329261816250663,"Residus_Canneberges",1.883,1.8892,"Belanger",3,"A9","79.98256_1_A9_3"
"238",0.00956429330499458,"Residus_Canneberges",1.882,1.864,"Belanger",3,"A9","79.98256_1_A9_3"
"239",0.00896624472573835,"Residus_Canneberges",1.896,1.879,"Belanger",3,"A9","79.98256_1_A9_3"
"240",0.000942902042954439,"Residus_Canneberges",1.909,1.9072,"Belanger",3,"A9","79.98256_1_A9_3"
"241",-0.00140698280354347,"Residus_Canneberges",1.919,1.9217,"Belanger",3,"A9","79.98256_1_A9_3"
"242",0.00590094836670173,"Residus_Canneberges",1.898,1.8868,"Belanger",3,"A9","79.98256_1_A9_3"
"243",0.00675461741424798,"Residus_Canneberges",1.895,1.8822,"Belanger",3,"A9","79.98256_1_A9_3"
"244",0.00606377417668586,"Residus_Canneberges",1.913,1.9014,"Belanger",3,"A9","79.98256_1_A9_3"
"245",-0.00269841269841275,"Residus_Canneberges",1.89,1.8951,"Belanger",3,"A9","79.98256_1_A9_3"
"246",0.0209057398630859,"Residus_Canneberges",1.899,1.8593,"Belanger",3,"A9","79.98256_1_A9_3"
"247",0.00363732208750666,"Residus_Canneberges",1.897,1.8901,"Belanger",3,"A9","79.98256_1_A9_3"
"248",0.0107420861442657,"Residus_Canneberges",1.927,1.9063,"Belanger",3,"A9","79.98256_2_A9_3"
"249",0.0203460933403251,"Residus_Canneberges",1.907,1.8682,"Belanger",3,"A9","79.98256_2_A9_3"
"250",0.00549102428722279,"Residus_Canneberges",1.894,1.8836,"Belanger",3,"A9","79.98256_2_A9_3"
"251",0.0080586080586081,"Residus_Canneberges",1.911,1.8956,"Belanger",3,"A9","79.98256_2_A9_3"
"252",-0.0033492822966507,"Residus_Canneberges",1.881,1.8873,"Belanger",3,"A9","79.98256_2_A9_3"
"253",0.0138655462184874,"Residus_Canneberges",1.904,1.8776,"Belanger",3,"A9","79.98256_2_A9_3"
"254",0.0250797024442082,"Residus_Canneberges",1.882,1.8348,"Belanger",3,"A9","79.98256_2_A9_3"
"255",-0.000159066808059485,"Residus_Canneberges",1.886,1.8863,"Belanger",3,"A9","79.98256_2_A9_3"
"256",0.0957680250783699,"Residus_Canneberges",1.914,1.7307,"Belanger",3,"A9","79.98256_2_A9_3"
"257",0.00083160083160074,"Residus_Canneberges",1.924,1.9224,"Belanger",3,"A9","79.98256_2_A9_3"
"258",0.0118048268625393,"Residus_Canneberges",1.906,1.8835,"Belanger",3,"A9","79.98256_2_A9_3"
"259",-0.122625843279709,"Residus_Canneberges",1.927,2.1633,"Belanger",3,"A9","79.98256_2_A9_3"
"260",0.0078441558441559,"Residus_Canneberges",1.925,1.9099,"Belanger",4,"A9","79.98256_1_A9_4"
"261",0.108157894736842,"Residus_Canneberges",1.9,1.6945,"Belanger",4,"A9","79.98256_1_A9_4"
"262",0.0270866141732284,"Residus_Canneberges",1.905,1.8534,"Belanger",4,"A9","79.98256_1_A9_4"
"263",0.0348667015159435,"Residus_Canneberges",1.913,1.8463,"Belanger",4,"A9","79.98256_1_A9_4"
"264",0.0481965499215892,"Residus_Canneberges",1.913,1.8208,"Belanger",4,"A9","79.98256_1_A9_4"
"265",0.0810067462376752,"Residus_Canneberges",1.927,1.7709,"Belanger",4,"A9","79.98256_1_A9_4"
"266",0.0559384941675503,"Residus_Canneberges",1.886,1.7805,"Belanger",4,"A9","79.98256_1_A9_4"
"267",0.151782945736434,"Residus_Canneberges",1.935,1.6413,"Belanger",4,"A9","79.98256_1_A9_4"
"268",0.0229793977812996,"Residus_Canneberges",1.893,1.8495,"Belanger",4,"A9","79.98256_1_A9_4"
"269",0.018025974025974,"Residus_Canneberges",1.925,1.8903,"Belanger",4,"A9","79.98256_1_A9_4"
"270",0.0500777604976672,"Residus_Canneberges",1.929,1.8324,"Belanger",4,"A9","79.98256_1_A9_4"
"271",0.0183652353854113,"Residus_Canneberges",1.933,1.8975,"Belanger",4,"A9","79.98256_1_A9_4"
"272",0.0255043973098811,"Residus_Canneberges",1.933,1.8837,"Belanger",4,"A9","79.98256_2_A9_4"
"273",0.00265392781316343,"Residus_Canneberges",1.884,1.879,"Belanger",4,"A9","79.98256_2_A9_4"
"274",0.030161206448258,"Residus_Canneberges",1.923,1.865,"Belanger",4,"A9","79.98256_2_A9_4"
"275",-0.015256875973015,"Residus_Canneberges",1.927,1.9564,"Belanger",4,"A9","79.98256_2_A9_4"
"276",0.0240963855421687,"Residus_Canneberges",1.909,1.863,"Belanger",4,"A9","79.98256_2_A9_4"
"277",-0.00982928091050176,"Residus_Canneberges",1.933,1.952,"Belanger",4,"A9","79.98256_2_A9_4"
"278",0.0395324123273113,"Residus_Canneberges",1.882,1.8076,"Belanger",4,"A9","79.98256_2_A9_4"
"279",0.019927536231884,"Residus_Canneberges",1.932,1.8935,"Belanger",4,"A9","79.98256_2_A9_4"
"280",0.0439600840336134,"Residus_Canneberges",1.904,1.8203,"Belanger",4,"A9","79.98256_2_A9_4"
"281",0.0329562982005142,"Residus_Canneberges",1.945,1.8809,"Belanger",4,"A9","79.98256_2_A9_4"
"282",0.0312953367875648,"Residus_Canneberges",1.93,1.8696,"Belanger",4,"A9","79.98256_2_A9_4"
"283",0.0378522062732589,"Residus_Canneberges",1.881,1.8098,"Belanger",4,"A9","79.98256_2_A9_4"
"284",0.0248704663212435,"Residus_Canneberges",1.93,1.882,"Belanger",4,"A9","79.98256_2_A9_4"
"285",0.0921711899791231,"Residus_Canneberges",1.916,1.7394,"Belanger",4,"A9","79.98256_2_A9_4"
"286",0.148496042216359,"Residus_Canneberges",1.895,1.6136,"Belanger",4,"A9","79.98256_2_A9_4"
"287",0.0792573892921006,"Residus_Canneberges",1.9014,1.7507,"Belanger",5,"A9","79.98256_1_A9_5"
"288",0.0692567567567567,"Residus_Canneberges",1.8944,1.7632,"Belanger",5,"A9","79.98256_1_A9_5"
"289",0.084578947368421,"Residus_Canneberges",1.9,1.7393,"Belanger",5,"A9","79.98256_1_A9_5"
"290",0.0877804169965691,"Residus_Canneberges",1.8945,1.7282,"Belanger",5,"A9","79.98256_1_A9_5"
"291",0.0790182106096596,"Residus_Canneberges",1.8945,1.7448,"Belanger",5,"A9","79.98256_1_A9_5"
"292",0.102633106432378,"Residus_Canneberges",1.8951,1.7006,"Belanger",5,"A9","79.98256_1_A9_5"
"293",0.0711071578066136,"Residus_Canneberges",1.9112,1.7753,"Belanger",5,"A9","79.98256_1_A9_5"
"294",0.0667546870874043,"Residus_Canneberges",1.8935,1.7671,"Belanger",5,"A9","79.98256_1_A9_5"
"295",0.0951461377870563,"Residus_Canneberges",1.916,1.7337,"Belanger",5,"A9","79.98256_1_A9_5"
"296",0.0781821985147997,"Residus_Canneberges",1.9122,1.7627,"Belanger",5,"A9","79.98256_1_A9_5"
"297",-0.000576459490619485,"Residus_Canneberges",1.9082,1.9093,"Belanger",5,"A9","79.98256_1_A9_5"
"298",0.0885520125457397,"Residus_Canneberges",1.913,1.7436,"Belanger",5,"A9","79.98256_1_A9_5"
"299",0.0698457813569134,"Residus_Canneberges",1.8999,1.7672,"Belanger",5,"A9","79.98256_1_A9_5"
"300",0.0565045307780439,"Residus_Canneberges",1.9202,1.8117,"Belanger",5,"A9","79.98256_2_A9_5"
"301",0.0688457287225644,"Residus_Canneberges",1.8999,1.7691,"Belanger",5,"A9","79.98256_2_A9_5"
"302",0.0581679227258254,"Residus_Canneberges",1.8842,1.7746,"Belanger",5,"A9","79.98256_2_A9_5"
"303",0.0510948905109488,"Residus_Canneberges",1.918,1.82,"Belanger",5,"A9","79.98256_2_A9_5"
"304",-0.0477812123434798,"Residus_Canneberges",1.9087,1.9999,"Belanger",5,"A9","79.98256_2_A9_5"
"305",0.10447839007351,"Residus_Canneberges",1.9181,1.7177,"Belanger",5,"A9","79.98256_2_A9_5"
"306",0.0463262115685253,"Residus_Canneberges",1.919,1.8301,"Belanger",5,"A9","79.98256_2_A9_5"
"307",0.0380346151822821,"Residus_Canneberges",1.9009,1.8286,"Belanger",5,"A9","79.98256_2_A9_5"
"308",0.12852334875894,"Residus_Canneberges",1.9016,1.6572,"Belanger",5,"A9","79.98256_2_A9_5"
"309",0.0607570777224049,"Residus_Canneberges",1.8862,1.7716,"Belanger",5,"A9","79.98256_2_A9_5"
"310",0.0602459870752554,"Residus_Canneberges",1.9188,1.8032,"Belanger",5,"A9","79.98256_2_A9_5"
"311",0.255172775968911,"Residus_Canneberges",1.9042,1.4183,"Belanger",6,"A9","79.98256_2_A9_6"
"312",0.210738754049604,"Residus_Canneberges",1.8829,1.4861,"Belanger",7,"A9","79.98256_1_A9_7"
"313",0.13431668925258,"Residus_Canneberges",1.9186,1.6609,"Belanger",7,"A9","79.98256_1_A9_7"
"314",0.161372763782402,"Residus_Canneberges",1.9173,1.6079,"Belanger",7,"A9","79.98256_1_A9_7"
"315",0.120808548718219,"Residus_Canneberges",1.8997,1.6702,"Belanger",7,"A9","79.98256_1_A9_7"
"316",0.134164876054714,"Residus_Canneberges",1.9081,1.6521,"Belanger",7,"A9","79.98256_1_A9_7"
"317",0.279066073697586,"Residus_Canneberges",1.8888,1.3617,"Belanger",7,"A9","79.98256_1_A9_7"
"318",0.209692597239649,"Residus_Canneberges",1.9128,1.5117,"Belanger",7,"A9","79.98256_1_A9_7"
"319",0.277594598838122,"Residus_Canneberges",1.9107,1.3803,"Belanger",7,"A9","79.98256_1_A9_7"
"320",0.105216484089724,"Residus_Canneberges",1.917,1.7153,"Belanger",7,"A9","79.98256_1_A9_7"
"321",0.228195626076518,"Residus_Canneberges",1.9159,1.4787,"Belanger",7,"A9","79.98256_1_A9_7"
"322",0.138157549004152,"Residus_Canneberges",1.9029,1.64,"Belanger",7,"A9","79.98256_1_A9_7"
"323",0.285864093959732,"Residus_Canneberges",1.9072,1.362,"Belanger",7,"A9","79.98256_1_A9_7"
"324",0.150815863125099,"Residus_Canneberges",1.8937,1.6081,"Belanger",7,"A9","79.98256_1_A9_7"
"325",0.148421440995098,"Residus_Canneberges",1.8973,1.6157,"Belanger",7,"A9","79.98256_1_A9_7"
"326",0.0903397526225144,"Residus_Canneberges",1.9161,1.743,"Belanger",7,"A9","79.98256_1_A9_7"
"327",0.1145664558616,"Residus_Canneberges",1.9133,1.6941,"Belanger",7,"A9","79.98256_1_A9_7"
"328",0.221976051062932,"Residus_Canneberges",1.8957,1.4749,"Belanger",7,"A9","79.98256_2_A9_7"
"329",0.291824097397145,"Residus_Canneberges",1.9056,1.3495,"Belanger",7,"A9","79.98256_2_A9_7"
"330",0.169090525872062,"Residus_Canneberges",1.8978,1.5769,"Belanger",7,"A9","79.98256_2_A9_7"
"331",0.0750934063042678,"Residus_Canneberges",1.9003,1.7576,"Belanger",7,"A9","79.98256_2_A9_7"
"332",0.111838285744445,"Residus_Canneberges",1.8947,1.6828,"Belanger",7,"A9","79.98256_2_A9_7"
"333",0.31096537250787,"Residus_Canneberges",1.906,1.3133,"Belanger",7,"A9","79.98256_2_A9_7"
"334",0.343355507830915,"Residus_Canneberges",1.9091,1.2536,"Belanger",7,"A9","79.98256_2_A9_7"
"335",0.170614379084967,"Residus_Canneberges",1.9125,1.5862,"Belanger",7,"A9","79.98256_2_A9_7"
"336",0.166710080750195,"Residus_Canneberges",1.9195,1.5995,"Belanger",7,"A9","79.98256_2_A9_7"
"337",0.0978368517070629,"Residus_Canneberges",1.9185,1.7308,"Belanger",7,"A9","79.98256_2_A9_7"
"338",-0.0380326144134666,"Residus_Canneberges",1.901,1.9733,"Belanger",1,"10","59.4048_1_10_1"
"339",-0.0339053562142485,"Residus_Canneberges",1.923,1.9882,"Belanger",1,"10","59.4048_1_10_1"
"340",-0.0281875658587988,"Residus_Canneberges",1.898,1.9515,"Belanger",1,"10","59.4048_1_10_1"
"341",-0.0204521556256573,"Residus_Canneberges",1.902,1.9409,"Belanger",1,"10","59.4048_1_10_1"
"342",-0.0147351861562664,"Residus_Canneberges",1.907,1.9351,"Belanger",1,"10","59.4048_1_10_1"
"343",-0.0191723415400733,"Residus_Canneberges",1.909,1.9456,"Belanger",1,"10","59.4048_1_10_1"
"344",-0.0140434552199258,"Residus_Canneberges",1.887,1.9135,"Belanger",1,"10","59.4048_1_10_1"
"345",-0.0187597707139135,"Residus_Canneberges",1.919,1.955,"Belanger",1,"10","59.4048_1_10_1"
"346",-0.0256084656084656,"Residus_Canneberges",1.89,1.9384,"Belanger",1,"10","59.4048_1_10_1"
"347",-0.0206516027325275,"Residus_Canneberges",1.903,1.9423,"Belanger",1,"10","59.4048_1_10_1"
"348",-0.0206624605678234,"Residus_Canneberges",1.902,1.9413,"Belanger",1,"10","59.4048_1_10_1"
"349",-0.0192167101827676,"Residus_Canneberges",1.915,1.9518,"Belanger",1,"10","59.4048_1_10_1"
"350",-0.028152799581371,"Residus_Canneberges",1.911,1.9648,"Belanger",1,"10","59.4048_1_10_1"
"351",-0.0214136125654451,"Residus_Canneberges",1.91,1.9509,"Belanger",1,"10","59.4048_1_10_1"
"352",-0.0142631578947369,"Residus_Canneberges",1.9,1.9271,"Belanger",1,"10","59.4048_1_10_1"
"353",-0.0247668393782384,"Residus_Canneberges",1.93,1.9778,"Belanger",1,"10","59.4048_1_10_1"
"354",-0.0434464751958224,"Residus_Canneberges",1.915,1.9982,"Belanger",1,"10","59.4048_2_10_1"
"355",-0.0198207696362678,"Residus_Canneberges",1.897,1.9346,"Belanger",1,"10","59.4048_2_10_1"
"356",-0.0210471747019181,"Residus_Canneberges",1.929,1.9696,"Belanger",1,"10","59.4048_2_10_1"
"357",-0.0231868713605082,"Residus_Canneberges",1.889,1.9328,"Belanger",1,"10","59.4048_2_10_1"
"358",-0.0113423517169615,"Residus_Canneberges",1.922,1.9438,"Belanger",1,"10","59.4048_2_10_1"
"359",-0.0251824817518248,"Residus_Canneberges",1.918,1.9663,"Belanger",1,"10","59.4048_2_10_1"
"360",-0.0261410788381743,"Residus_Canneberges",1.928,1.9784,"Belanger",1,"10","59.4048_2_10_1"
"361",-0.022422954303932,"Residus_Canneberges",1.882,1.9242,"Belanger",1,"10","59.4048_2_10_1"
"362",-0.0271248688352571,"Residus_Canneberges",1.906,1.9577,"Belanger",1,"10","59.4048_2_10_1"
"363",-0.0303405572755418,"Residus_Canneberges",1.938,1.9968,"Belanger",1,"10","59.4048_2_10_1"
"364",-0.0319593147751604,"Residus_Canneberges",1.868,1.9277,"Belanger",1,"10","59.4048_2_10_1"
"365",-0.0244161358811041,"Residus_Canneberges",1.884,1.93,"Belanger",1,"10","59.4048_2_10_1"
"366",-0.0264583333333334,"Residus_Canneberges",1.92,1.9708,"Belanger",1,"10","59.4048_2_10_1"
"367",-0.0128083989501312,"Residus_Canneberges",1.905,1.9294,"Belanger",1,"10","59.4048_2_10_1"
"368",-0.0239003709591944,"Residus_Canneberges",1.887,1.9321,"Belanger",1,"10","59.4048_2_10_1"
"369",0.080338266384778,"Residus_Canneberges",1.892,1.74,"Belanger",1,"10","59.4048_2_10_1"
"370",-0.0247261345852895,"Residus_Canneberges",1.917,1.9644,"Belanger",1,"10","59.4048_2_10_1"
"371",-0.0291383812010444,"Residus_Canneberges",1.915,1.9708,"Belanger",2,"10","59.4048_1_10_2"
"372",-0.0190352697095435,"Residus_Canneberges",1.928,1.9647,"Belanger",2,"10","59.4048_1_10_2"
"373",-0.026875,"Residus_Canneberges",1.92,1.9716,"Belanger",2,"10","59.4048_1_10_2"
"374",-0.0315952503871967,"Residus_Canneberges",1.937,1.9982,"Belanger",2,"10","59.4048_1_10_2"
"375",-0.0280084077771939,"Residus_Canneberges",1.903,1.9563,"Belanger",2,"10","59.4048_1_10_2"
"376",-0.0243788819875777,"Residus_Canneberges",1.932,1.9791,"Belanger",2,"10","59.4048_1_10_2"
"377",-0.0222280887011616,"Residus_Canneberges",1.894,1.9361,"Belanger",2,"10","59.4048_1_10_2"
"378",-0.0357972544878564,"Residus_Canneberges",1.894,1.9618,"Belanger",2,"10","59.4048_1_10_2"
"379",-0.0303506017791732,"Residus_Canneberges",1.911,1.969,"Belanger",2,"10","59.4048_1_10_2"
"380",-0.0264861995753716,"Residus_Canneberges",1.884,1.9339,"Belanger",2,"10","59.4048_1_10_2"
"381",-0.0238044633368758,"Residus_Canneberges",1.882,1.9268,"Belanger",2,"10","59.4048_1_10_2"
"382",0.484004127966976,"Residus_Canneberges",1.938,1,"Belanger",2,"10","59.4048_1_10_2"
"383",-0.0260688216892597,"Residus_Canneberges",1.918,1.968,"Belanger",2,"10","59.4048_1_10_2"
"384",-0.0330041580041581,"Residus_Canneberges",1.924,1.9875,"Belanger",2,"10","59.4048_1_10_2"
"385",-0.0298546209761164,"Residus_Canneberges",1.926,1.9835,"Belanger",2,"10","59.4048_1_10_2"
"386",-0.0223541559112028,"Residus_Canneberges",1.937,1.9803,"Belanger",2,"10","59.4048_2_10_2"
"387",-0.0167013527575442,"Residus_Canneberges",1.922,1.9541,"Belanger",2,"10","59.4048_2_10_2"
"388",-0.0231418028465999,"Residus_Canneberges",1.897,1.9409,"Belanger",2,"10","59.4048_2_10_2"
"389",-0.0276461295418641,"Residus_Canneberges",1.899,1.9515,"Belanger",2,"10","59.4048_2_10_2"
"390",-0.0331425598335068,"Residus_Canneberges",1.922,1.9857,"Belanger",2,"10","59.4048_2_10_2"
"391",-0.0256799163179917,"Residus_Canneberges",1.912,1.9611,"Belanger",2,"10","59.4048_2_10_2"
"392",-0.0226178010471205,"Residus_Canneberges",1.91,1.9532,"Belanger",2,"10","59.4048_2_10_2"
"393",-0.0313329792883696,"Residus_Canneberges",1.883,1.942,"Belanger",2,"10","59.4048_2_10_2"
"394",-0.0292887029288703,"Residus_Canneberges",1.912,1.968,"Belanger",2,"10","59.4048_2_10_2"
"395",-0.0159685863874345,"Residus_Canneberges",1.91,1.9405,"Belanger",2,"10","59.4048_2_10_2"
"396",-0.0308019118428041,"Residus_Canneberges",1.883,1.941,"Belanger",2,"10","59.4048_2_10_2"
"397",0.0173298429319371,"Residus_Canneberges",1.91,1.8769,"Belanger",2,"10","59.4048_2_10_2"
"398",0.0122193211488251,"Residus_Canneberges",1.915,1.8916,"Belanger",3,"10","59.4048_1_10_3"
"399",0.114793213149523,"Residus_Canneberges",1.886,1.6695,"Belanger",3,"10","59.4048_1_10_3"
"400",0.0227130977130976,"Residus_Canneberges",1.924,1.8803,"Belanger",3,"10","59.4048_1_10_3"
"401",0.018585005279831,"Residus_Canneberges",1.894,1.8588,"Belanger",3,"10","59.4048_1_10_3"
"402",0.0064533053515215,"Residus_Canneberges",1.906,1.8937,"Belanger",3,"10","59.4048_1_10_3"
"403",0.00967056323060574,"Residus_Canneberges",1.882,1.8638,"Belanger",3,"10","59.4048_1_10_3"
"404",0.0684044233807268,"Residus_Canneberges",1.899,1.7691,"Belanger",3,"10","59.4048_1_10_3"
"405",0.0155227032734952,"Residus_Canneberges",1.894,1.8646,"Belanger",3,"10","59.4048_1_10_3"
"406",0.00970822281167108,"Residus_Canneberges",1.885,1.8667,"Belanger",3,"10","59.4048_1_10_3"
"407",0.0152071316203462,"Residus_Canneberges",1.907,1.878,"Belanger",3,"10","59.4048_1_10_3"
"408",0.0643856920684293,"Residus_Canneberges",1.929,1.8048,"Belanger",3,"10","59.4048_1_10_3"
"409",-0.00642969158389962,"Residus_Canneberges",1.913,1.9253,"Belanger",3,"10","59.4048_1_10_3"
"410",0.102836513666839,"Residus_Canneberges",1.939,1.7396,"Belanger",3,"10","59.4048_1_10_3"
"411",0.0283871649838769,"Residus_Canneberges",1.8917,1.838,"Belanger",3,"10","59.4048_1_10_3"
"412",0.00820103038586891,"Residus_Canneberges",1.9022,1.8866,"Belanger",3,"10","59.4048_2_10_3"
"413",0.0170481452249408,"Residus_Canneberges",1.9005,1.8681,"Belanger",3,"10","59.4048_2_10_3"
"414",0.0139750743077645,"Residus_Canneberges",1.9177,1.8909,"Belanger",3,"10","59.4048_2_10_3"
"415",0.00963451670331971,"Residus_Canneberges",1.9098,1.8914,"Belanger",3,"10","59.4048_2_10_3"
"416",-0.0195894060492086,"Residus_Canneberges",1.9143,1.9518,"Belanger",3,"10","59.4048_2_10_3"
"417",0.0253913407674991,"Residus_Canneberges",1.9101,1.8616,"Belanger",3,"10","59.4048_2_10_3"
"418",0.0277864664789907,"Residus_Canneberges",1.9182,1.8649,"Belanger",3,"10","59.4048_2_10_3"
"419",0.0181389252948886,"Residus_Canneberges",1.9075,1.8729,"Belanger",3,"10","59.4048_2_10_3"
"420",0.0366014450714624,"Residus_Canneberges",1.8961,1.8267,"Belanger",3,"10","59.4048_2_10_3"
"421",0.00563233376792695,"Residus_Canneberges",1.9175,1.9067,"Belanger",3,"10","59.4048_2_10_3"
"422",-0.0197828583359432,"Residus_Canneberges",1.9158,1.9537,"Belanger",3,"10","59.4048_2_10_3"
"423",0.00517341498178748,"Residus_Canneberges",1.8943,1.8845,"Belanger",3,"10","59.4048_2_10_3"
"424",0.000317762948840248,"Residus_Canneberges",1.8882,1.8876,"Belanger",3,"10","59.4048_2_10_3"
"425",0.0373196738448672,"Residus_Canneberges",1.9132,1.8418,"Belanger",3,"10","59.4048_2_10_3"
"426",0.00375469336670832,"Residus_Canneberges",1.9176,1.9104,"Belanger",3,"10","59.4048_2_10_3"
"427",0.048284625158831,"Residus_Canneberges",1.8888,1.7976,"Belanger",4,"10","59.4048_1_10_4"
"428",0.0864514103302109,"Residus_Canneberges",1.9109,1.7457,"Belanger",4,"10","59.4048_1_10_4"
"429",0.0842335994989823,"Residus_Canneberges",1.9161,1.7547,"Belanger",4,"10","59.4048_1_10_4"
"430",0.0260824204486177,"Residus_Canneberges",1.917,1.867,"Belanger",4,"10","59.4048_1_10_4"
"431",0.0395602083223736,"Residus_Canneberges",1.9009,1.8257,"Belanger",4,"10","59.4048_1_10_4"
"432",0.0306783735758336,"Residus_Canneberges",1.9134,1.8547,"Belanger",4,"10","59.4048_1_10_4"
"433",0.0589188624006692,"Residus_Canneberges",1.9128,1.8001,"Belanger",4,"10","59.4048_1_10_4"
"434",0.0667430237401083,"Residus_Canneberges",1.9208,1.7926,"Belanger",4,"10","59.4048_1_10_4"
"435",0.0557124921531701,"Residus_Canneberges",1.9116,1.8051,"Belanger",4,"10","59.4048_1_10_4"
"436",0.0778906373348771,"Residus_Canneberges",1.9001,1.7521,"Belanger",4,"10","59.4048_1_10_4"
"437",0.0476515350301758,"Residus_Canneberges",1.9055,1.8147,"Belanger",4,"10","59.4048_1_10_4"
"438",0.0784136759396899,"Residus_Canneberges",1.8836,1.7359,"Belanger",4,"10","59.4048_1_10_4"
"439",0.147898892480526,"Residus_Canneberges",1.8871,1.608,"Belanger",4,"10","59.4048_1_10_4"
"440",0.0562601968317457,"Residus_Canneberges",1.9001,1.7932,"Belanger",4,"10","59.4048_1_10_4"
"441",0.027265100671141,"Residus_Canneberges",1.9072,1.8552,"Belanger",4,"10","59.4048_1_10_4"
"442",0.0622919638611508,"Residus_Canneberges",1.8927,1.7748,"Belanger",4,"10","59.4048_1_10_4"
"443",0.0642894598846356,"Residus_Canneberges",1.907,1.7844,"Belanger",4,"10","59.4048_2_10_4"
"444",0.0541301627033792,"Residus_Canneberges",1.9176,1.8138,"Belanger",4,"10","59.4048_2_10_4"
"445",0.0207324773731846,"Residus_Canneberges",1.9004,1.861,"Belanger",4,"10","59.4048_2_10_4"
"446",0.0249814756007198,"Residus_Canneberges",1.8894,1.8422,"Belanger",4,"10","59.4048_2_10_4"
"447",0.0920768623321927,"Residus_Canneberges",1.8995,1.7246,"Belanger",4,"10","59.4048_2_10_4"
"448",-0.0263889617543676,"Residus_Canneberges",1.9061,1.9564,"Belanger",4,"10","59.4048_2_10_4"
"449",0.0274558930994885,"Residus_Canneberges",1.9158,1.8632,"Belanger",4,"10","59.4048_2_10_4"
"450",0.0239765469584336,"Residus_Canneberges",1.9102,1.8644,"Belanger",4,"10","59.4048_2_10_4"
"451",0.0272978756720079,"Residus_Canneberges",1.9159,1.8636,"Belanger",4,"10","59.4048_2_10_4"
"452",0.0560742788586928,"Residus_Canneberges",1.9171,1.8096,"Belanger",4,"10","59.4048_2_10_4"
"453",0.021736853132202,"Residus_Canneberges",1.9092,1.8677,"Belanger",4,"10","59.4048_2_10_4"
"454",0.0325233057504976,"Residus_Canneberges",1.9094,1.8473,"Belanger",4,"10","59.4048_2_10_4"
"455",0.0269317763400136,"Residus_Canneberges",1.9011,1.8499,"Belanger",4,"10","59.4048_2_10_4"
"456",0.0208058993942587,"Residus_Canneberges",1.8985,1.859,"Belanger",4,"10","59.4048_2_10_4"
"457",0.0385567553331578,"Residus_Canneberges",1.8985,1.8253,"Belanger",4,"10","59.4048_2_10_4"
"458",0.0448586321276259,"Residus_Canneberges",1.8993,1.8141,"Belanger",4,"10","59.4048_2_10_4"
"459",0.0480728948470883,"Residus_Canneberges",1.9096,1.8178,"Belanger",4,"10","59.4048_2_10_4"
"460",0.0398906816629001,"Residus_Canneberges",1.9027,1.8268,"Belanger",4,"10","59.4048_2_10_4"
"461",0.0230287206266319,"Residus_Canneberges",1.915,1.8709,"Belanger",4,"10","59.4048_2_10_4"
"462",0.0382987616907884,"Residus_Canneberges",1.9139,1.8406,"Belanger",4,"10","59.4048_2_10_4"
"463",0.124803356056633,"Residus_Canneberges",1.907,1.669,"Belanger",5,"10","59.4048_1_10_5"
"464",0.107058390707941,"Residus_Canneberges",1.9027,1.699,"Belanger",5,"10","59.4048_1_10_5"
"465",0.115258884319308,"Residus_Canneberges",1.8966,1.678,"Belanger",5,"10","59.4048_1_10_5"
"466",0.169940539392652,"Residus_Canneberges",1.8836,1.5635,"Belanger",5,"10","59.4048_1_10_5"
"467",0.101623257998852,"Residus_Canneberges",1.9159,1.7212,"Belanger",5,"10","59.4048_1_10_5"
"468",0.0941816659690247,"Residus_Canneberges",1.9112,1.7312,"Belanger",5,"10","59.4048_1_10_5"
"469",0.10892801005973,"Residus_Canneberges",1.9086,1.7007,"Belanger",5,"10","59.4048_1_10_5"
"470",0.141874507744815,"Residus_Canneberges",1.9045,1.6343,"Belanger",5,"10","59.4048_1_10_5"
"471",0.0872852233676976,"Residus_Canneberges",1.8915,1.7264,"Belanger",5,"10","59.4048_1_10_5"
"472",0.0922538155969058,"Residus_Canneberges",1.9132,1.7367,"Belanger",5,"10","59.4048_1_10_5"
"473",0.0930720050309192,"Residus_Canneberges",1.9082,1.7306,"Belanger",5,"10","59.4048_1_10_5"
"474",0.0618859994746519,"Residus_Canneberges",1.9035,1.7857,"Belanger",5,"10","59.4048_2_10_5"
"475",0.0134972534658645,"Residus_Canneberges",1.9115,1.8857,"Belanger",5,"10","59.4048_2_10_5"
"476",0.0828216028971815,"Residus_Canneberges",1.9053,1.7475,"Belanger",5,"10","59.4048_2_10_5"
"477",0.0315894947790318,"Residus_Canneberges",1.8962,1.8363,"Belanger",5,"10","59.4048_2_10_5"
"478",0.0371166448230668,"Residus_Canneberges",1.9075,1.8367,"Belanger",5,"10","59.4048_2_10_5"
"479",0.0429712124395881,"Residus_Canneberges",1.9036,1.8218,"Belanger",5,"10","59.4048_2_10_5"
"480",0.0320184158208642,"Residus_Canneberges",1.9114,1.8502,"Belanger",5,"10","59.4048_2_10_5"
"481",0.155142542132619,"Residus_Canneberges",1.9047,1.6092,"Belanger",5,"10","59.4048_2_10_5"
"482",0.0381531366280593,"Residus_Canneberges",1.9081,1.8353,"Belanger",5,"10","59.4048_2_10_5"
"483",0.0538076416337285,"Residus_Canneberges",1.8975,1.7954,"Belanger",5,"10","59.4048_2_10_5"
"484",0.0328810020876826,"Residus_Canneberges",1.916,1.853,"Belanger",5,"10","59.4048_2_10_5"
"485",0.0561114894954681,"Residus_Canneberges",1.9087,1.8016,"Belanger",5,"10","59.4048_2_10_5"
"486",0.0789779326364693,"Residus_Canneberges",1.8942,1.7446,"Belanger",5,"10","59.4048_2_10_5"
"487",0.130031123067996,"Residus_Canneberges",1.8957,1.6492,"Belanger",5,"10","59.4048_2_10_5"
"488",0.0456556082148499,"Residus_Canneberges",1.899,1.8123,"Belanger",5,"10","59.4048_2_10_5"
"489",0.132498559228795,"Residus_Canneberges",1.9087,1.6558,"Belanger",5,"10","59.4048_2_10_5"
"490",0.0615959181526485,"Residus_Canneberges",1.9011,1.784,"Belanger",5,"10","59.4048_2_10_5"
"491",0.0899613695295549,"Residus_Canneberges",1.8897,1.7197,"Belanger",6,"10","59.4048_1_10_6"
"492",0.121391833735699,"Residus_Canneberges",1.9054,1.6741,"Belanger",6,"10","59.4048_1_10_6"
"493",0.0989830508474576,"Residus_Canneberges",1.9175,1.7277,"Belanger",6,"10","59.4048_1_10_6"
"494",0.126784873685862,"Residus_Canneberges",1.9119,1.6695,"Belanger",6,"10","59.4048_1_10_6"
"495",0.134566326530612,"Residus_Canneberges",1.8816,1.6284,"Belanger",6,"10","59.4048_1_10_6"
"496",0.104918890633176,"Residus_Canneberges",1.911,1.7105,"Belanger",6,"10","59.4048_1_10_6"
"497",0.120863007959782,"Residus_Canneberges",1.9096,1.6788,"Belanger",6,"10","59.4048_1_10_6"
"498",0.103869221378908,"Residus_Canneberges",1.8841,1.6884,"Belanger",6,"10","59.4048_1_10_6"
"499",0.0760190965846492,"Residus_Canneberges",1.9061,1.7612,"Belanger",6,"10","59.4048_1_10_6"
"500",0.182231988698791,"Residus_Canneberges",1.9113,1.563,"Belanger",7,"10","59.4048_1_10_7"
"501",0.136461449640477,"Residus_Canneberges",1.9053,1.6453,"Belanger",7,"10","59.4048_1_10_7"
"502",0.178578892371996,"Residus_Canneberges",1.914,1.5722,"Belanger",7,"10","59.4048_1_10_7"
"503",0.245166402535658,"Residus_Canneberges",1.893,1.4289,"Belanger",7,"10","59.4048_1_10_7"
"504",0.203842105263158,"Residus_Canneberges",1.9,1.5127,"Belanger",7,"10","59.4048_1_10_7"
"505",0.163647785572191,"Residus_Canneberges",1.9102,1.5976,"Belanger",7,"10","59.4048_1_10_7"
"506",0.130178440989252,"Residus_Canneberges",1.9166,1.6671,"Belanger",7,"10","59.4048_1_10_7"
"507",0.0951381968846698,"Residus_Canneberges",1.9067,1.7253,"Belanger",7,"10","59.4048_1_10_7"
"508",0.250143281404679,"Residus_Canneberges",1.9193,1.4392,"Belanger",7,"10","59.4048_1_10_7"
"509",0.163311195942059,"Residus_Canneberges",1.9123,1.6,"Belanger",7,"10","59.4048_1_10_7"
"510",0.176529535864979,"Residus_Canneberges",1.896,1.5613,"Belanger",7,"10","59.4048_1_10_7"
"511",0.116608520985305,"Residus_Canneberges",1.8918,1.6712,"Belanger",7,"10","59.4048_1_10_7"
"512",0.183064095883272,"Residus_Canneberges",1.919,1.5677,"Belanger",7,"10","59.4048_1_10_7"
"513",0.193945127719962,"Residus_Canneberges",1.9026,1.5336,"Belanger",7,"10","59.4048_1_10_7"
"514",0.179034220130111,"Residus_Canneberges",1.8907,1.5522,"Belanger",7,"10","59.4048_1_10_7"
"515",0.241479937467431,"Residus_Canneberges",1.919,1.4556,"Belanger",7,"10","59.4048_1_10_7"
"516",0.1963645943098,"Residus_Canneberges",1.898,1.5253,"Belanger",7,"10","59.4048_1_10_7"
"517",0.211057642012763,"Residus_Canneberges",1.9118,1.5083,"Belanger",7,"10","59.4048_1_10_7"
"518",0.077511260081701,"Residus_Canneberges",1.9094,1.7614,"Belanger",7,"10","59.4048_2_10_7"
"519",0.107135405800125,"Residus_Canneberges",1.9172,1.7118,"Belanger",7,"10","59.4048_2_10_7"
"520",0.144878176578465,"Residus_Canneberges",1.9085,1.632,"Belanger",7,"10","59.4048_2_10_7"
"521",0.121575070220997,"Residus_Canneberges",1.8869,1.6575,"Belanger",7,"10","59.4048_2_10_7"
"522",0.234758679085521,"Residus_Canneberges",1.8896,1.446,"Belanger",7,"10","59.4048_2_10_7"
"523",0.124075724998689,"Residus_Canneberges",1.9069,1.6703,"Belanger",7,"10","59.4048_2_10_7"
"524",0.159776010048147,"Residus_Canneberges",1.9108,1.6055,"Belanger",7,"10","59.4048_2_10_7"
"525",0.0979822522712867,"Residus_Canneberges",1.8932,1.7077,"Belanger",7,"10","59.4048_2_10_7"
"526",0.115942028985507,"Residus_Canneberges",1.8975,1.6775,"Belanger",7,"10","59.4048_2_10_7"
"527",0.100167908489873,"Residus_Canneberges",1.9058,1.7149,"Belanger",7,"10","59.4048_2_10_7"
"528",0.222928608650339,"Residus_Canneberges",1.919,1.4912,"Belanger",7,"10","59.4048_2_10_7"
"529",-0.0300980898296335,"Residus_Canneberges",1.937,1.9953,"Fortier",1,"9","31.4825_1_9_1"
"530",-0.0173566878980893,"Residus_Canneberges",1.884,1.9167,"Fortier",1,"9","31.4825_1_9_1"
"531",-0.0114942528735632,"Residus_Canneberges",1.914,1.936,"Fortier",1,"9","31.4825_1_9_1"
"532",-0.0377507919746569,"Residus_Canneberges",1.894,1.9655,"Fortier",1,"9","31.4825_1_9_1"
"533",-0.0416492693110648,"Residus_Canneberges",1.916,1.9958,"Fortier",1,"9","31.4825_1_9_1"
"534",-0.0340694006309149,"Residus_Canneberges",1.902,1.9668,"Fortier",1,"9","31.4825_1_9_1"
"535",-0.0120021242697822,"Residus_Canneberges",1.883,1.9056,"Fortier",1,"9","31.4825_1_9_1"
"536",-0.0142326075411577,"Residus_Canneberges",1.883,1.9098,"Fortier",1,"9","31.4825_1_9_1"
"537",0.00541103017689905,"Residus_Canneberges",1.922,1.9116,"Fortier",1,"9","31.4825_1_9_1"
"538",-0.0238070539419087,"Residus_Canneberges",1.928,1.9739,"Fortier",1,"9","31.4825_1_9_1"
"539",-0.00950391644908616,"Residus_Canneberges",1.915,1.9332,"Fortier",1,"9","31.4825_1_9_1"
"540",-0.0201570680628272,"Residus_Canneberges",1.91,1.9485,"Fortier",1,"9","31.4825_1_9_1"
"541",-0.0104485488126649,"Residus_Canneberges",1.895,1.9148,"Fortier",1,"9","31.4825_1_9_1"
"542",-0.00794392523364491,"Residus_Canneberges",1.926,1.9413,"Fortier",1,"9","31.4825_1_9_1"
"543",-0.038150289017341,"Residus_Canneberges",1.903,1.9756,"Fortier",1,"9","31.4825_1_9_1"
"544",-0.0320424403183024,"Residus_Canneberges",1.885,1.9454,"Fortier",1,"9","31.4825_1_9_1"
"545",-0.0313371192565823,"Residus_Canneberges",1.937,1.9977,"Fortier",1,"9","31.4825_2_9_1"
"546",-0.0209241952232606,"Residus_Canneberges",1.926,1.9663,"Fortier",1,"9","31.4825_2_9_1"
"547",-0.0391394504924832,"Residus_Canneberges",1.929,2.0045,"Fortier",1,"9","31.4825_2_9_1"
"548",-0.0320942408376964,"Residus_Canneberges",1.91,1.9713,"Fortier",1,"9","31.4825_2_9_1"
"549",-0.0395459345300951,"Residus_Canneberges",1.894,1.9689,"Fortier",1,"9","31.4825_2_9_1"
"550",0.00416016640665627,"Residus_Canneberges",1.923,1.915,"Fortier",1,"9","31.4825_2_9_1"
"551",-0.067268862911796,"Residus_Canneberges",1.882,2.0086,"Fortier",1,"9","31.4825_2_9_1"
"552",0.0172955974842767,"Residus_Canneberges",1.908,1.875,"Fortier",1,"9","31.4825_2_9_1"
"553",-0.0422118380062305,"Residus_Canneberges",1.926,2.0073,"Fortier",1,"9","31.4825_2_9_1"
"554",-0.0390205371248026,"Residus_Canneberges",1.899,1.9731,"Fortier",1,"9","31.4825_2_9_1"
"555",-0.0342737722048067,"Residus_Canneberges",1.914,1.9796,"Fortier",1,"9","31.4825_2_9_1"
"556",-0.0406331084587442,"Residus_Canneberges",1.927,2.0053,"Fortier",1,"9","31.4825_2_9_1"
"557",-0.0436612309310889,"Residus_Canneberges",1.901,1.984,"Fortier",1,"9","31.4825_2_9_1"
"558",-0.0521649484536082,"Residus_Canneberges",1.94,2.0412,"Fortier",1,"9","31.4825_2_9_1"
"559",-0.0370916754478398,"Residus_Canneberges",1.898,1.9684,"Fortier",1,"9","31.4825_2_9_1"
"560",-0.0582331416623105,"Residus_Canneberges",1.913,2.0244,"Fortier",1,"9","31.4825_2_9_1"
"561",-0.0392464678178964,"Residus_Canneberges",1.911,1.986,"Fortier",1,"9","31.4825_2_9_1"
"562",0.00140992167101824,"Residus_Canneberges",1.915,1.9123,"Fortier",1,"9","31.4825_2_9_1"
"563",-0.0394179894179894,"Residus_Canneberges",1.89,1.9645,"Fortier",2,"9","31.4825_1_9_2"
"564",-0.0343617021276597,"Residus_Canneberges",1.88,1.9446,"Fortier",2,"9","31.4825_1_9_2"
"565",-0.03150826446281,"Residus_Canneberges",1.936,1.997,"Fortier",2,"9","31.4825_1_9_2"
"566",0.064616988014591,"Residus_Canneberges",1.919,1.795,"Fortier",2,"9","31.4825_1_9_2"
"567",-0.0330323951141795,"Residus_Canneberges",1.883,1.9452,"Fortier",2,"9","31.4825_1_9_2"
"568",-0.0303329864724246,"Residus_Canneberges",1.922,1.9803,"Fortier",2,"9","31.4825_1_9_2"
"569",-0.050393287886733,"Residus_Canneberges",1.907,2.0031,"Fortier",2,"9","31.4825_1_9_2"
"570",-0.0982521186440679,"Residus_Canneberges",1.888,2.0735,"Fortier",2,"9","31.4825_1_9_2"
"571",-0.049453409682457,"Residus_Canneberges",1.921,2.016,"Fortier",2,"9","31.4825_1_9_2"
"572",-0.0422163588390502,"Residus_Canneberges",1.895,1.975,"Fortier",2,"9","31.4825_1_9_2"
"573",-0.0540385617509119,"Residus_Canneberges",1.919,2.0227,"Fortier",2,"9","31.4825_1_9_2"
"574",-0.0377990430622009,"Residus_Canneberges",1.881,1.9521,"Fortier",2,"9","31.4825_1_9_2"
"575",-0.0324338624338625,"Residus_Canneberges",1.89,1.9513,"Fortier",2,"9","31.4825_1_9_2"
"576",-0.0665618448637318,"Residus_Canneberges",1.908,2.035,"Fortier",2,"9","31.4825_1_9_2"
"577",0.0453834115805947,"Residus_Canneberges",1.917,1.83,"Fortier",2,"9","31.4825_1_9_2"
"578",-0.0533713692946058,"Residus_Canneberges",1.928,2.0309,"Fortier",2,"9","31.4825_1_9_2"
"579",-0.00696954052658743,"Residus_Canneberges",1.937,1.9505,"Fortier",2,"9","31.4825_1_9_2"
"580",-0.0394519131334023,"Residus_Canneberges",1.934,2.0103,"Fortier",2,"9","31.4825_1_9_2"
"581",-0.0356508102456874,"Residus_Canneberges",1.913,1.9812,"Fortier",2,"9","31.4825_1_9_2"
"582",-0.00832455216016862,"Residus_Canneberges",1.898,1.9138,"Fortier",2,"9","31.4825_1_9_2"
"583",-0.0297872340425531,"Residus_Canneberges",1.927,1.9844,"Fortier",2,"9","31.4825_2_9_2"
"584",-0.0326649076517151,"Residus_Canneberges",1.895,1.9569,"Fortier",2,"9","31.4825_2_9_2"
"585",0.235658914728682,"Residus_Canneberges",1.935,1.479,"Fortier",2,"9","31.4825_2_9_2"
"586",0.000584174190122199,"Residus_Canneberges",1.883,1.8819,"Fortier",2,"9","31.4825_2_9_2"
"587",-0.0405320813771517,"Residus_Canneberges",1.917,1.9947,"Fortier",2,"9","31.4825_2_9_2"
"588",-0.0380062305295951,"Residus_Canneberges",1.926,1.9992,"Fortier",2,"9","31.4825_2_9_2"
"589",-0.0310433884297521,"Residus_Canneberges",1.936,1.9961,"Fortier",2,"9","31.4825_2_9_2"
"590",-0.0272536687631027,"Residus_Canneberges",1.908,1.96,"Fortier",2,"9","31.4825_2_9_2"
"591",-0.0341871406168322,"Residus_Canneberges",1.913,1.9784,"Fortier",2,"9","31.4825_2_9_2"
"592",-0.113242961418144,"Residus_Canneberges",1.918,2.1352,"Fortier",2,"9","31.4825_2_9_2"
"593",-0.0408130939809927,"Residus_Canneberges",1.894,1.9713,"Fortier",2,"9","31.4825_2_9_2"
"594",-0.0295243019648398,"Residus_Canneberges",1.934,1.9911,"Fortier",2,"9","31.4825_2_9_2"
"595",-0.0271975180972078,"Residus_Canneberges",1.934,1.9866,"Fortier",2,"9","31.4825_2_9_2"
"596",-0.0530421216848673,"Residus_Canneberges",1.923,2.025,"Fortier",2,"9","31.4825_2_9_2"
"597",-0.0304642670839854,"Residus_Canneberges",1.917,1.9754,"Fortier",2,"9","31.4825_2_9_2"
"598",-0.0124091381100727,"Residus_Canneberges",1.926,1.9499,"Fortier",2,"9","31.4825_2_9_2"
"599",-0.0351909184726524,"Residus_Canneberges",1.938,2.0062,"Fortier",2,"9","31.4825_2_9_2"
"600",-0.0346960167714885,"Residus_Canneberges",1.908,1.9742,"Fortier",2,"9","31.4825_2_9_2"
"601",-0.0131524008350731,"Residus_Canneberges",1.916,1.9412,"Fortier",2,"9","31.4825_2_9_2"
"602",0.0715717299578059,"Residus_Canneberges",1.896,1.7603,"Fortier",2,"9","31.4825_2_9_2"
"603",-0.0134281200631912,"Residus_Canneberges",1.899,1.9245,"Fortier",3,"9","31.4825_1_9_3"
"604",-0.0113804004214963,"Residus_Canneberges",1.898,1.9196,"Fortier",3,"9","31.4825_1_9_3"
"605",-0.0148167268972638,"Residus_Canneberges",1.937,1.9657,"Fortier",3,"9","31.4825_1_9_3"
"606",-0.00198848770277343,"Residus_Canneberges",1.911,1.9148,"Fortier",3,"9","31.4825_1_9_3"
"607",-0.0210361067503925,"Residus_Canneberges",1.911,1.9512,"Fortier",3,"9","31.4825_1_9_3"
"608",-0.0167536534446764,"Residus_Canneberges",1.916,1.9481,"Fortier",3,"9","31.4825_1_9_3"
"609",-0.0234888653234358,"Residus_Canneberges",1.886,1.9303,"Fortier",3,"9","31.4825_1_9_3"
"610",-0.0265584075432163,"Residus_Canneberges",1.909,1.9597,"Fortier",3,"9","31.4825_1_9_3"
"611",-0.0186659772492244,"Residus_Canneberges",1.934,1.9701,"Fortier",3,"9","31.4825_1_9_3"
"612",0.00182958703606903,"Residus_Canneberges",1.913,1.9095,"Fortier",3,"9","31.4825_1_9_3"
"613",0.00108639420589756,"Residus_Canneberges",1.933,1.9309,"Fortier",3,"9","31.4825_1_9_3"
"614",-0.00838509316770186,"Residus_Canneberges",1.932,1.9482,"Fortier",3,"9","31.4825_1_9_3"
"615",-0.0164241164241165,"Residus_Canneberges",1.924,1.9556,"Fortier",3,"9","31.4825_1_9_3"
"616",-0.000263713080168864,"Residus_Canneberges",1.896,1.8965,"Fortier",3,"9","31.4825_1_9_3"
"617",-0.0101111699311805,"Residus_Canneberges",1.889,1.9081,"Fortier",3,"9","31.4825_1_9_3"
"618",-0.000521376433785251,"Residus_Canneberges",1.918,1.919,"Fortier",3,"9","31.4825_2_9_3"
"619",-0.000569358178053882,"Residus_Canneberges",1.932,1.9331,"Fortier",3,"9","31.4825_2_9_3"
"620",-0.0337019483938916,"Residus_Canneberges",1.899,1.963,"Fortier",3,"9","31.4825_2_9_3"
"621",0.0100212089077412,"Residus_Canneberges",1.886,1.8671,"Fortier",3,"9","31.4825_2_9_3"
"622",0.00724101479915424,"Residus_Canneberges",1.892,1.8783,"Fortier",3,"9","31.4825_2_9_3"
"623",0.0470495258166491,"Residus_Canneberges",1.898,1.8087,"Fortier",3,"9","31.4825_2_9_3"
"624",0.00966894377299,"Residus_Canneberges",1.903,1.8846,"Fortier",3,"9","31.4825_2_9_3"
"625",0.00850181441161222,"Residus_Canneberges",1.929,1.9126,"Fortier",3,"9","31.4825_2_9_3"
"626",0.024236037934668,"Residus_Canneberges",1.898,1.852,"Fortier",3,"9","31.4825_2_9_3"
"627",0.004602510460251,"Residus_Canneberges",1.912,1.9032,"Fortier",3,"9","31.4825_2_9_3"
"628",0.0288572933122696,"Residus_Canneberges",1.899,1.8442,"Fortier",3,"9","31.4825_2_9_3"
"629",0.00211752249867655,"Residus_Canneberges",1.889,1.885,"Fortier",3,"9","31.4825_2_9_3"
"630",0.017139907072793,"Residus_Canneberges",1.937,1.9038,"Fortier",3,"9","31.4825_2_9_3"
"631",-0.00339248434238005,"Residus_Canneberges",1.916,1.9225,"Fortier",3,"9","31.4825_2_9_3"
"632",0.0189691817215727,"Residus_Canneberges",1.882,1.8463,"Fortier",3,"9","31.4825_2_9_3"
"633",0.0064259160913436,"Residus_Canneberges",1.883,1.8709,"Fortier",4,"9","31.4825_1_9_4"
"634",0.000210084033613422,"Residus_Canneberges",1.904,1.9036,"Fortier",4,"9","31.4825_1_9_4"
"635",0.0274986779481756,"Residus_Canneberges",1.891,1.839,"Fortier",4,"9","31.4825_1_9_4"
"636",0.0177511712649662,"Residus_Canneberges",1.921,1.8869,"Fortier",4,"9","31.4825_1_9_4"
"637",0.0033126293995859,"Residus_Canneberges",1.932,1.9256,"Fortier",4,"9","31.4825_1_9_4"
"638",-0.0280636604774536,"Residus_Canneberges",1.885,1.9379,"Fortier",4,"9","31.4825_1_9_4"
"639",0.0234164070612668,"Residus_Canneberges",1.926,1.8809,"Fortier",4,"9","31.4825_1_9_4"
"640",0.0141959140911473,"Residus_Canneberges",1.909,1.8819,"Fortier",4,"9","31.4825_1_9_4"
"641",0.0254111405835544,"Residus_Canneberges",1.885,1.8371,"Fortier",4,"9","31.4825_1_9_4"
"642",0.0197064989517819,"Residus_Canneberges",1.908,1.8704,"Fortier",4,"9","31.4825_1_9_4"
"643",-0.0127092050209205,"Residus_Canneberges",1.912,1.9363,"Fortier",4,"9","31.4825_1_9_4"
"644",0.035414480587618,"Residus_Canneberges",1.906,1.8385,"Fortier",4,"9","31.4825_1_9_4"
"645",-0.0515071390798519,"Residus_Canneberges",1.891,1.9884,"Fortier",4,"9","31.4825_1_9_4"
"646",0.0479057591623036,"Residus_Canneberges",1.91,1.8185,"Fortier",4,"9","31.4825_1_9_4"
"647",-0.0276539278131635,"Residus_Canneberges",1.884,1.9361,"Fortier",4,"9","31.4825_1_9_4"
"648",-0.00973084886128372,"Residus_Canneberges",1.932,1.9508,"Fortier",4,"9","31.4825_1_9_4"
"649",-0.00271115745568305,"Residus_Canneberges",1.918,1.9232,"Fortier",4,"9","31.4825_1_9_4"
"650",0.0662488809310654,"Residus_Canneberges",1.8989,1.7731,"Fortier",4,"9","31.4825_2_9_4"
"651",0.0636411332633788,"Residus_Canneberges",1.906,1.7847,"Fortier",4,"9","31.4825_2_9_4"
"652",0.060144472361809,"Residus_Canneberges",1.9104,1.7955,"Fortier",4,"9","31.4825_2_9_4"
"653",0.0925554382259768,"Residus_Canneberges",1.894,1.7187,"Fortier",4,"9","31.4825_2_9_4"
"654",0.0878871155269,"Residus_Canneberges",1.8922,1.7259,"Fortier",4,"9","31.4825_2_9_4"
"655",0.0774615025664955,"Residus_Canneberges",1.9287,1.7793,"Fortier",4,"9","31.4825_2_9_4"
"656",0.0720535526038373,"Residus_Canneberges",1.8972,1.7605,"Fortier",4,"9","31.4825_2_9_4"
"657",0.0497825289524709,"Residus_Canneberges",1.9083,1.8133,"Fortier",4,"9","31.4825_2_9_4"
"658",0.249649295994181,"Residus_Canneberges",1.9247,1.4442,"Fortier",4,"9","31.4825_2_9_4"
"659",0.0680592279217345,"Residus_Canneberges",1.891,1.7623,"Fortier",4,"9","31.4825_2_9_4"
"660",0.131782540512284,"Residus_Canneberges",1.913,1.6609,"Fortier",5,"9","31.4825_1_9_5"
"661",0.164541622760801,"Residus_Canneberges",1.898,1.5857,"Fortier",5,"9","31.4825_1_9_5"
"662",0.0910297239915074,"Residus_Canneberges",1.884,1.7125,"Fortier",5,"9","31.4825_1_9_5"
"663",0.138903394255875,"Residus_Canneberges",1.915,1.649,"Fortier",5,"9","31.4825_1_9_5"
"664",0.117709437963945,"Residus_Canneberges",1.886,1.664,"Fortier",5,"9","31.4825_1_9_5"
"665",0.110708661417323,"Residus_Canneberges",1.905,1.6941,"Fortier",5,"9","31.4825_1_9_5"
"666",0.112828601472135,"Residus_Canneberges",1.902,1.6874,"Fortier",5,"9","31.4825_1_9_5"
"667",0.117423056859677,"Residus_Canneberges",1.917,1.6919,"Fortier",5,"9","31.4825_1_9_5"
"668",0.117088607594937,"Residus_Canneberges",1.896,1.674,"Fortier",5,"9","31.4825_1_9_5"
"669",0.115021008403361,"Residus_Canneberges",1.904,1.685,"Fortier",5,"9","31.4825_1_9_5"
"670",0.122210526315789,"Residus_Canneberges",1.9,1.6678,"Fortier",5,"9","31.4825_1_9_5"
"671",0.183862433862434,"Residus_Canneberges",1.89,1.5425,"Fortier",5,"9","31.4825_1_9_5"
"672",0.102360965372508,"Residus_Canneberges",1.906,1.7109,"Fortier",5,"9","31.4825_2_9_5"
"673",0.083376222336593,"Residus_Canneberges",1.943,1.781,"Fortier",5,"9","31.4825_2_9_5"
"674",0.121819137749737,"Residus_Canneberges",1.902,1.6703,"Fortier",5,"9","31.4825_2_9_5"
"675",0.0787022501308216,"Residus_Canneberges",1.911,1.7606,"Fortier",5,"9","31.4825_2_9_5"
"676",0.0880165289256198,"Residus_Canneberges",1.936,1.7656,"Fortier",5,"9","31.4825_2_9_5"
"677",0.0730259671436142,"Residus_Canneberges",1.887,1.7492,"Fortier",5,"9","31.4825_2_9_5"
"678",0.0834295309056564,"Residus_Canneberges",1.9058,1.7468,"Fortier",5,"9","31.4825_2_9_5"
"679",0.0953724015460149,"Residus_Canneberges",1.9146,1.732,"Fortier",5,"9","31.4825_2_9_5"
"680",0.0813474474631068,"Residus_Canneberges",1.9177,1.7617,"Fortier",5,"9","31.4825_2_9_5"
"681",0.0811203319502074,"Residus_Canneberges",1.928,1.7716,"Fortier",5,"9","31.4825_2_9_5"
"682",0.0743250453526838,"Residus_Canneberges",1.8742,1.7349,"Fortier",5,"9","31.4825_2_9_5"
"683",0.0960556111432935,"Residus_Canneberges",1.8989,1.7165,"Fortier",5,"9","31.4825_2_9_5"
"684",0.080662925473331,"Residus_Canneberges",1.9067,1.7529,"Fortier",5,"9","31.4825_2_9_5"
"685",0.117445236210082,"Residus_Canneberges",1.8945,1.672,"Fortier",6,"9","31.4825_1_9_6"
"686",0.124646189328022,"Residus_Canneberges",1.9078,1.67,"Fortier",6,"9","31.4825_1_9_6"
"687",0.102421244467587,"Residus_Canneberges",1.9205,1.7238,"Fortier",6,"9","31.4825_1_9_6"
"688",0.126034573074908,"Residus_Canneberges",1.909,1.6684,"Fortier",6,"9","31.4825_1_9_6"
"689",0.144127281235377,"Residus_Canneberges",1.9233,1.6461,"Fortier",6,"9","31.4825_1_9_6"
"690",0.115758653142319,"Residus_Canneberges",1.9126,1.6912,"Fortier",6,"9","31.4825_1_9_6"
"691",0.125854273998528,"Residus_Canneberges",1.9022,1.6628,"Fortier",6,"9","31.4825_1_9_6"
"692",0.106605351170569,"Residus_Canneberges",1.9136,1.7096,"Fortier",6,"9","31.4825_1_9_6"
"693",0.109751080024686,"Residus_Canneberges",1.9444,1.731,"Fortier",6,"9","31.4825_1_9_6"
"694",0.115200764818356,"Residus_Canneberges",1.8828,1.6659,"Fortier",6,"9","31.4825_1_9_6"
"695",0.13231418028466,"Residus_Canneberges",1.897,1.646,"Fortier",6,"9","31.4825_1_9_6"
"696",0.141263744936076,"Residus_Canneberges",1.9007,1.6322,"Fortier",6,"9","31.4825_1_9_6"
"697",0.121008755832853,"Residus_Canneberges",1.9073,1.6765,"Fortier",6,"9","31.4825_1_9_6"
"698",0.0871251834766198,"Residus_Canneberges",1.9076,1.7414,"Fortier",6,"9","31.4825_1_9_6"
"699",0.139566115702479,"Residus_Canneberges",1.936,1.6658,"Fortier",6,"9","31.4825_1_9_6"
"700",0.143399409531843,"Residus_Canneberges",1.8968,1.6248,"Fortier",6,"9","31.4825_1_9_6"
"701",0.1396645134403,"Residus_Canneberges",1.9196,1.6515,"Fortier",6,"9","31.4825_1_9_6"
"702",0.133158447009444,"Residus_Canneberges",1.906,1.6522,"Fortier",6,"9","31.4825_2_9_6"
"703",0.121454545454545,"Residus_Canneberges",1.925,1.6912,"Fortier",6,"9","31.4825_2_9_6"
"704",0.12896035663111,"Residus_Canneberges",1.8843,1.6413,"Fortier",6,"9","31.4825_2_9_6"
"705",0.127906976744186,"Residus_Canneberges",1.892,1.65,"Fortier",6,"9","31.4825_2_9_6"
"706",0.118565400843882,"Residus_Canneberges",1.896,1.6712,"Fortier",6,"9","31.4825_2_9_6"
"707",0.115008834840453,"Residus_Canneberges",1.9242,1.7029,"Fortier",6,"9","31.4825_2_9_6"
"708",0.123807537924204,"Residus_Canneberges",1.9183,1.6808,"Fortier",6,"9","31.4825_2_9_6"
"709",0.112595917941223,"Residus_Canneberges",1.9157,1.7,"Fortier",6,"9","31.4825_2_9_6"
"710",0.079447868921553,"Residus_Canneberges",1.8981,1.7473,"Fortier",6,"9","31.4825_2_9_6"
"711",0.0999166058584384,"Residus_Canneberges",1.9186,1.7269,"Fortier",6,"9","31.4825_2_9_6"
"712",0.20546157059315,"Residus_Canneberges",1.9152,1.5217,"Fortier",6,"9","31.4825_2_9_6"
"713",0.12411421425594,"Residus_Canneberges",1.9192,1.681,"Fortier",6,"9","31.4825_2_9_6"
"714",0.144041288708164,"Residus_Canneberges",1.9182,1.6419,"Fortier",7,"9","31.4825_1_9_7"
"715",0.125677595916004,"Residus_Canneberges",1.9001,1.6613,"Fortier",7,"9","31.4825_1_9_7"
"716",0.166077552097072,"Residus_Canneberges",1.8955,1.5807,"Fortier",7,"9","31.4825_1_9_7"
"717",0.171755127602943,"Residus_Canneberges",1.9161,1.587,"Fortier",7,"9","31.4825_1_9_7"
"718",0.11458933151861,"Residus_Canneberges",1.9103,1.6914,"Fortier",7,"9","31.4825_1_9_7"
"719",0.146769406987036,"Residus_Canneberges",1.9207,1.6388,"Fortier",7,"9","31.4825_1_9_7"
"720",0.15693794987653,"Residus_Canneberges",1.9033,1.6046,"Fortier",7,"9","31.4825_1_9_7"
"721",0.175231939956218,"Residus_Canneberges",1.9186,1.5824,"Fortier",7,"9","31.4825_1_9_7"
"722",0.0548458614864865,"Residus_Canneberges",1.8944,1.7905,"Fortier",7,"9","31.4825_1_9_7"
"723",0.179932970255551,"Residus_Canneberges",1.9096,1.566,"Fortier",7,"9","31.4825_1_9_7"
"724",0.149008020261714,"Residus_Canneberges",1.8952,1.6128,"Fortier",7,"9","31.4825_1_9_7"
"725",0.207925968526167,"Residus_Canneberges",1.9127,1.515,"Fortier",7,"9","31.4825_1_9_7"
"726",0.152168185889668,"Residus_Canneberges",1.8979,1.6091,"Fortier",7,"9","31.4825_1_9_7"
"727",0.0843861865655927,"Residus_Canneberges",1.8996,1.7393,"Fortier",7,"9","31.4825_1_9_7"
"728",0.126717158527031,"Residus_Canneberges",1.9145,1.6719,"Fortier",7,"9","31.4825_2_9_7"
"729",0.138404843379837,"Residus_Canneberges",1.8995,1.6366,"Fortier",7,"9","31.4825_2_9_7"
"730",0.165864126452423,"Residus_Canneberges",1.9106,1.5937,"Fortier",7,"9","31.4825_2_9_7"
"731",0.137269295302013,"Residus_Canneberges",1.9072,1.6454,"Fortier",7,"9","31.4825_2_9_7"
"732",0.137088315502412,"Residus_Canneberges",1.9068,1.6454,"Fortier",7,"9","31.4825_2_9_7"
"733",0.0914800083734562,"Residus_Canneberges",1.9108,1.736,"Fortier",7,"9","31.4825_2_9_7"
"734",0.129681941828834,"Residus_Canneberges",1.9116,1.6637,"Fortier",7,"9","31.4825_2_9_7"
"735",0.0635244828489133,"Residus_Canneberges",1.9095,1.7882,"Fortier",7,"9","31.4825_2_9_7"
"736",0.152153211300392,"Residus_Canneberges",1.8902,1.6026,"Fortier",7,"9","31.4825_2_9_7"
"737",0.015170736864362,"Residus_Canneberges",1.8918,1.8631,"Fortier",7,"9","31.4825_2_9_7"
"738",0.11475668014069,"Residus_Canneberges",1.9049,1.6863,"Fortier",7,"9","31.4825_2_9_7"
"739",0.173205893224904,"Residus_Canneberges",1.8937,1.5657,"Fortier",7,"9","31.4825_2_9_7"
"740",0.116916979557781,"Residus_Canneberges",1.9176,1.6934,"Fortier",7,"9","31.4825_2_9_7"
"741",-0.00774946921443746,"Residus_Canneberges",1.884,1.8986,"Fortier",1,"45","28.42_1_45_1"
"742",-0.0299792531120332,"Residus_Canneberges",1.928,1.9858,"Fortier",1,"45","28.42_1_45_1"
"743",-0.036888657648283,"Residus_Canneberges",1.922,1.9929,"Fortier",1,"45","28.42_1_45_1"
"744",-0.00735524256651017,"Residus_Canneberges",1.917,1.9311,"Fortier",1,"45","28.42_1_45_1"
"745",-0.0146659707724426,"Residus_Canneberges",1.916,1.9441,"Fortier",1,"45","28.42_1_45_1"
"746",0.0153367875647668,"Residus_Canneberges",1.93,1.9004,"Fortier",1,"45","28.42_1_45_1"
"747",-0.0280887011615629,"Residus_Canneberges",1.894,1.9472,"Fortier",1,"45","28.42_1_45_1"
"748",-0.0325263157894737,"Residus_Canneberges",1.9,1.9618,"Fortier",1,"45","28.42_1_45_1"
"749",-0.0234108527131782,"Residus_Canneberges",1.935,1.9803,"Fortier",1,"45","28.42_1_45_1"
"750",-0.0309043927648578,"Residus_Canneberges",1.935,1.9948,"Fortier",1,"45","28.42_1_45_1"
"751",0.023950233281493,"Residus_Canneberges",1.929,1.8828,"Fortier",1,"45","28.42_1_45_1"
"752",-0.0529596647459403,"Residus_Canneberges",1.909,2.0101,"Fortier",1,"45","28.42_1_45_1"
"753",-0.0273673257023933,"Residus_Canneberges",1.922,1.9746,"Fortier",1,"45","28.42_1_45_1"
"754",-0.0243000528262018,"Residus_Canneberges",1.893,1.939,"Fortier",1,"45","28.42_1_45_1"
"755",-0.0303172126885075,"Residus_Canneberges",1.923,1.9813,"Fortier",1,"45","28.42_1_45_1"
"756",-0.0353918007265179,"Residus_Canneberges",1.927,1.9952,"Fortier",1,"45","28.42_1_45_1"
"757",-0.0455636743215031,"Residus_Canneberges",1.916,2.0033,"Fortier",1,"45","28.42_1_45_1"
"758",-0.0492258748674443,"Residus_Canneberges",1.886,1.97884,"Fortier",1,"45","28.42_1_45_1"
"759",-0.0499203398831652,"Residus_Canneberges",1.883,1.977,"Fortier",1,"45","28.42_2_45_1"
"760",-0.314255874673629,"Residus_Canneberges",1.915,2.5168,"Fortier",1,"45","28.42_2_45_1"
"761",-0.304504976427449,"Residus_Canneberges",1.909,2.4903,"Fortier",1,"45","28.42_2_45_1"
"762",-0.042088772845953,"Residus_Canneberges",1.915,1.9956,"Fortier",1,"45","28.42_2_45_1"
"763",-0.310062893081761,"Residus_Canneberges",1.908,2.4996,"Fortier",1,"45","28.42_2_45_1"
"764",-0.0369519832985386,"Residus_Canneberges",1.916,1.9868,"Fortier",1,"45","28.42_2_45_1"
"765",-0.0484276729559749,"Residus_Canneberges",1.908,2.0004,"Fortier",1,"45","28.42_2_45_1"
"766",-0.0457519788918206,"Residus_Canneberges",1.895,1.9817,"Fortier",1,"45","28.42_2_45_1"
"767",-0.0452516865594189,"Residus_Canneberges",1.927,2.0142,"Fortier",1,"45","28.42_2_45_1"
"768",-0.313159268929504,"Residus_Canneberges",1.915,2.5147,"Fortier",1,"45","28.42_2_45_1"
"769",-0.0541687979539642,"Residus_Canneberges",1.955,2.0609,"Fortier",1,"45","28.42_2_45_1"
"770",-0.311076604554865,"Residus_Canneberges",1.932,2.533,"Fortier",1,"45","28.42_2_45_1"
"771",-0.0519131334022752,"Residus_Canneberges",1.934,2.0344,"Fortier",1,"45","28.42_2_45_1"
"772",-0.0366085578446909,"Residus_Canneberges",1.893,1.9623,"Fortier",1,"45","28.42_2_45_1"
"773",-0.0429551451187335,"Residus_Canneberges",1.895,1.9764,"Fortier",1,"45","28.42_2_45_1"
"774",-0.0507376185458378,"Residus_Canneberges",1.898,1.9943,"Fortier",1,"45","28.42_2_45_1"
"775",-0.0486315789473684,"Residus_Canneberges",1.9,1.9924,"Fortier",1,"45","28.42_2_45_1"
"776",-0.049736564805058,"Residus_Canneberges",1.898,1.9924,"Fortier",1,"45","28.42_2_45_1"
"777",-0.0631825273010921,"Residus_Canneberges",1.923,2.0445,"Fortier",2,"45","28.42_1_45_2"
"778",-0.06444099378882,"Residus_Canneberges",1.932,2.0565,"Fortier",2,"45","28.42_1_45_2"
"779",-0.06697965571205,"Residus_Canneberges",1.917,2.0454,"Fortier",2,"45","28.42_1_45_2"
"780",-0.0505208333333333,"Residus_Canneberges",1.92,2.017,"Fortier",2,"45","28.42_1_45_2"
"781",-0.0494545454545454,"Residus_Canneberges",1.925,2.0202,"Fortier",2,"45","28.42_1_45_2"
"782",-0.0214248838409912,"Residus_Canneberges",1.937,1.9785,"Fortier",2,"45","28.42_1_45_2"
"783",-0.0388075313807532,"Residus_Canneberges",1.912,1.9862,"Fortier",2,"45","28.42_1_45_2"
"784",-0.0470861268695203,"Residus_Canneberges",1.939,2.0303,"Fortier",2,"45","28.42_1_45_2"
"785",-0.0346133886870783,"Residus_Canneberges",1.927,1.9937,"Fortier",2,"45","28.42_1_45_2"
"786",-0.0489677077818952,"Residus_Canneberges",1.889,1.9815,"Fortier",2,"45","28.42_1_45_2"
"787",-0.0391601049868766,"Residus_Canneberges",1.905,1.9796,"Fortier",2,"45","28.42_1_45_2"
"788",-0.0454263565891472,"Residus_Canneberges",1.935,2.0229,"Fortier",2,"45","28.42_1_45_2"
"789",-0.0204774535809018,"Residus_Canneberges",1.885,1.9236,"Fortier",2,"45","28.42_2_45_2"
"790",-0.0259801359121797,"Residus_Canneberges",1.913,1.9627,"Fortier",2,"45","28.42_2_45_2"
"791",-0.0169772256728779,"Residus_Canneberges",1.932,1.9648,"Fortier",2,"45","28.42_2_45_2"
"792",-0.0232114467408585,"Residus_Canneberges",1.887,1.9308,"Fortier",2,"45","28.42_2_45_2"
"793",-0.0193193717277488,"Residus_Canneberges",1.91,1.9469,"Fortier",2,"45","28.42_2_45_2"
"794",-0.0474869109947645,"Residus_Canneberges",1.91,2.0007,"Fortier",2,"45","28.42_2_45_2"
"795",-0.0215392561983471,"Residus_Canneberges",1.936,1.9777,"Fortier",2,"45","28.42_2_45_2"
"796",-0.0352816153028693,"Residus_Canneberges",1.882,1.9484,"Fortier",2,"45","28.42_2_45_2"
"797",-0.0283748014822658,"Residus_Canneberges",1.889,1.9426,"Fortier",2,"45","28.42_2_45_2"
"798",-0.0239938080495356,"Residus_Canneberges",1.938,1.9845,"Fortier",2,"45","28.42_2_45_2"
"799",-0.0295643153526972,"Residus_Canneberges",1.928,1.985,"Fortier",2,"45","28.42_2_45_2"
"800",-0.0266425245732022,"Residus_Canneberges",1.933,1.9845,"Fortier",2,"45","28.42_2_45_2"
"801",-0.00212655601659751,"Residus_Canneberges",1.928,1.9321,"Fortier",2,"45","28.42_2_45_2"
"802",-0.0198963730569948,"Residus_Canneberges",1.93,1.9684,"Fortier",2,"45","28.42_2_45_2"
"803",-0.00413179916317993,"Residus_Canneberges",1.912,1.9199,"Fortier",2,"45","28.42_2_45_2"
"804",-0.0182576943140323,"Residus_Canneberges",1.917,1.952,"Fortier",2,"45","28.42_2_45_2"
"805",-0.0475661375661376,"Residus_Canneberges",1.89,1.9799,"Fortier",2,"45","28.42_2_45_2"
"806",-0.043146417445483,"Residus_Canneberges",1.926,2.0091,"Fortier",2,"45","28.42_2_45_2"
"807",-0.00909090909090913,"Residus_Canneberges",1.914,1.9314,"Fortier",2,"45","28.42_2_45_2"
"808",-0.0185145888594164,"Residus_Canneberges",1.885,1.9199,"Fortier",3,"45","28.42_1_45_3"
"809",-0.00614818707304259,"Residus_Canneberges",1.903,1.9147,"Fortier",3,"45","28.42_1_45_3"
"810",0.00193009911319772,"Residus_Canneberges",1.917,1.9133,"Fortier",3,"45","28.42_1_45_3"
"811",-0.00625325690463784,"Residus_Canneberges",1.919,1.931,"Fortier",3,"45","28.42_1_45_3"
"812",-0.00245174752217002,"Residus_Canneberges",1.917,1.9217,"Fortier",3,"45","28.42_1_45_3"
"813",0.0645887899423782,"Residus_Canneberges",1.909,1.7857,"Fortier",3,"45","28.42_1_45_3"
"814",-0.0110996386164171,"Residus_Canneberges",1.937,1.9585,"Fortier",3,"45","28.42_1_45_3"
"815",-0.00592592592592598,"Residus_Canneberges",1.89,1.9012,"Fortier",3,"45","28.42_1_45_3"
"816",-0.0133784487246226,"Residus_Canneberges",1.921,1.9467,"Fortier",3,"45","28.42_1_45_3"
"817",-0.00259605399792322,"Residus_Canneberges",1.926,1.931,"Fortier",3,"45","28.42_1_45_3"
"818",-0.0243496357960459,"Residus_Canneberges",1.922,1.9688,"Fortier",3,"45","28.42_1_45_3"
"819",-0.0183587585481325,"Residus_Canneberges",1.901,1.9359,"Fortier",3,"45","28.42_1_45_3"
"820",-0.0322327044025158,"Residus_Canneberges",1.908,1.9695,"Fortier",3,"45","28.42_1_45_3"
"821",-0.0353095487932844,"Residus_Canneberges",1.906,1.9733,"Fortier",3,"45","28.42_2_45_3"
"822",0.00707644628099176,"Residus_Canneberges",1.936,1.9223,"Fortier",3,"45","28.42_2_45_3"
"823",0.0134505949301604,"Residus_Canneberges",1.933,1.907,"Fortier",3,"45","28.42_2_45_3"
"824",0.0248175182481751,"Residus_Canneberges",1.918,1.8704,"Fortier",3,"45","28.42_2_45_3"
"825",0.0204557498675146,"Residus_Canneberges",1.887,1.8484,"Fortier",3,"45","28.42_2_45_3"
"826",-0.00373487638085212,"Residus_Canneberges",1.901,1.9081,"Fortier",3,"45","28.42_2_45_3"
"827",0.0292747485442032,"Residus_Canneberges",1.889,1.8337,"Fortier",3,"45","28.42_2_45_3"
"828",0.0141952506596306,"Residus_Canneberges",1.895,1.8681,"Fortier",3,"45","28.42_2_45_3"
"829",0.00325972660357518,"Residus_Canneberges",1.902,1.8958,"Fortier",3,"45","28.42_2_45_3"
"830",-0.00637305699481864,"Residus_Canneberges",1.93,1.9423,"Fortier",3,"45","28.42_2_45_3"
"831",0.00878661087866105,"Residus_Canneberges",1.912,1.8952,"Fortier",3,"45","28.42_2_45_3"
"832",-0.00653188180404352,"Residus_Canneberges",1.929,1.9416,"Fortier",3,"45","28.42_2_45_3"
"833",0.0201134605466736,"Residus_Canneberges",1.939,1.9,"Fortier",3,"45","28.42_2_45_3"
"834",0.0209413008989953,"Residus_Canneberges",1.891,1.8514,"Fortier",3,"45","28.42_2_45_3"
"835",0.00051894135962642,"Residus_Canneberges",1.927,1.926,"Fortier",4,"45","28.42_1_45_4"
"836",-0.0068514644351465,"Residus_Canneberges",1.912,1.9251,"Fortier",4,"45","28.42_1_45_4"
"837",-0.00100000000000001,"Residus_Canneberges",1.9,1.9019,"Fortier",4,"45","28.42_1_45_4"
"838",-0.00126315789473694,"Residus_Canneberges",1.9,1.9024,"Fortier",4,"45","28.42_1_45_4"
"839",0.00918049792531111,"Residus_Canneberges",1.928,1.9103,"Fortier",4,"45","28.42_1_45_4"
"840",-0.00435706695005324,"Residus_Canneberges",1.882,1.8902,"Fortier",4,"45","28.42_1_45_4"
"841",-0.00222222222222233,"Residus_Canneberges",1.89,1.8942,"Fortier",4,"45","28.42_1_45_4"
"842",-0.0121290994273815,"Residus_Canneberges",1.921,1.9443,"Fortier",4,"45","28.42_1_45_4"
"843",-0.0114270941054809,"Residus_Canneberges",1.934,1.9561,"Fortier",4,"45","28.42_1_45_4"
"844",0.00181818181818185,"Residus_Canneberges",1.925,1.9215,"Fortier",4,"45","28.42_1_45_4"
"845",-0.0062015503875969,"Residus_Canneberges",1.935,1.947,"Fortier",4,"45","28.42_1_45_4"
"846",0.00269698572184035,"Residus_Canneberges",1.891,1.8859,"Fortier",4,"45","28.42_1_45_4"
"847",0.0134075251722311,"Residus_Canneberges",1.887,1.8617,"Fortier",4,"45","28.42_2_45_4"
"848",0.0157671957671957,"Residus_Canneberges",1.89,1.8602,"Fortier",4,"45","28.42_2_45_4"
"849",0.000735294117646978,"Residus_Canneberges",1.904,1.9026,"Fortier",4,"45","28.42_2_45_4"
"850",0.00334903192046047,"Residus_Canneberges",1.911,1.9046,"Fortier",4,"45","28.42_2_45_4"
"851",0.00620399579390106,"Residus_Canneberges",1.902,1.8902,"Fortier",4,"45","28.42_2_45_4"
"852",0.0155263157894736,"Residus_Canneberges",1.9,1.8705,"Fortier",4,"45","28.42_2_45_4"
"853",0.00398757120662871,"Residus_Canneberges",1.931,1.9233,"Fortier",4,"45","28.42_2_45_4"
"854",0.00726607422895976,"Residus_Canneberges",1.913,1.8991,"Fortier",4,"45","28.42_2_45_4"
"855",-0.00560502881089572,"Residus_Canneberges",1.909,1.9197,"Fortier",4,"45","28.42_2_45_4"
"856",-0.00185854414042336,"Residus_Canneberges",1.937,1.9406,"Fortier",4,"45","28.42_2_45_4"
"857",0.00401479133650293,"Residus_Canneberges",1.893,1.8854,"Fortier",4,"45","28.42_2_45_4"
"858",0.00207226354941541,"Residus_Canneberges",1.882,1.8781,"Fortier",4,"45","28.42_2_45_4"
"859",0.0109234828496042,"Residus_Canneberges",1.895,1.8743,"Fortier",4,"45","28.42_2_45_4"
"860",-0.00225721784776901,"Residus_Canneberges",1.905,1.9093,"Fortier",4,"45","28.42_2_45_4"
"861",0.00855949895615865,"Residus_Canneberges",1.916,1.8996,"Fortier",4,"45","28.42_2_45_4"
"862",0.0944070429829105,"Residus_Canneberges",1.931,1.7487,"Fortier",5,"45","28.42_1_45_5"
"863",0.0534482758620689,"Residus_Canneberges",1.914,1.8117,"Fortier",5,"45","28.42_1_45_5"
"864",0.0575442247658689,"Residus_Canneberges",1.922,1.8114,"Fortier",5,"45","28.42_1_45_5"
"865",0.0675465838509316,"Residus_Canneberges",1.932,1.8015,"Fortier",5,"45","28.42_1_45_5"
"866",0.0896186440677965,"Residus_Canneberges",1.888,1.7188,"Fortier",5,"45","28.42_1_45_5"
"867",0.0819603753910323,"Residus_Canneberges",1.918,1.7608,"Fortier",5,"45","28.42_1_45_5"
"868",0.0860892388451443,"Residus_Canneberges",1.905,1.741,"Fortier",5,"45","28.42_1_45_5"
"869",0.0757872999483738,"Residus_Canneberges",1.937,1.7902,"Fortier",5,"45","28.42_1_45_5"
"870",0.057696390658174,"Residus_Canneberges",1.884,1.7753,"Fortier",5,"45","28.42_1_45_5"
"871",0.0593733681462142,"Residus_Canneberges",1.915,1.8013,"Fortier",5,"45","28.42_1_45_5"
"872",0.0622729631551635,"Residus_Canneberges",1.927,1.807,"Fortier",5,"45","28.42_1_45_5"
"873",0.0440294581799054,"Residus_Canneberges",1.901,1.8173,"Fortier",5,"45","28.42_1_45_5"
"874",0.0569546891464699,"Residus_Canneberges",1.898,1.7899,"Fortier",5,"45","28.42_1_45_5"
"875",0.060063224446786,"Residus_Canneberges",1.898,1.784,"Fortier",5,"45","28.42_1_45_5"
"876",0.0237226277372262,"Residus_Canneberges",1.918,1.8725,"Fortier",5,"45","28.42_1_45_5"
"877",0.0600948866631524,"Residus_Canneberges",1.897,1.783,"Fortier",5,"45","28.42_1_45_5"
"878",0.0646347871781398,"Residus_Canneberges",1.903,1.78,"Fortier",5,"45","28.42_1_45_5"
"879",0.0652423137050547,"Residus_Canneberges",1.919,1.7938,"Fortier",5,"45","28.42_1_45_5"
"880",0.104277516953573,"Residus_Canneberges",1.917,1.7171,"Fortier",5,"45","28.42_1_45_5"
"881",0.0628350515463917,"Residus_Canneberges",1.94,1.8181,"Fortier",5,"45","28.42_2_45_5"
"882",0.0724500525762355,"Residus_Canneberges",1.902,1.7642,"Fortier",5,"45","28.42_2_45_5"
"883",0.0528370640291516,"Residus_Canneberges",1.921,1.8195,"Fortier",5,"45","28.42_2_45_5"
"884",0.121113445378151,"Residus_Canneberges",1.904,1.6734,"Fortier",5,"45","28.42_2_45_5"
"885",0.0853897780072277,"Residus_Canneberges",1.937,1.7716,"Fortier",5,"45","28.42_2_45_5"
"886",0.0727655099894847,"Residus_Canneberges",1.902,1.7636,"Fortier",5,"45","28.42_2_45_5"
"887",0.0670912951167727,"Residus_Canneberges",1.884,1.7576,"Fortier",5,"45","28.42_2_45_5"
"888",0.0525574112734864,"Residus_Canneberges",1.916,1.8153,"Fortier",5,"45","28.42_2_45_5"
"889",0.0925598335067638,"Residus_Canneberges",1.922,1.7441,"Fortier",5,"45","28.42_2_45_5"
"890",0.0699415825809877,"Residus_Canneberges",1.883,1.7513,"Fortier",5,"45","28.42_2_45_5"
"891",0.0608402489626556,"Residus_Canneberges",1.928,1.8107,"Fortier",5,"45","28.42_2_45_5"
"892",0.0751962323390895,"Residus_Canneberges",1.911,1.7673,"Fortier",5,"45","28.42_2_45_5"
"893",0.0646417445482865,"Residus_Canneberges",1.926,1.8015,"Fortier",5,"45","28.42_2_45_5"
"894",0.051745700885878,"Residus_Canneberges",1.919,1.8197,"Fortier",5,"45","28.42_2_45_5"
"895",0.0674139728884254,"Residus_Canneberges",1.918,1.7887,"Fortier",5,"45","28.42_2_45_5"
"896",0.0958156779661016,"Residus_Canneberges",1.888,1.7071,"Fortier",5,"45","28.42_2_45_5"
"897",0.104918890633176,"Residus_Canneberges",1.911,1.7105,"Fortier",5,"45","28.42_2_45_5"
"898",0.0778701298701299,"Residus_Canneberges",1.925,1.7751,"Fortier",5,"45","28.42_2_45_5"
"899",0.0802373581011352,"Residus_Canneberges",1.938,1.7825,"Fortier",5,"45","28.42_2_45_5"
"900",0.0740095087163233,"Residus_Canneberges",1.893,1.7529,"Fortier",5,"45","28.42_2_45_5"
"901",0.0882687338501292,"Residus_Canneberges",1.935,1.7642,"Fortier",6,"45","28.42_1_45_6"
"902",0.0816400206291904,"Residus_Canneberges",1.939,1.7807,"Fortier",6,"45","28.42_1_45_6"
"903",0.104372722540344,"Residus_Canneberges",1.921,1.7205,"Fortier",6,"45","28.42_1_45_6"
"904",0.0997386304234188,"Residus_Canneberges",1.913,1.7222,"Fortier",6,"45","28.42_1_45_6"
"905",0.0680962343096234,"Residus_Canneberges",1.912,1.7818,"Fortier",6,"45","28.42_1_45_6"
"906",0.10832769126608,"Residus_Canneberges",1.9201,1.7121,"Fortier",6,"45","28.42_1_45_6"
"907",0.106859542697154,"Residus_Canneberges",1.9287,1.7226,"Fortier",6,"45","28.42_1_45_6"
"908",0.0891542183883863,"Residus_Canneberges",1.9012,1.7317,"Fortier",6,"45","28.42_1_45_6"
"909",0.151590124220401,"Residus_Canneberges",1.9401,1.646,"Fortier",6,"45","28.42_1_45_6"
"910",0.109070819741134,"Residus_Canneberges",1.9006,1.6933,"Fortier",6,"45","28.42_1_45_6"
"911",0.146417770361873,"Residus_Canneberges",1.9178,1.637,"Fortier",6,"45","28.42_1_45_6"
"912",0.0972867398648649,"Residus_Canneberges",1.8944,1.7101,"Fortier",6,"45","28.42_1_45_6"
"913",0.0911979166666667,"Residus_Canneberges",1.92,1.7449,"Fortier",6,"45","28.42_2_45_6"
"914",0.0978477690288714,"Residus_Canneberges",1.905,1.7186,"Fortier",6,"45","28.42_2_45_6"
"915",0.0899641198818067,"Residus_Canneberges",1.8952,1.7247,"Fortier",6,"45","28.42_2_45_6"
"916",0.115297225891678,"Residus_Canneberges",1.8925,1.6743,"Fortier",6,"45","28.42_2_45_6"
"917",0.109832635983264,"Residus_Canneberges",1.912,1.702,"Fortier",6,"45","28.42_2_45_6"
"918",0.0851980250026263,"Residus_Canneberges",1.9038,1.7416,"Fortier",6,"45","28.42_2_45_6"
"919",0.102965923432899,"Residus_Canneberges",1.9016,1.7058,"Fortier",6,"45","28.42_2_45_6"
"920",0.0938940092165899,"Residus_Canneberges",1.9096,1.7303,"Fortier",6,"45","28.42_2_45_6"
"921",0.101821235500971,"Residus_Canneberges",1.9053,1.7113,"Fortier",6,"45","28.42_2_45_6"
"922",0.0838807215097486,"Residus_Canneberges",1.9182,1.7573,"Fortier",6,"45","28.42_2_45_6"
"923",0.128245393634841,"Residus_Canneberges",1.9104,1.6654,"Fortier",7,"45","28.42_1_45_7"
"924",0.0630672926447574,"Residus_Canneberges",1.917,1.7961,"Fortier",7,"45","28.42_1_45_7"
"925",0.098783712321523,"Residus_Canneberges",1.891,1.7042,"Fortier",7,"45","28.42_1_45_7"
"926",0.0940935149634461,"Residus_Canneberges",1.9013,1.7224,"Fortier",7,"45","28.42_1_45_7"
"927",0.0897016970591335,"Residus_Canneberges",1.8974,1.7272,"Fortier",7,"45","28.42_1_45_7"
"928",0.103522157190635,"Residus_Canneberges",1.9136,1.7155,"Fortier",7,"45","28.42_1_45_7"
"929",0.0623544631306598,"Residus_Canneberges",1.9325,1.812,"Fortier",7,"45","28.42_1_45_7"
"930",0.0836244310363078,"Residus_Canneberges",1.8894,1.7314,"Fortier",7,"45","28.42_1_45_7"
"931",0.088233751245869,"Residus_Canneberges",1.9063,1.7381,"Fortier",7,"45","28.42_1_45_7"
"932",0.0818871453808585,"Residus_Canneberges",1.9246,1.767,"Fortier",7,"45","28.42_1_45_7"
"933",0.0877595742460608,"Residus_Canneberges",1.9166,1.7484,"Fortier",7,"45","28.42_1_45_7"
"934",0.0920583298363407,"Residus_Canneberges",1.9064,1.7309,"Fortier",7,"45","28.42_1_45_7"
"935",0.115675562092877,"Residus_Canneberges",1.9036,1.6834,"Fortier",7,"45","28.42_1_45_7"
"936",0.0986451276706618,"Residus_Canneberges",1.919,1.7297,"Fortier",7,"45","28.42_1_45_7"
"937",0.100791749140535,"Residus_Canneberges",1.9198,1.7263,"Fortier",7,"45","28.42_1_45_7"
"938",0.101890978237904,"Residus_Canneberges",1.8932,1.7003,"Fortier",7,"45","28.42_1_45_7"
"939",0.337304890738814,"Residus_Canneberges",1.922,1.2737,"Fortier",7,"45","28.42_2_45_7"
"940",0.121304416320958,"Residus_Canneberges",1.9043,1.6733,"Fortier",7,"45","28.42_2_45_7"
"941",0.120803263256981,"Residus_Canneberges",1.9122,1.6812,"Fortier",7,"45","28.42_2_45_7"
"942",0.116336764317762,"Residus_Canneberges",1.8945,1.6741,"Fortier",7,"45","28.42_2_45_7"
"943",0.1207563158731,"Residus_Canneberges",1.8881,1.6601,"Fortier",7,"45","28.42_2_45_7"
"944",0.126025974025974,"Residus_Canneberges",1.925,1.6824,"Fortier",7,"45","28.42_2_45_7"
"945",0.131719153874558,"Residus_Canneberges",1.8957,1.646,"Fortier",7,"45","28.42_2_45_7"
"946",0.198571128388317,"Residus_Canneberges",1.9036,1.5256,"Fortier",7,"45","28.42_2_45_7"
"947",-0.303020833333333,"Residus_Canneberges",1.92,2.5018,"Fortier",7,"45","28.42_2_45_7"
"948",0.120140430584955,"Residus_Canneberges",1.9369,1.7042,"Fortier",7,"45","28.42_2_45_7"
"949",0.116958447584898,"Residus_Canneberges",1.8964,1.6746,"Fortier",7,"45","28.42_2_45_7"
"950",0.12405818334031,"Residus_Canneberges",1.9112,1.6741,"Fortier",7,"45","28.42_2_45_7"
"951",0.116153886748641,"Residus_Canneberges",1.8949,1.6748,"Fortier",7,"45","28.42_2_45_7"
"952",0.125395987328405,"Residus_Canneberges",1.894,1.6565,"Fortier",7,"45","28.42_2_45_7"
"953",0.10792766270634,"Residus_Canneberges",1.9022,1.6969,"Fortier",7,"45","28.42_2_45_7"
