No;TypeThe;SorteThe;PoidsContenu_g;PoidsTotal _g;PoidsSac_g;Poids_Restant_g;Producteur;Champs;Regie;TypeAzote;DoseN;Repetition;Pourcentage_C;Pourcentage_N;Pourcentage_S
1;G;GrenTea;1,793;2,019;0,226;0,783;Belanger;A9;Biologique;N;0;1;50,144;5,2809;0,29
2;G;GrenTea;1,786;2,011;0,225;0,797;Belanger;A9;Biologique;N;0;1;50,933;4,4082;0,251
3;G;GrenTea;1,782;2,008;0,228;;Belanger;A9;Biologique;N;0;1;;;
4;G;GrenTea;1,76;1,987;0,227;0,778;Belanger;A9;Biologique;N;0;2;50,292;5,4397;0,296
5;G;GrenTea;1,788;2,013;0,226;0,779;Belanger;A9;Biologique;N;0;2;47,718;4,8735;0,277
6;G;GrenTea;1,779;2,004;0,227;;Belanger;A9;Biologique;N;0;2;;;
7;G;GrenTea;1,799;2,025;0,227;0,793;Belanger;A9;Biologique;N;15;1;49,86;5,2671;0,277
8;G;GrenTea;1,761;1,985;0,228;0,783;Belanger;A9;Biologique;N;15;1;50,174;5,2419;0,289
9;G;GrenTea;1,782;2,008;0,226;0,717;Belanger;A9;Biologique;N;15;1;49,667;5,0409;0,288
10;G;GrenTea;1,758;1,985;0,226;0,812;Belanger;A9;Biologique;N;15;2;49,526;5,3365;0,277
11;G;GrenTea;1,793;2,018;0,227;0,77;Belanger;A9;Biologique;N;15;2;49,098;4,84;0,268
12;G;GrenTea;1,797;2,023;0,227;0,714;Belanger;A9;Biologique;N;15;2;50,008;4,6352;0,281
13;G;GrenTea;1,799;2,024;0,226;;Belanger;A9;Biologique;N;30;1;;;
14;G;GrenTea;1,798;2,027;0,229;0,768;Belanger;A9;Biologique;N;30;1;49,661;5,2464;0,286
15;G;GrenTea;1,795;2,023;0,228;;Belanger;A9;Biologique;N;30;1;;;
16;G;GrenTea;1,769;1,996;0,228;0,743;Belanger;A9;Biologique;N;30;2;50,512;5,2547;0,292
17;G;GrenTea;1,766;1,994;0,227;0,804;Belanger;A9;Biologique;N;30;2;49,708;5,0434;0,275
18;G;GrenTea;1,792;2,019;0,227;0,833;Belanger;A9;Biologique;N;30;2;49,638;5,0262;0,279
19;G;GrenTea;1,766;1,992;0,226;0,7;Belanger;A9;Biologique;N;45;1;48,953;4,9144;0,285
20;G;GrenTea;1,781;2,007;0,226;0,809;Belanger;A9;Biologique;N;45;1;50,151;4,3896;0,258
21;G;GrenTea;1,765;1,994;0,228;0,723;Belanger;A9;Biologique;N;45;1;50,076;3,7431;0,23
22;G;GrenTea;1,774;2,002;0,229;;Belanger;A9;Biologique;N;45;2;;;
23;G;GrenTea;1,779;2,007;0,228;0,751;Belanger;A9;Biologique;N;45;2;49,958;5,1213;0,285
24;G;GrenTea;1,771;1,998;0,226;1,291;Belanger;A9;Biologique;N;45;2;;;
25;G;GrenTea;1,797;2,023;0,226;0,859;Belanger;A9;Biologique;N;60;1;49,798;3,9277;0,238
26;G;GrenTea;1,793;2,02;0,227;0,789;Belanger;A9;Biologique;N;60;1;;;
27;G;GrenTea;1,771;2;0,229;;Belanger;A9;Biologique;N;60;1;;;
28;G;GrenTea;1,792;2,019;0,227;0,828;Belanger;A9;Biologique;N;60;2;50,266;3,9173;0,257
29;G;GrenTea;1,766;1,994;0,228;0,774;Belanger;A9;Biologique;N;60;2;49,6;5,325;0,284
30;G;GrenTea;1,787;2,015;0,227;0,826;Belanger;A9;Biologique;N;60;2;50,567;4,8376;0,266
31;G;GrenTea;1,778;2,002;0,226;0,744;Belanger;A9;Biologique;N-6-1-1;60;2;50,361;4,9564;0,272
32;G;GrenTea;1,751;1,979;0,228;;Belanger;A9;Biologique;N-6-1-1;60;2;;;
33;G;GrenTea;1,789;2,016;0,227;0,803;Belanger;A9;Biologique;N-6-1-1;45;2;49,746;5,2747;0,288
34;G;GrenTea;1,76;1,988;0,228;1,316;Belanger;A9;Biologique;N-6-1-1;45;2;50,147;5,3952;0,282
35;G;GrenTea;1,786;2,015;0,228;0,799;Belanger;A9;Biologique;N-6-1-1;30;2;47,897;4,8253;0,258
36;G;GrenTea;1,792;2,019;0,227;0,813;Belanger;A9;Biologique;N-6-1-1;30;2;48,915;4,7691;0,272
1;S;Rooibos;1,905;2,134;0,229;1,534;Belanger;A9;Biologique;N;0;1;44,624;0,60046;0,0299
2;S;Rooibos;1,892;2,118;0,226;1,497;Belanger;A9;Biologique;N;0;1;46,169;0,949;0,0424
3;S;Rooibos;1,895;2,122;0,228;1,342;Belanger;A9;Biologique;N;0;1;49,264;0,72601;0,0337
4;S;Rooibos;1,907;2,138;0,231;1,308;Belanger;A9;Biologique;N;0;2;50,991;0,94623;0,0415
5;S;Rooibos;1,91;2,137;0,227;1,532;Belanger;A9;Biologique;N;0;2;49,04;0,88699;0,0355
6;S;Rooibos;1,908;2,136;0,229;1,495;Belanger;A9;Biologique;N;0;2;49,675;0,74179;0,0192
7;S;Rooibos;1,912;2,14;0,229;1,501;Belanger;A9;Biologique;N;15;1;45,787;0,57047;0,0206
8;S;Rooibos;1,908;2,134;0,226;1,394;Belanger;A9;Biologique;N;15;1;44,64;0,70596;0,0313
9;S;Rooibos;1,913;2,141;0,228;1,464;Belanger;A9;Biologique;N;15;1;50,335;0,79185;0,0283
10;S;Rooibos;1,918;2,145;0,227;1,486;Belanger;A9;Biologique;N;15;2;48,573;0,71159;0,0213
11;S;Rooibos;1,901;2,13;0,228;1,351;Belanger;A9;Biologique;N;15;2;45,679;0,78026;0,0407
12;S;Rooibos;1,899;2,129;0,23;1,362;Belanger;A9;Biologique;N;15;2;46,548;0,79404;0,0271
13;S;Rooibos;1,896;2,126;0,23;1,507;Belanger;A9;Biologique;N;30;1;45,6;0,69923;0,0254
14;S;Rooibos;1,91;2,137;0,227;1,459;Belanger;A9;Biologique;N;30;1;46,94;0,84806;0,0356
15;S;Rooibos;1,918;2,146;0,228;1,465;Belanger;A9;Biologique;N;30;1;46,415;0,83329;0,042
16;S;Rooibos;1,901;2,13;0,23;1,39;Belanger;A9;Biologique;N;30;2;46,451;0,82498;0,0311
17;S;Rooibos;1,899;2,127;0,228;1,444;Belanger;A9;Biologique;N;30;2;45,502;0,7767;0,0318
18;S;Rooibos;1,904;2,132;0,227;1,398;Belanger;A9;Biologique;N;30;2;43,972;0,63764;0,0254
19;S;Rooibos;1,91;2,138;0,228;1,318;Belanger;A9;Biologique;N;45;1;50,197;1,0435;0,0386
20;S;Rooibos;1,897;2,128;0,231;;Belanger;A9;Biologique;N;45;1;;;
21;S;Rooibos;1,917;2,143;0,226;1,442;Belanger;A9;Biologique;N;45;1;46,684;0,68682;0,0198
22;S;Rooibos;1,918;2,145;0,228;1,394;Belanger;A9;Biologique;N;45;2;48,972;0,58367;0,015
23;S;Rooibos;1,893;2,122;0,229;1,473;Belanger;A9;Biologique;N;45;2;49,874;0,72113;0,0214
24;S;Rooibos;1,914;2,141;0,227;;Belanger;A9;Biologique;N;45;2;;;
25;S;Rooibos;1,895;2,122;0,226;1,394;Belanger;A9;Biologique;N;60;1;45,871;0,67665;0,0344
26;S;Rooibos;1,919;2,143;0,226;1,464;Belanger;A9;Biologique;N;60;1;47,175;0,65084;0,0179
27;S;Rooibos;1,896;2,123;0,226;1,448;Belanger;A9;Biologique;N;60;1;49,636;0,98351;0,0378
28;S;Rooibos;1,918;2,145;0,227;1,463;Belanger;A9;Biologique;N;60;2;47,1;0,83206;0,0364
29;S;Rooibos;1,914;2,141;0,227;1,41;Belanger;A9;Biologique;N;60;2;47,463;0,6474;0,0184
30;S;Rooibos;1,916;2,142;0,227;;Belanger;A9;Biologique;N;60;2;44,325;0,62286;0,0186
31;S;Rooibos;1,918;2,145;0,226;1,453;Belanger;A9;Biologique;N;60;2;44,485;0,61915;0,0206
32;S;Rooibos;1,891;2,118;0,227;1,286;Belanger;A9;Biologique;N;60;2;42,687;0,89221;0,0463
33;S;Rooibos;1,9;2,125;0,226;1,322;Belanger;A9;Biologique;N;45;2;45,836;0,82029;0,0359
34;S;Rooibos;1,904;2,132;0,227;1,439;Belanger;A9;Biologique;N;45;2;47,973;0,7155;0,0226
35;S;Rooibos;1,894;2,122;0,228;1,502;Belanger;A9;Biologique;N;30;2;48,809;0,93119;0,0366
36;S;Rooibos;1,92;2,146;0,226;1,489;Belanger;A9;Biologique;N;30;2;43,227;0,64575;0,0269
88;S;Rooibos;1,897;2,123;0,227;1,46;Belanger;10;Conventionel;Nproducteur;57,28;1;49,532;0,8107;0,0518
124;G;GrenTea;1,787;2,015;0,228;0,905;Belanger;10;Conventionel;Nproducteur;57,28;1;49,626;4,3701;0,248
125;G;GrenTea;1,779;2,008;0,228;0,883;Belanger;10;Conventionel;Nproducteur;57,28;1;50,432;4,611;0,242
126;G;GrenTea;1,798;2,025;0,228;0,726;Belanger;10;Conventionel;Nproducteur;57,28;1;48,95;4,2663;0,245
127;G;GrenTea;1,788;2,015;0,226;0,818;Belanger;10;Conventionel;Nproducteur;57,28;2;49,176;4,2812;0,256
128;G;GrenTea;1,795;2,023;0,229;0,776;Belanger;10;Conventionel;Nproducteur;57,28;2;50,017;4,2879;0,243
129;G;GrenTea;1,76;1,986;0,226;0,891;Belanger;10;Conventionel;Nproducteur;57,28;2;45,633;4,3888;0,25
130;G;GrenTea;1,765;1,992;0,227;0,878;Belanger;10;Conventionel;Nproducteur;57,28;1;51,367;4,5529;0,26
131;G;GrenTea;1,796;2,022;0,227;0,92;Belanger;10;Conventionel;Nproducteur;57,28;1;50,289;4,5806;0,256
132;G;GrenTea;1,767;1,995;0,228;0,823;Belanger;10;Conventionel;Nproducteur;57,28;1;51,441;4,7014;0,271
133;G;GrenTea;1,767;1,997;0,229;;Belanger;10;Conventionel;Nproducteur;57,28;2;;;
134;G;GrenTea;1,784;2,012;0,228;;Belanger;10;Conventionel;Nproducteur;57,28;2;;;
135;G;GrenTea;1,786;2,014;0,227;0,886;Belanger;10;Conventionel;Nproducteur;57,28;2;50,59;4,4912;0,256
136;G;GrenTea;1,777;2,003;0,225;;Belanger;A9;Biologique;Nproducteur;68,71;1;;;
137;G;GrenTea;1,767;1,994;0,227;0,806;Belanger;A9;Biologique;Nproducteur;68,71;1;49,746;5,2747;0,288
138;G;GrenTea;1,797;2,024;0,228;0,763;Belanger;A9;Biologique;Nproducteur;68,71;1;50,147;5,3952;0,282
139;G;GrenTea;1,777;2,004;0,227;0,779;Belanger;A9;Biologique;Nproducteur;68,71;2;47,897;4,8253;0,258
140;G;GrenTea;1,775;2,003;0,228;;Belanger;A9;Biologique;Nproducteur;68,71;2;48,915;4,7691;0,272
141;G;GrenTea;1,761;1,989;0,228;;Belanger;A9;Biologique;Nproducteur;68,71;2;;;
142;G;GrenTea;1,751;1,979;0,228;;Belanger;A9;Biologique;Nproducteur;68,71;1;;;
143;G;GrenTea;1,796;2,024;0,228;;Belanger;A9;Biologique;Nproducteur;68,71;1;;;
144;G;GrenTea;1,789;2,014;0,227;0,793;Belanger;A9;Biologique;Nproducteur;68,71;1;49,138;4,9214;0,287
145;G;GrenTea;1,775;2,002;0,227;0,792;Belanger;A9;Biologique;Nproducteur;68,71;2;49,652;5,4628;0,294
146;G;GrenTea;1,756;1,984;0,228;;Belanger;A9;Biologique;Nproducteur;68,71;2;;;
147;G;GrenTea;1,795;2,022;0,228;0,61;Belanger;A9;Biologique;Nproducteur;68,71;2;37,286;4,3752;0,295
148;G;GrenTea;1,793;2,02;0,227;0,72;Belanger;A9;Biologique;Nproducteur;68,71;1;48,659;5,1102;0,296
149;G;GrenTea;1,789;2,014;0,227;0,744;Belanger;A9;Biologique;Nproducteur;68,71;1;50,725;5,1489;0,307
150;G;GrenTea;1,76;1,988;0,228;0,824;Belanger;A9;Biologique;Nproducteur;68,71;1;50,063;5,4795;0,301
151;G;GrenTea;1,767;1,993;0,226;0,753;Belanger;A9;Biologique;Nproducteur;68,71;2;49,918;5,2718;0,292
152;G;GrenTea;1,788;2,016;0,228;;Belanger;A9;Biologique;Nproducteur;68,71;2;;;
153;G;GrenTea;1,785;2,009;0,224;0,808;Belanger;A9;Biologique;Nproducteur;68,71;2;50,057;5,2326;0,29
154;G;GrenTea;1,785;2,013;0,227;0,735;Belanger;10;Conventionel;N;0;1;49,195;4,4527;0,285
155;G;GrenTea;1,794;2,022;0,227;0,741;Belanger;10;Conventionel;N;0;1;49,597;4,5696;0,268
156;G;GrenTea;1,777;2,004;0,226;0,74;Belanger;10;Conventionel;N;0;1;51,106;4,9976;0,284
157;G;GrenTea;1,756;1,984;0,227;0,729;Belanger;10;Conventionel;N;0;2;51,235;5,2712;0,293
158;G;GrenTea;1,76;1,983;0,224;0,805;Belanger;10;Conventionel;N;0;2;50,208;4,5702;0,257
159;G;GrenTea;1,799;2,024;0,225;0,743;Belanger;10;Conventionel;N;0;2;51,081;4,7911;0,289
160;G;GrenTea;1,756;1,983;0,228;;Belanger;10;Conventionel;N;15;1;;;
161;G;GrenTea;1,76;1,988;0,228;0,674;Belanger;10;Conventionel;N;15;1;50,972;5,1357;0,288
162;G;GrenTea;1,771;1,998;0,226;0,739;Belanger;10;Conventionel;N;15;1;51,06;4,6679;0,314
163;G;GrenTea;1,781;2,011;0,23;0,775;Belanger;10;Conventionel;N;15;2;50,399;4,6103;0,269
164;G;GrenTea;1,793;2,021;0,227;0,764;Belanger;10;Conventionel;N;15;2;48,346;4,2203;0,278
165;G;GrenTea;1,784;2,01;0,226;0,836;Belanger;10;Conventionel;N;15;2;50,908;4,828;0,256
166;G;GrenTea;1,786;2,013;0,227;0,658;Belanger;10;Conventionel;N;30;1;51,581;4,4809;0,259
167;G;GrenTea;1,776;2,003;0,227;0,751;Belanger;10;Conventionel;N;30;1;50,195;3,946;0,243
168;G;GrenTea;1,788;2,013;0,227;0,732;Belanger;10;Conventionel;N;30;1;51,353;4,4647;0,26
169;G;GrenTea;1,781;2,008;0,227;;Belanger;10;Conventionel;N;30;1;;;
170;G;GrenTea;1,78;2,007;0,227;0,616;Belanger;10;Conventionel;N;30;2;51,042;4,739;0,277
171;G;GrenTea;1,761;1,99;0,229;0,778;Belanger;10;Conventionel;N;30;2;49,976;4,9552;0,276
172;G;GrenTea;1,76;1,983;0,226;0,645;Belanger;10;Conventionel;N;30;2;47,521;4,1047;0,243
173;G;GrenTea;1,77;1,998;0,228;0,801;Belanger;10;Conventionel;N;45;1;49,761;4,9617;0,268
174;G;GrenTea;1,769;1,995;0,227;0,765;Belanger;10;Conventionel;N;45;1;49,665;4,652;0,27
175;G;GrenTea;1,765;1,993;0,228;0,723;Belanger;10;Conventionel;N;45;1;51,41;4,7341;0,265
176;G;GrenTea;1,778;2,004;0,226;0,709;Belanger;10;Conventionel;N;45;2;50,389;4,8017;0,272
177;G;GrenTea;1,781;2,008;0,228;0,803;Belanger;10;Conventionel;N;45;2;51,256;4,9288;0,28
178;G;GrenTea;1,793;2,022;0,228;0,714;Belanger;10;Conventionel;N;45;2;50,469;4,6108;0,261
179;G;GrenTea;1,786;2,012;0,226;0,744;Belanger;10;Conventionel;N;60;1;49,823;4,501;0,263
180;G;GrenTea;1,799;2,023;0,224;0,851;Belanger;10;Conventionel;N;60;1;49,642;4,3622;0,245
181;G;GrenTea;1,766;1,995;0,229;0,702;Belanger;10;Conventionel;N;60;1;49,494;4,2817;0,257
182;G;GrenTea;1,754;1,981;0,228;0,769;Belanger;10;Conventionel;N;60;2;50,26;4,6585;0,251
183;G;GrenTea;1,77;1,997;0,227;0,74;Belanger;10;Conventionel;N;60;2;49,869;4,6119;0,258
184;G;GrenTea;1,796;2,019;0,227;;Belanger;10;Conventionel;N;60;2;;;
185;G;GrenTea;1,787;2,012;0,227;0,714;Belanger;10;Conventionel;N-SCU;45;2;49,986;4,2273;0,262
186;G;GrenTea;1,777;2,002;0,225;0,692;Belanger;10;Conventionel;N-SCU;45;2;51,621;4,7403;0,261
187;G;GrenTea;1,791;2,018;0,227;0,732;Belanger;10;Conventionel;N-SCU;60;2;50,99;5,2118;0,286
188;G;GrenTea;1,773;2,001;0,229;0,784;Belanger;10;Conventionel;N-SCU;60;2;48,909;4,4888;0,262
189;G;GrenTea;1,792;2,022;0,229;0,734;Belanger;10;Conventionel;N-SCU;30;2;51,244;4,4671;0,26
190;G;GrenTea;1,783;2,011;0,227;0,825;Belanger;10;Conventionel;N-SCU;30;2;48,862;4,2277;0,279
89;S;Rooibos;1,905;2,131;0,227;1,43;Belanger;10;Conventionel;Nproducteur;57,28;1;42,367;0,7521;0,0398
90;S;Rooibos;1,919;2,144;0,226;1,381;Belanger;10;Conventionel;Nproducteur;57,28;1;50,309;1,2782;0,0594
91;S;Rooibos;1,917;2,145;0,226;1,544;Belanger;10;Conventionel;Nproducteur;57,28;2;46,604;0,89545;0,0504
92;S;Rooibos;1,897;2,123;0,227;;Belanger;10;Conventionel;Nproducteur;57,28;2;;;
93;S;Rooibos;1,89;2,115;0,226;1,494;Belanger;10;Conventionel;Nproducteur;57,28;2;47,18;0,80258;0,0308
94;S;Rooibos;1,913;2,142;0,229;1,426;Belanger;10;Conventionel;Nproducteur;57,28;1;49,382;1,1927;0,0723
95;S;Rooibos;1,893;2,12;0,226;1,434;Belanger;10;Conventionel;Nproducteur;57,28;1;48,621;0,90742;0,046
96;S;Rooibos;1,902;2,129;0,227;1,513;Belanger;10;Conventionel;Nproducteur;57,28;1;49,025;0,8691;0,0385
97;S;Rooibos;1,898;2,124;0,227;1,472;Belanger;10;Conventionel;Nproducteur;57,28;2;46,428;0,87275;0,0429
98;S;Rooibos;1,891;2,116;0,225;1,63;Belanger;10;Conventionel;Nproducteur;57,28;2;48,177;0,87875;0,0284
99;S;Rooibos;1,899;2,129;0,229;1,456;Belanger;10;Conventionel;Nproducteur;57,28;2;46,989;0,96973;0,0595
100;S;Rooibos;1,916;2,144;0,228;1,412;Belanger;A9;Biologique;Nproducteur;68,71;1;45,292;0,81162;0,0343
101;S;Rooibos;1,909;2,137;0,229;1,411;Belanger;A9;Biologique;Nproducteur;68,71;1;46,394;0,5821;0,0198
102;S;Rooibos;1,907;2,135;0,229;1,567;Belanger;A9;Biologique;Nproducteur;68,71;1;44,415;0,67789;0,021
103;S;Rooibos;1,903;2,13;0,227;1,584;Belanger;A9;Biologique;Nproducteur;68,71;2;47,71;0,79873;0,029
104;S;Rooibos;1,909;2,136;0,228;1,68;Belanger;A9;Biologique;Nproducteur;68,71;2;44,113;0,65887;0,0225
105;S;Rooibos;1,911;2,139;0,228;1,397;Belanger;A9;Biologique;Nproducteur;68,71;2;49,435;0,99934;0,0536
106;S;Rooibos;1,899;2,126;0,227;1,321;Belanger;A9;Biologique;Nproducteur;68,71;1;;;
107;S;Rooibos;1,901;2,127;0,227;1,467;Belanger;A9;Biologique;Nproducteur;68,71;1;47,967;0,86933;0,0304
108;S;Rooibos;1,905;2,128;0,225;1,547;Belanger;A9;Biologique;Nproducteur;68,71;1;45,146;0,64983;0,0221
109;S;Rooibos;1,912;2,14;0,228;1,577;Belanger;A9;Biologique;Nproducteur;68,71;2;47,055;0,71928;0,0262
110;S;Rooibos;1,899;2,126;0,227;1,557;Belanger;A9;Biologique;Nproducteur;68,71;2;41,404;0,6762;0,0322
111;S;Rooibos;1,916;2,142;0,226;1,479;Belanger;A9;Biologique;Nproducteur;68,71;2;46,669;0,93146;0,0474
112;S;Rooibos;1,904;2,13;0,228;1,492;Belanger;A9;Biologique;Nproducteur;68,71;1;44,614;0,92529;0,0341
113;S;Rooibos;1,898;2,126;0,229;1,39;Belanger;A9;Biologique;Nproducteur;68,71;1;49,421;1,2412;0,0509
114;S;Rooibos;1,907;2,134;0,228;1,495;Belanger;A9;Biologique;Nproducteur;68,71;1;47,379;0,79721;0,0284
115;S;Rooibos;1,909;2,136;0,226;;Belanger;A9;Biologique;Nproducteur;68,71;2;;;
116;S;Rooibos;1,911;2,14;0,227;1,61;Belanger;A9;Biologique;Nproducteur;68,71;2;46,611;0,74318;0,0213
117;S;Rooibos;1,898;2,123;0,226;;Belanger;A9;Biologique;Nproducteur;68,71;2;;;
118;S;Rooibos;1,905;2,135;0,23;1,509;Belanger;10;Conventionel;N;0;1;47,458;0,85638;0,026
119;S;Rooibos;1,904;2,129;0,225;1,364;Belanger;10;Conventionel;N;0;1;47,836;1,3244;0,0712
120;S;Rooibos;1,897;2,123;0,225;;Belanger;10;Conventionel;N;0;1;;;
121;S;Rooibos;1,892;2,12;0,228;1,402;Belanger;10;Conventionel;N;0;2;45,378;0,77073;0,0344
122;S;Rooibos;1,909;2,135;0,226;1,474;Belanger;10;Conventionel;N;0;2;46,663;0,84813;0,024
123;S;Rooibos;1,896;2,123;0,227;1,439;Belanger;10;Conventionel;N;0;2;49,898;0,9809;0,0464
124;S;Rooibos;1,898;2,124;0,226;1,366;Belanger;10;Conventionel;N;15;1;46,603;1,0737;0,053
125;S;Rooibos;1,91;2,136;0,227;;Belanger;10;Conventionel;N;15;1;47,75;1,0111;0,0521
126;S;Rooibos;1,905;2,13;0,226;1,525;Belanger;10;Conventionel;N;15;1;49,251;0,9424;0,0321
127;S;Rooibos;1,891;2,117;0,227;1,584;Belanger;10;Conventionel;N;15;2;48,413;0,92218;0,028
128;S;Rooibos;1,899;2,127;0,229;1,405;Belanger;10;Conventionel;N;15;2;49,605;1,1183;0,0352
129;S;Rooibos;1,89;2,117;0,228;1,496;Belanger;10;Conventionel;N;15;2;50,334;0,91735;0,0348
130;S;Rooibos;1,908;2,134;0,225;1,574;Belanger;10;Conventionel;N;30;1;49,238;0,85701;0,024
131;S;Rooibos;1,916;2,142;0,226;1,565;Belanger;10;Conventionel;N;30;1;47,384;1,009;0,0392
132;S;Rooibos;1,891;2,116;0,226;1,573;Belanger;10;Conventionel;N;30;1;50,184;0,85323;0,0354
133;S;Rooibos;1,906;2,132;0,225;1,446;Belanger;10;Conventionel;N;30;2;48,252;0,99285;0,0532
134;S;Rooibos;1,909;2,136;0,228;1,566;Belanger;10;Conventionel;N;30;2;49,42;1,1357;0,0442
135;S;Rooibos;1,906;2,132;0,227;1,54;Belanger;10;Conventionel;N;30;2;46,033;0,9933;0,0372
136;S;Rooibos;1,913;2,139;0,226;1,571;Belanger;10;Conventionel;N;45;1;46,488;0,9111;0,0319
137;S;Rooibos;1,92;2,148;0,228;1,534;Belanger;10;Conventionel;N;45;1;50,148;1,0239;0,0309
138;S;Rooibos;1,917;2,142;0,226;1,601;Belanger;10;Conventionel;N;45;1;45,778;0,86956;0,029
139;S;Rooibos;1,893;2,119;0,226;1,406;Belanger;10;Conventionel;N;45;2;48,147;1,0639;0,0567
140;S;Rooibos;1,893;2,117;0,225;1,349;Belanger;10;Conventionel;N;45;2;50,116;1,189;0,0509
141;S;Rooibos;1,901;2,127;0,226;1,5;Belanger;10;Conventionel;N;45;2;46,755;0,94695;0,0339
142;S;Rooibos;1,92;2,146;0,226;1,596;Belanger;10;Conventionel;N;60;1;46,96;0,93495;0,0358
143;S;Rooibos;1,906;2,132;0,226;1,473;Belanger;10;Conventionel;N;60;1;47,501;0,9949;0,0502
144;S;Rooibos;1,912;2,138;0,225;1,516;Belanger;10;Conventionel;N;60;1;49,119;1,0393;0,0401
145;S;Rooibos;1,915;2,14;0,226;1,49;Belanger;10;Conventionel;N;60;2;45,212;0,75637;0,0304
146;S;Rooibos;1,916;2,142;0,226;1,645;Belanger;10;Conventionel;N;60;2;46,862;0,87316;0,0246
147;S;Rooibos;1,89;2,116;0,226;1,524;Belanger;10;Conventionel;N;60;2;46,998;1,0677;0,0375
148;S;Rooibos;1,899;2,127;0,227;1,391;Belanger;10;Conventionel;N;45;2;47,002;1,0066;0,0566
149;S;Rooibos;1,912;2,139;0,227;1,446;Belanger;10;Conventionel;N;45;2;46,87;0,89954;0,0337
150;S;Rooibos;1,908;2,138;0,231;1,534;Belanger;10;Conventionel;N;60;2;47,358;0,97108;0,0429
151;S;Rooibos;1,919;2,145;0,226;1,615;Belanger;10;Conventionel;N;60;2;48,368;0,97371;0,034
152;S;Rooibos;1,903;2,129;0,226;1,598;Belanger;10;Conventionel;N;30;2;46,394;0,91746;0,0356
153;S;Rooibos;1,919;2,144;0,226;1,518;Belanger;10;Conventionel;N;30;2;46,134;0,99378;0,0341
625;G;GrenTea;1,781;2,141;0,36;0,633;Fortier;9;Conventionel;N;0;1;50,954;3,6076;0,221
626;G;GrenTea;1,772;2,135;0,364;0,608;Fortier;9;Conventionel;N;0;1;52,174;3,7355;0,238
627;G;GrenTea;1,78;2,144;0,363;0,623;Fortier;9;Conventionel;N;0;1;51,297;3,6973;0,236
628;G;GrenTea;1,787;2,15;0,363;0,687;Fortier;9;Conventionel;N;0;2;51,006;4,9237;0,273
629;G;GrenTea;1,769;2,137;0,368;0,703;Fortier;9;Conventionel;N;0;2;52,188;5,9643;0,313
630;G;GrenTea;1,791;2,151;0,36;0,637;Fortier;9;Conventionel;N;0;2;51,208;4,8411;0,291
631;G;GrenTea;1,767;2,128;0,361;0,593;Fortier;9;Conventionel;N;15;1;50,875;3,8465;0,251
632;G;GrenTea;1,783;2,145;0,362;0,62;Fortier;9;Conventionel;N;15;1;49,996;4,1287;0,264
633;G;GrenTea;1,765;2,126;0,361;;Fortier;9;Conventionel;N;15;1;;;
634;G;GrenTea;1,77;2,132;0,363;;Fortier;9;Conventionel;N;15;2;;;
635;G;GrenTea;1,784;2,148;0,364;0,645;Fortier;9;Conventionel;N;15;2;49,588;3,8118;0,245
636;G;GrenTea;1,756;2,118;0,363;0,587;Fortier;9;Conventionel;N;15;2;49,44;4,3575;0,28
637;G;GrenTea;1,785;2,152;0,365;0,702;Fortier;9;Conventionel;N;30;1;42,055;4,0556;0,232
638;G;GrenTea;1,778;2,144;0,366;0,582;Fortier;9;Conventionel;N;30;1;50,02;4,3624;0,272
639;G;GrenTea;1,8;2,161;0,361;0,669;Fortier;9;Conventionel;N;30;1;49,777;4,8316;0,272
640;G;GrenTea;1,796;2,154;0,357;0,784;Fortier;9;Conventionel;N;30;2;50,58;5,1024;0,285
641;G;GrenTea;1,754;2,117;0,363;0,629;Fortier;9;Conventionel;N;30;2;49,088;4,4936;0,272
642;G;GrenTea;1,751;2,111;0,36;0,592;Fortier;9;Conventionel;N;30;2;50,609;4,0937;0,259
643;G;GrenTea;1,789;2,148;0,359;0,682;Fortier;9;Conventionel;N;45;1;46,35;3,4626;0,222
644;G;GrenTea;1,759;2,121;0,361;0,572;Fortier;9;Conventionel;N;45;1;48,103;3,8768;0,243
645;G;GrenTea;1,759;2,131;0,371;0,579;Fortier;9;Conventionel;N;45;1;51,263;3,97;0,263
646;G;GrenTea;1,768;2,127;0,36;0,694;Fortier;9;Conventionel;N;45;2;49,448;4,7202;0,272
647;G;GrenTea;1,783;2,148;0,365;0,564;Fortier;9;Conventionel;N;45;2;50,994;4,0679;0,252
648;G;GrenTea;1,79;2,155;0,365;0,851;Fortier;9;Conventionel;N;45;2;48,724;4,8823;0,262
649;G;GrenTea;1,776;2,136;0,361;0,678;Fortier;9;Conventionel;N;60;1;47,983;3,2594;0,231
650;G;GrenTea;1,753;2,115;0,361;;Fortier;9;Conventionel;N;60;1;;;
651;G;GrenTea;1,77;2,132;0,362;;Fortier;9;Conventionel;N;60;1;;;
652;G;GrenTea;1,799;2,162;0,363;0,677;Fortier;9;Conventionel;N;60;2;44,782;3,2432;0,21
653;G;GrenTea;1,79;2,149;0,36;0,709;Fortier;9;Conventionel;N;60;2;48,637;3,799;0,219
654;G;GrenTea;1,791;2,146;0,355;0,467;Fortier;9;Conventionel;N;60;2;44,632;3,5701;0,257
829;G;GrenTea;1,758;2,117;0,36;0,784;Fortier;45;Conventionel;N;0;1;49,476;4,4698;0,27
830;G;GrenTea;1,751;2,113;0,362;0,587;Fortier;45;Conventionel;N;0;1;53,023;3,9144;0,253
831;G;GrenTea;1,778;2,13;0,351;0,727;Fortier;45;Conventionel;N;0;1;48,812;5,2095;0,339
832;G;GrenTea;1,784;2,143;0,359;0,744;Fortier;45;Conventionel;N;0;2;51,763;4,8061;0,281
833;G;GrenTea;1,784;2,145;0,361;0,737;Fortier;45;Conventionel;N;0;2;50,478;4,0142;0,272
834;G;GrenTea;1,782;2,136;0,355;0,804;Fortier;45;Conventionel;N;0;2;51,163;5,2482;0,307
835;G;GrenTea;1,757;2,112;0,356;0,848;Fortier;45;Conventionel;N;15;1;50,556;4,7736;0,325
836;G;GrenTea;1,784;2,142;0,357;0,692;Fortier;45;Conventionel;N;15;1;50,686;3,8653;0,29
837;G;GrenTea;1,779;2,134;0,355;0,836;Fortier;45;Conventionel;N;15;1;50,614;4,6776;0,287
838;G;GrenTea;1,766;2,125;0,359;0,61;Fortier;45;Conventionel;N;15;2;50,489;3,7105;0,246
839;G;GrenTea;1,775;2,132;0,357;0,65;Fortier;45;Conventionel;N;15;2;51,892;3,8414;0,261
840;G;GrenTea;1,801;2,156;0,356;0,807;Fortier;45;Conventionel;N;15;2;49,774;4,5611;0,287
841;G;GrenTea;1,769;2,122;0,357;0,803;Fortier;45;Conventionel;N;30;1;50,548;5,1077;0,315
842;G;GrenTea;1,774;2,13;0,37;0,738;Fortier;45;Conventionel;N;30;1;51,345;4,7929;0,294
843;G;GrenTea;1,757;2,113;0,355;0,553;Fortier;45;Conventionel;N;30;1;47,013;3,4768;0,253
844;G;GrenTea;1,761;2,116;0,355;;Fortier;45;Conventionel;N;30;2;;;
845;G;GrenTea;1,781;2,135;0,355;0,83;Fortier;45;Conventionel;N;30;2;44,017;3,5534;0,256
846;G;GrenTea;1,788;2,146;0,357;0,847;Fortier;45;Conventionel;N;30;2;50,818;5,0089;0,293
847;G;GrenTea;1,799;2,162;0,363;0,772;Fortier;45;Conventionel;N;45;1;50,201;4,795;0,297
848;G;GrenTea;1,792;2,151;0,359;0,858;Fortier;45;Conventionel;N;45;1;46,212;3,9897;0,301
849;G;GrenTea;1,791;2,15;0,359;0,904;Fortier;45;Conventionel;N;45;1;47,033;4,7959;0,318
850;G;GrenTea;1,768;2,124;0,356;0,753;Fortier;45;Conventionel;N;45;2;51,906;4,5151;0,28
851;G;GrenTea;1,763;2,123;0,36;0,738;Fortier;45;Conventionel;N;45;2;50,547;4,0679;0,256
852;G;GrenTea;1,795;2,164;0,368;0,805;Fortier;45;Conventionel;N;45;2;51,647;4,8294;0,299
853;G;GrenTea;1,772;2,131;0,357;0,754;Fortier;45;Conventionel;N;60;1;50,239;4,7838;0,293
854;G;GrenTea;1,794;2,145;0,353;0,796;Fortier;45;Conventionel;N;60;1;50,191;4,0365;0,264
855;G;GrenTea;1,772;2,131;0,359;0,781;Fortier;45;Conventionel;N;60;1;50,945;4,421;0,269
856;G;GrenTea;1,764;2,118;0,354;0,817;Fortier;45;Conventionel;N;60;2;44,363;3,7301;0,33
857;G;GrenTea;1,773;2,128;0,352;0,717;Fortier;45;Conventionel;N;60;2;50,583;3,6961;0,285
858;G;GrenTea;1,771;2,132;0,359;0,869;Fortier;45;Conventionel;N;60;2;48,501;4,4927;0,27
1206;G;GrenTea;1,754;2,117;0,362;0,851;Fortier;45;Conventionel;Nproducteur;;;49,362;4,5884;0,286
1207;G;GrenTea;1,751;2,101;0,35;0,742;Fortier;45;Conventionel;Nproducteur;;;49,238;4,2849;0,296
1208;G;GrenTea;1,774;2,137;0,363;0,668;Fortier;45;Conventionel;Nproducteur;;;50,728;3,3266;0,257
1209;G;GrenTea;1,77;2,128;0,357;0,837;Fortier;45;Conventionel;Nproducteur;;;51,201;4,7512;0,29
1210;G;GrenTea;1,774;2,135;0,361;;Fortier;45;Conventionel;Nproducteur;;;;;
1211;G;GrenTea;1,793;2,146;0,353;0,852;Fortier;45;Conventionel;Nproducteur;;;51,146;5,0601;0,308
1212;G;GrenTea;1,797;2,156;0,359;0,772;Fortier;45;Conventionel;Nproducteur;;;49,503;3,5529;0,266
1213;G;GrenTea;1,767;2,127;0,36;0,876;Fortier;45;Conventionel;Nproducteur;;;49,173;4,5658;0,275
1214;G;GrenTea;1,799;2,162;0,362;;Fortier;45;Conventionel;Nproducteur;;;50,49;4,9219;0,301
1215;G;GrenTea;1,75;2,106;0,356;0,834;Fortier;45;Conventionel;Nproducteur;;;50,1115;4,6972;0,312
1216;G;GrenTea;1,778;2,137;0,36;0,867;Fortier;45;Conventionel;Nproducteur;;;51,396;4,6003;0,312
1217;G;GrenTea;1,795;2,144;0,348;0,798;Fortier;45;Conventionel;Nproducteur;;;51,773;4,007;0,283
1218;G;GrenTea;1,785;2,139;0,354;1,244;Fortier;9;Conventionel;Nproducteur;;;48,835;4,6919;0,269
1219;G;GrenTea;1,792;2,152;0,36;1,201;Fortier;9;Conventionel;Nproducteur;;;44,524;3,7248;0,227
1220;G;GrenTea;1,803;2,159;0,355;1,18;Fortier;9;Conventionel;Nproducteur;;;47,766;3,8724;0,231
1221;G;GrenTea;1,778;2,139;0,36;0,771;Fortier;9;Conventionel;Nproducteur;;;49,015;4,4899;0,249
1222;G;GrenTea;1,796;2,159;0,361;0,78;Fortier;9;Conventionel;Nproducteur;;;47,281;4,4411;0,248
1223;G;GrenTea;1,786;2,146;0,36;0,694;Fortier;9;Conventionel;Nproducteur;;;46,874;3,0053;0,219
1224;G;GrenTea;1,783;2,14;0,358;0,752;Fortier;9;Conventionel;Nproducteur;;;50,369;4,9149;0,268
1225;G;GrenTea;1,781;2,135;0,353;0,757;Fortier;9;Conventionel;Nproducteur;;;49,852;4,3798;0,253
1226;G;GrenTea;1,765;2,125;0,361;;Fortier;9;Conventionel;Nproducteur;;;;;
1227;G;GrenTea;1,78;2,136;0,356;0,503;Fortier;9;Conventionel;Nproducteur;;;46,076;4,6646;0,254
1228;G;GrenTea;1,79;2,151;0,361;;Fortier;9;Conventionel;Nproducteur;;;;;
1229;G;GrenTea;1,775;2,13;0,354;0,75;Fortier;9;Conventionel;Nproducteur;;;48,802;4,6226;0,269
1230;G;GrenTea;1,802;2,17;0,368;0,725;Belanger;10;Conventionel;Nproducteur;;;50,56;5,2532;0,284
1231;G;GrenTea;1,788;2,148;0,36;0,771;Belanger;10;Conventionel;Nproducteur;;;43,705;4,2108;0,275
1232;G;GrenTea;1,756;2,111;0,355;0,675;Belanger;10;Conventionel;Nproducteur;;;50,58;5,0314;0,28
1233;G;GrenTea;1,764;2,121;0,357;;Belanger;10;Conventionel;Nproducteur;;;;;
1234;G;GrenTea;1,76;2,126;0,366;0,638;Belanger;10;Conventionel;Nproducteur;;;50,563;4,6042;0,274
1235;G;GrenTea;1,785;2,145;0,359;0,697;Belanger;10;Conventionel;Nproducteur;;;50,413;5,0405;0,301
1243;G;GrenTea;1,778;2,135;0,358;0,619;Fortier;9;Conventionel;N;30;2;50,781;4,4079;0,249
1244;G;GrenTea;1,797;2,159;0,362;0,675;Fortier;9;Conventionel;N;30;2;47,013;4,0061;0,245
1245;G;GrenTea;1,804;2,165;0,361;0,64;Fortier;9;Conventionel;N;45;2;48,548;3,894;0,248
1246;G;GrenTea;1,79;2,149;0,36;0,636;Fortier;9;Conventionel;N;45;2;50,534;3,9981;0,261
1247;G;GrenTea;1,779;2,138;0,359;0,687;Fortier;9;Conventionel;N;60;2;47,355;4,6058;0,265
1248;G;GrenTea;1,75;2,104;0,354;0,63;Fortier;9;Conventionel;N;60;2;48,63;4,638;0,276
391;S;Rooibos;1,91;2,27;0,361;1,352;Fortier;9;Conventionel;N;0;1;45,22;0,80471;0,0199
392;S;Rooibos;1,913;2,272;0,359;1,295;Fortier;9;Conventionel;N;0;1;47,323;1,0041;0,0381
393;S;Rooibos;1,925;2,281;0,355;1,232;Fortier;9;Conventionel;N;0;1;47,264;0,81148;0,023
394;S;Rooibos;1,893;2,246;0,353;1,416;Fortier;9;Conventionel;N;0;2;46,632;0,92743;0,0208
395;S;Rooibos;1,906;2,258;0,352;1,402;Fortier;9;Conventionel;N;0;2;45,722;0,77332;0,0177
396;S;Rooibos;1,907;2,272;0,365;1,288;Fortier;9;Conventionel;N;0;2;47,315;0,76372;0,0195
397;S;Rooibos;1,921;2,286;0,365;;Fortier;9;Conventionel;N;15;1;;;
398;S;Rooibos;1,907;2,26;0,353;1,343;Fortier;9;Conventionel;N;15;1;45,302;0,76838;0,029
399;S;Rooibos;1,888;2,249;0,361;1,255;Fortier;9;Conventionel;N;15;1;46,74;0,92017;0,0337
400;S;Rooibos;1,893;2,255;0,362;1,41;Fortier;9;Conventionel;N;15;2;47,119;0,75799;0,0175
401;S;Rooibos;1,896;2,253;0,358;1,387;Fortier;9;Conventionel;N;15;2;43,626;0,74622;0,0284
402;S;Rooibos;1,9;2,263;0,364;;Fortier;9;Conventionel;N;15;2;;;
403;S;Rooibos;1,919;2,28;0,361;1,557;Fortier;9;Conventionel;N;30;1;46,514;0,87969;0,0308
404;S;Rooibos;1,905;2,261;0,355;1,319;Fortier;9;Conventionel;N;30;1;46,157;0,78784;0,0335
405;S;Rooibos;1,909;2,261;0,351;1,274;Fortier;9;Conventionel;N;30;1;47,268;0,63065;0,0147
406;S;Rooibos;1,889;2,244;0,355;1,173;Fortier;9;Conventionel;N;30;2;50,581;1,1526;0,0609
407;S;Rooibos;1,92;2,282;0,363;;Fortier;9;Conventionel;N;30;2;;;
408;S;Rooibos;1,913;2,275;0,362;1,278;Fortier;9;Conventionel;N;30;2;46,261;1,1354;0,0527
409;S;Rooibos;1,928;2,289;0,361;1,358;Fortier;9;Conventionel;N;45;1;45,117;0,7964;0,0278
410;S;Rooibos;1,925;2,284;0,36;1,338;Fortier;9;Conventionel;N;45;1;45,707;0,78982;0,0303
411;S;Rooibos;1,922;2,281;0,36;1,485;Fortier;9;Conventionel;N;45;1;41,814;0,91768;0,0406
412;S;Rooibos;1,92;2,283;0,363;1,424;Fortier;9;Conventionel;N;45;2;47,132;0,67525;0,0105
413;S;Rooibos;1,902;2,26;0,357;1,538;Fortier;9;Conventionel;N;45;2;48,187;0,79626;0,0192
414;S;Rooibos;1,893;2,255;0,362;1,349;Fortier;9;Conventionel;N;45;2;45,592;0,91926;0,0329
415;S;Rooibos;1,911;2,279;0,367;1,266;Fortier;9;Conventionel;N;60;1;46,939;0,77745;0,0284
416;S;Rooibos;1,897;2,256;0,358;1,209;Fortier;9;Conventionel;N;60;1;47,576;0,93114;0,0386
417;S;Rooibos;1,918;2,279;0,362;1,299;Fortier;9;Conventionel;N;60;1;47,033;0,81894;0,0315
418;S;Rooibos;1,923;2,282;0,359;1,341;Fortier;9;Conventionel;N;60;2;47,994;0,82309;0,0328
419;S;Rooibos;1,913;2,27;0,357;1,279;Fortier;9;Conventionel;N;60;2;47,802;0,85905;0,0291
420;S;Rooibos;1,903;2,262;0,358;;Fortier;9;Conventionel;N;60;2;;;
523;S;Rooibos;1,907;2,274;0,367;1,352;Fortier;45;Conventionel;N;0;1;47,963;1,2148;0,0845
524;S;Rooibos;1,891;2,252;0,361;1,371;Fortier;45;Conventionel;N;0;1;48,358;1,0006;0,0706
525;S;Rooibos;1,896;2,257;0,361;1,401;Fortier;45;Conventionel;N;0;1;49,667;1,0147;0,0773
526;S;Rooibos;1,902;2,27;0,368;1,3;Fortier;45;Conventionel;N;0;2;50,585;0,89246;0,0584
527;S;Rooibos;1,888;2,249;0,361;1,235;Fortier;45;Conventionel;N;0;2;45,33;0,82495;0,0692
528;S;Rooibos;1,893;2,254;0,361;1,35;Fortier;45;Conventionel;N;0;2;46;0,98091;0,0891
529;S;Rooibos;1,893;2,25;0,356;1,406;Fortier;45;Conventionel;N;15;1;44,649;0,88298;0,0731
530;S;Rooibos;1,886;2,251;0,365;1,372;Fortier;45;Conventionel;N;15;1;44,88;0,82519;0,0763
531;S;Rooibos;1,899;2,253;0,353;1,423;Fortier;45;Conventionel;N;15;1;44,851;0,84795;0,0848
532;S;Rooibos;1,91;2,268;0,359;;Fortier;45;Conventionel;N;15;2;;;
533;S;Rooibos;1,918;2,281;0,362;1,369;Fortier;45;Conventionel;N;15;2;47,625;0,92312;0,0759
534;S;Rooibos;1,908;2,274;0,365;1,307;Fortier;45;Conventionel;N;15;2;46,308;0,76662;0,0762
535;S;Rooibos;1,889;2,248;0,36;1,298;Fortier;45;Conventionel;N;30;1;45,827;1,0734;0,0915
536;S;Rooibos;1,894;2,255;0,361;1,297;Fortier;45;Conventionel;N;30;1;45,185;0,95828;0,0883
537;S;Rooibos;1,92;2,277;0,357;1,316;Fortier;45;Conventionel;N;30;1;46,583;0,93804;0,0664
538;S;Rooibos;1,912;2,274;0,361;1,369;Fortier;45;Conventionel;N;30;2;44,983;0,82848;0,0849
539;S;Rooibos;1,924;2,279;0,355;1,389;Fortier;45;Conventionel;N;30;2;44,722;0,88329;0,0838
540;S;Rooibos;1,903;2,262;0,359;1,5;Fortier;45;Conventionel;N;30;2;44,727;0,9086;0,073
541;S;Rooibos;1,924;2,276;0,352;1,304;Fortier;45;Conventionel;N;45;1;46,833;0,97446;0,0933
542;S;Rooibos;1,893;2,253;0,359;1,458;Fortier;45;Conventionel;N;45;1;45,34;1,0204;0,0787
543;S;Rooibos;1,923;2,278;0,355;1,47;Fortier;45;Conventionel;N;45;1;50,215;1,0171;0,161
544;S;Rooibos;1,91;2,275;0,365;1,445;Fortier;45;Conventionel;N;45;2;45,395;1,0093;0,0795
545;S;Rooibos;1,915;2,275;0,361;1,435;Fortier;45;Conventionel;N;45;2;44,406;0,98229;0,088
546;S;Rooibos;1,91;2,266;0,356;1,43;Fortier;45;Conventionel;N;45;2;45,959;1,0391;0,0953
547;S;Rooibos;1,891;2,247;0,356;1,437;Fortier;45;Conventionel;N;60;1;47,543;0,96472;0,0815
548;S;Rooibos;1,9;2,26;0,36;1,228;Fortier;45;Conventionel;N;60;1;46,787;0,98781;0,0866
549;S;Rooibos;1,913;2,278;0,364;1,389;Fortier;45;Conventionel;N;60;1;45,24;1,0139;0,095
550;S;Rooibos;1,907;2,264;0,357;1,341;Fortier;45;Conventionel;N;60;2;48,123;0,92958;0,102
551;S;Rooibos;1,918;2,269;0,352;1,391;Fortier;45;Conventionel;N;60;2;45,65;1,0164;0,0869
552;S;Rooibos;1,905;2,253;0,348;1,384;Fortier;45;Conventionel;N;60;2;47,642;1,0902;0,0888
756;S;Rooibos;1,926;2,288;0,362;1,396;Fortier;45;Conventionel;Nproducteur;;1;43,223;0,65901;0,0783
757;S;Rooibos;1,926;2,291;0,365;1,398;Fortier;45;Conventionel;Nproducteur;;1;44,182;0,61058;0,0739
758;S;Rooibos;1,893;2,252;0,359;1,373;Fortier;45;Conventionel;Nproducteur;;1;46,048;1,0733;0,0869
759;S;Rooibos;1,894;2,255;0,361;1,379;Fortier;45;Conventionel;Nproducteur;;2;47,219;1,1123;0,0944
760;S;Rooibos;1,909;2,269;0,36;;Fortier;45;Conventionel;Nproducteur;;2;;;
761;S;Rooibos;1,916;2,275;0,359;1,345;Fortier;45;Conventionel;Nproducteur;;2;45,947;0,88188;0,085
762;S;Rooibos;1,925;2,283;0,358;1,516;Fortier;45;Conventionel;Nproducteur;;1;45,946;1,0491;0,084
763;S;Rooibos;1,928;2,285;0,36;1,472;Fortier;45;Conventionel;Nproducteur;;1;46,126;0,96534;0,0994
764;S;Rooibos;1,892;2,259;0,365;;Fortier;45;Conventionel;Nproducteur;;1;;;
765;S;Rooibos;1,926;2,28;0,355;1,419;Fortier;45;Conventionel;Nproducteur;;2;46,09;0,946;0,0945
766;S;Rooibos;1,889;2,247;0,358;1,386;Fortier;45;Conventionel;Nproducteur;;;47,025;1,1066;0,096
767;S;Rooibos;1,923;2,275;0,352;1,472;Fortier;45;Conventionel;Nproducteur;;;;;
768;S;Rooibos;1,896;2,252;0,356;1,859;Fortier;45;Conventionel;Nproducteur;;;47,856;0,94496;0,0449
769;S;Rooibos;1,905;2,265;0,359;1,994;Fortier;45;Conventionel;Nproducteur;;;43,355;0,69078;0,0286
770;S;Rooibos;1,907;2,267;0,36;1,835;Fortier;45;Conventionel;Nproducteur;;;47,216;0,84245;0,0288
771;S;Rooibos;1,917;2,281;0,365;1,406;Fortier;45;Conventionel;Nproducteur;;;47,32;0,93269;0,0378
772;S;Rooibos;1,907;2,265;0,358;1,464;Fortier;45;Conventionel;Nproducteur;;;47,571;0,85364;0,057
773;S;Rooibos;1,893;2,261;0,368;1,366;Fortier;45;Conventionel;Nproducteur;;;47,03;1,1321;0,0485
774;S;Rooibos;1,906;2,266;0,361;1,337;Fortier;45;Conventionel;Nproducteur;;;49,237;0,91738;0,0503
775;S;Rooibos;1,9;2,26;0,359;1,331;Fortier;45;Conventionel;Nproducteur;;;44,329;0,89485;0,0443
776;S;Rooibos;1,917;2,272;0,355;1,298;Fortier;45;Conventionel;Nproducteur;;;48,263;0,88826;0,0445
777;S;Rooibos;1,919;2,274;0,356;1,465;Fortier;45;Conventionel;Nproducteur;;;45,632;0,65245;0,0151
778;S;Rooibos;1,922;2,28;0,357;1,446;Fortier;45;Conventionel;Nproducteur;;;49,053;0,87839;0,0409
779;S;Rooibos;1,904;2,264;0,359;1,248;Fortier;45;Conventionel;Nproducteur;;;41,004;1,1071;0,0612
780;S;Rooibos;1,894;2,258;0,365;1,494;Fortier;45;Conventionel;Nproducteur;;;46,022;1,0194;0,0366
781;S;Rooibos;1,904;2,269;0,365;1,538;Fortier;45;Conventionel;Nproducteur;;;49,985;1,009;0,037
782;S;Rooibos;1,896;2,256;0,36;1,487;Fortier;45;Conventionel;Nproducteur;;;47,012;0,90835;0,0275
783;S;Rooibos;1,903;2,268;0,364;1,467;Fortier;45;Conventionel;Nproducteur;;;47,765;1,098;0,0467
784;S;Rooibos;1,922;2,281;0,358;1,503;Fortier;45;Conventionel;Nproducteur;;;47,466;0,95659;0,0509
785;S;Rooibos;1,918;2,274;0,357;1,213;Fortier;45;Conventionel;Nproducteur;;;46,627;0,94175;0,0414
793;S;Rooibos;1,915;2,273;0,359;1,268;Fortier;9;Conventionel;N;30;2;46,973;0,84612;0,0408
794;S;Rooibos;1,926;2,293;0,366;1,369;Fortier;9;Conventionel;N;30;2;43,042;0,73255;0,0236
795;S;Rooibos;1,923;2,285;0,362;1,273;Fortier;9;Conventionel;N;45;2;47,308;1,1222;0,0435
796;S;Rooibos;1,911;2,277;0,366;1,117;Fortier;9;Conventionel;N;45;2;44,191;1,1311;0,049
797;S;Rooibos;1,92;2,283;0,364;1,243;Fortier;9;Conventionel;N;60;2;46,479;1,0038;0,0416
798;S;Rooibos;1,92;2,282;0,362;1,286;Fortier;9;Conventionel;N;60;2;42,541;0,94562;0,0276
1;N;ResidusCanneberge;1,886;2,25;0,364;1,882;Belanger;A9;Biologique;N;60;2;49,063;0,68647;0,0386
2;N;ResidusCanneberge;1,928;2,288;0,358;1,873;Belanger;A9;Biologique;N;60;2;48,953;0,73003;0,0319
3;N;ResidusCanneberge;1,882;2,238;0,356;1,477;Belanger;A9;Biologique;N;45;2;46,902;0,66729;0,0292
4;N;ResidusCanneberge;1,91;2,266;0,354;1,907;Belanger;A9;Biologique;N;45;2;49,316;0,70503;0,0376
5;N;ResidusCanneberge;1,897;2,26;0,362;1,917;Belanger;A9;Biologique;N;30;2;48,922;0,80019;0,0403
6;N;ResidusCanneberge;1,93;2,289;0,358;1,966;Belanger;A9;Biologique;N;30;2;48,652;0,66524;0,0304
7;N;ResidusCanneberge;1,886;2,248;0,365;2,037;Belanger;A9;Biologique;N;0;1;44,401;0,71274;0,0369
8;N;ResidusCanneberge;1,915;2,279;0,364;1,907;Belanger;A9;Biologique;N;0;1;49,096;0,71969;0,03
9;N;ResidusCanneberge;1,88;2,244;0,363;1,807;Belanger;A9;Biologique;N;0;1;48,697;0,70311;0,0325
10;N;ResidusCanneberge;1,917;2,276;0,367;1,947;Belanger;A9;Biologique;N;0;2;49,624;0,68393;0,0357
11;N;ResidusCanneberge;1,908;2,265;0,358;1,688;Belanger;A9;Biologique;N;0;2;48,927;0,71022;0,0313
12;N;ResidusCanneberge;1,899;2,26;0,36;1,898;Belanger;A9;Biologique;N;0;2;46,55;0,72076;0,0364
13;N;ResidusCanneberge;1,915;2,274;0,359;1,833;Belanger;A9;Biologique;N;30;1;45,787;0,62231;0,0276
14;N;ResidusCanneberge;1,92;2,279;0,357;1,987;Belanger;A9;Biologique;N;30;1;46,03;0,70791;0,0434
15;N;ResidusCanneberge;1,905;2,27;0,364;1,918;Belanger;A9;Biologique;N;30;1;49,3;0,70714;0,0346
16;N;ResidusCanneberge;1,908;2,275;0,369;1,918;Belanger;A9;Biologique;N;30;2;47,82;0,64509;0,0307
17;N;ResidusCanneberge;1,921;2,282;0,361;1,951;Belanger;A9;Biologique;N;30;2;48,468;0,67954;0,0297
18;N;ResidusCanneberge;1,896;2,262;0,366;1,944;Belanger;A9;Biologique;N;30;2;48,462;0,69446;0,0349
19;N;ResidusCanneberge;1,917;2,275;0,358;2,004;Belanger;A9;Biologique;N;60;1;45,975;1,8559;0,0896
20;N;ResidusCanneberge;1,918;2,283;0,365;1,953;Belanger;A9;Biologique;N;60;1;49,211;0,75332;0,0353
21;N;ResidusCanneberge;1,911;2,276;0,365;1,914;Belanger;A9;Biologique;N;60;1;48,723;0,736;0,0348
22;N;ResidusCanneberge;1,899;2,263;0,364;1,389;Belanger;A9;Biologique;N;60;2;48,299;0,7157;0,034
23;N;ResidusCanneberge;1,89;2,248;0,358;1,44;Belanger;A9;Biologique;N;60;2;48,98;0,71359;0,0324
24;N;ResidusCanneberge;1,888;2,248;0,36;;Belanger;A9;Biologique;N;60;2;;;
25;N;ResidusCanneberge;1,912;2,273;0,36;1,883;Belanger;A9;Biologique;N;45;1;48,805;0,73177;0,0297
26;N;ResidusCanneberge;1,883;2,245;0,362;1,803;Belanger;A9;Biologique;N;45;1;44,703;0,71701;0,0336
27;N;ResidusCanneberge;1,902;2,26;0,358;1,883;Belanger;A9;Biologique;N;45;1;47,862;0,67527;0,0396
28;N;ResidusCanneberge;1,906;2,266;0,36;1,871;Belanger;A9;Biologique;N;45;2;49,136;0,73081;0,0327
29;N;ResidusCanneberge;1,922;2,285;0,365;1,898;Belanger;A9;Biologique;N;45;2;49,434;0,68146;0,0303
30;N;ResidusCanneberge;1,934;2,294;0,361;1,976;Belanger;A9;Biologique;N;45;2;48,038;0,73257;0,0338
31;N;ResidusCanneberge;1,896;2,259;0,364;1,913;Belanger;A9;Biologique;N;15;1;49,246;0,72778;0,0332
32;N;ResidusCanneberge;1,897;2,258;0,361;1,892;Belanger;A9;Biologique;N;15;1;48,503;0,68911;0,032
33;N;ResidusCanneberge;1,918;2,282;0,363;1,953;Belanger;A9;Biologique;N;15;1;48,135;0,73935;0,035
34;N;ResidusCanneberge;1,911;2,267;0,358;1,7;Belanger;A9;Biologique;N;15;2;47,516;0,68535;0,0302
35;N;ResidusCanneberge;1,904;2,266;0,362;1,899;Belanger;A9;Biologique;N;15;2;49,47;0,69319;0,0261
36;N;ResidusCanneberge;1,907;2,262;0,356;1,916;Belanger;A9;Biologique;N;15;2;48,928;0,67561;0,0266
187;N;ResidusCanneberge;1,937;2,297;0,361;1,886;Belanger;A9;Biologique;Nproducteur;68,71;;48,901;0,69645;0,0273
188;N;ResidusCanneberge;1,898;2,248;0,35;1,671;Belanger;A9;Biologique;Nproducteur;68,71;;45,327;0,70186;0,0646
189;N;ResidusCanneberge;1,915;2,275;0,36;1,898;Belanger;A9;Biologique;Nproducteur;68,71;;48,834;0,74595;0,0366
190;N;ResidusCanneberge;1,892;2,256;0,363;1,87;Belanger;A9;Biologique;Nproducteur;68,71;;49,26;0,72471;0,041
191;N;ResidusCanneberge;1,92;2,282;0,362;0,911;Belanger;A9;Biologique;Nproducteur;68,71;;47,265;0,70995;0,0423
192;N;ResidusCanneberge;1,908;2,271;0,363;1,528;Belanger;A9;Biologique;Nproducteur;68,71;;44,961;0,67314;0,0337
193;N;ResidusCanneberge;1,921;2,286;0,365;;Belanger;A9;Biologique;Nproducteur;68,71;;;;
194;N;ResidusCanneberge;1,887;2,25;0,362;1,877;Belanger;A9;Biologique;Nproducteur;68,71;;48,373;0,69961;0,033
195;N;ResidusCanneberge;1,934;2,298;0,364;1,924;Belanger;A9;Biologique;Nproducteur;68,71;;49,333;0,71587;0,0289
196;N;ResidusCanneberge;1,906;2,264;0,356;1,919;Belanger;A9;Biologique;Nproducteur;68,71;;49,775;0,69528;0,0283
197;N;ResidusCanneberge;1,898;2,257;0,359;1,899;Belanger;A9;Biologique;Nproducteur;68,71;;48,877;0,70948;0,0345
198;N;ResidusCanneberge;1,919;2,282;0,365;1,933;Belanger;A9;Biologique;Nproducteur;68,71;;49,05;0,73922;0,0363
199;N;ResidusCanneberge;1,918;2,271;0,354;1,684;Belanger;10;Conventionel;Nproducteur;57,28;;50,707;0,64112;0,0482
200;N;ResidusCanneberge;1,887;2,239;0,352;1,924;Belanger;10;Conventionel;Nproducteur;57,28;;40,771;0,53624;0,0361
201;N;ResidusCanneberge;1,906;2,267;0,36;1,872;Belanger;10;Conventionel;Nproducteur;57,28;;50,675;0,6362;0,0404
202;N;ResidusCanneberge;1,927;2,293;0,365;1,824;Belanger;10;Conventionel;Nproducteur;57,28;;50,954;0,7085;0,048
203;N;ResidusCanneberge;1,92;2,279;0,359;1,873;Belanger;10;Conventionel;Nproducteur;57,28;;51,19;0,75628;0,0518
204;N;ResidusCanneberge;1,919;2,279;0,358;1,887;Belanger;10;Conventionel;Nproducteur;57,28;;50,429;0,69281;0,0427
205;N;ResidusCanneberge;1,883;2,244;0,361;1,839;Belanger;10;Conventionel;Nproducteur;57,28;;49,196;0,74521;0,0609
206;N;ResidusCanneberge;1,934;2,297;0,361;1,89;Belanger;10;Conventionel;Nproducteur;57,28;;50,348;0,73262;0,046
207;N;ResidusCanneberge;1,929;2,291;0,362;1,901;Belanger;10;Conventionel;Nproducteur;57,28;;49,552;0,67603;0,0468
208;N;ResidusCanneberge;1,927;2,298;0,372;1,883;Belanger;10;Conventionel;Nproducteur;57,28;;50,632;0,72172;0,0502
209;N;ResidusCanneberge;1,917;2,281;0,365;1,867;Belanger;10;Conventionel;Nproducteur;57,28;;;;
210;N;ResidusCanneberge;1,923;2,287;0,364;1,657;Belanger;10;Conventionel;Nproducteur;57,28;;;;
211;N;ResidusCanneberge;1,918;2,277;0,358;;Belanger;A9;Biologique;Nproducteur;68,71;;;;
212;N;ResidusCanneberge;1,928;2,295;0,365;1,944;Belanger;A9;Biologique;Nproducteur;68,71;;49,55;0,71109;0,0322
213;N;ResidusCanneberge;1,896;2,255;0,359;;Belanger;A9;Biologique;Nproducteur;68,71;;;;
214;N;ResidusCanneberge;1,933;2,296;0,363;1,943;Belanger;A9;Biologique;Nproducteur;68,71;;49,59;0,67757;0,0263
215;N;ResidusCanneberge;1,926;2,286;0,361;;Belanger;A9;Biologique;Nproducteur;68,71;;;;
216;N;ResidusCanneberge;1,907;2,267;0,361;1,921;Belanger;A9;Biologique;Nproducteur;68,71;;49,147;0,71014;0,0354
319;N;ResidusCanneberge;1,922;2,288;0,366;1,961;Fortier;9;Conventionel;N;0;1;48,296;0,71991;0,0357
320;N;ResidusCanneberge;1,935;2,294;0,359;1,812;Fortier;9;Conventionel;N;0;1;48,3;0,72901;0,0377
321;N;ResidusCanneberge;1,868;2,223;0,355;1,793;Fortier;9;Conventionel;N;0;1;48,385;0,71672;0,0293
322;N;ResidusCanneberge;1,894;2,263;0,37;1,968;Fortier;9;Conventionel;N;0;2;47,113;0,67243;0,0261
323;N;ResidusCanneberge;1,897;2,257;0,359;2,086;Fortier;9;Conventionel;N;0;2;49,434;0,77357;0,0341
324;N;ResidusCanneberge;1,9;2,262;0,363;1,491;Fortier;9;Conventionel;N;0;2;47,383;0,64291;0,0328
325;N;ResidusCanneberge;1,93;2,293;0,363;1,875;Fortier;9;Conventionel;N;15;1;47,973;0,70499;0,0295
326;N;ResidusCanneberge;1,891;2,253;0,361;2,068;Fortier;9;Conventionel;N;15;1;42,953;0,71392;0,0269
327;N;ResidusCanneberge;1,91;2,276;0,366;1,734;Fortier;9;Conventionel;N;15;1;49,192;0,72723;0,0285
328;N;ResidusCanneberge;1,928;2,294;0,366;1,904;Fortier;9;Conventionel;N;15;2;49,07;0,68838;0,0223
329;N;ResidusCanneberge;1,913;2,276;0,363;1,869;Fortier;9;Conventionel;N;15;2;49,034;0,73059;0,0295
330;N;ResidusCanneberge;1,939;2,301;0,362;1,925;Fortier;9;Conventionel;N;15;2;48,334;0,71008;0,0315
331;N;ResidusCanneberge;1,929;2,294;0,361;1,96;Fortier;9;Conventionel;N;30;1;47,902;0,74365;0,0259
332;N;ResidusCanneberge;1,909;2,278;0,369;1,822;Fortier;9;Conventionel;N;30;1;47,69;0,81769;0,0339
333;N;ResidusCanneberge;1,893;2,257;0,363;;Fortier;9;Conventionel;N;30;1;;;
334;N;ResidusCanneberge;1,91;2,271;0,361;1,819;Fortier;9;Conventionel;N;30;2;49,115;0,80071;0,0352
335;N;ResidusCanneberge;1,912;2,278;0,366;;Fortier;9;Conventionel;N;30;2;;;
336;N;ResidusCanneberge;1,927;2,295;0,368;;Fortier;9;Conventionel;N;30;2;;;
337;N;ResidusCanneberge;1,935;2,297;0,361;1,731;Fortier;9;Conventionel;N;45;1;47,781;0,74129;0,0312
338;N;ResidusCanneberge;1,924;2,284;0,362;1,874;Fortier;9;Conventionel;N;45;1;48,75;0,73854;0,0333
339;N;ResidusCanneberge;1,937;2,301;0,364;1,884;Fortier;9;Conventionel;N;45;1;49,084;0,77523;0,0249
340;N;ResidusCanneberge;1,899;2,261;0,361;1,866;Fortier;9;Conventionel;N;45;2;48,213;0,7071;0,0307
341;N;ResidusCanneberge;1,904;2,268;0,362;1,893;Fortier;9;Conventionel;N;45;2;49,776;0,73846;0,0326
342;N;ResidusCanneberge;1,885;2,252;0,365;;Fortier;9;Conventionel;N;45;2;;;
343;N;ResidusCanneberge;1,917;2,286;0,368;1,83;Fortier;9;Conventionel;N;60;1;49,694;0,82165;0,0434
344;N;ResidusCanneberge;1,886;2,25;0,365;;Fortier;9;Conventionel;N;60;1;;;
345;N;ResidusCanneberge;1,885;2,25;0,364;1,815;Fortier;9;Conventionel;N;60;1;50,385;0,74599;0,0337
346;N;ResidusCanneberge;1,936;2,3;0,363;;Fortier;9;Conventionel;N;60;2;;;
347;N;ResidusCanneberge;1,911;2,274;0,363;1,898;Fortier;9;Conventionel;N;60;2;49,95;0,73899;0,0251
348;N;ResidusCanneberge;1,927;2,288;0,363;1,628;Fortier;9;Conventionel;N;60;2;48,318;0,7679;0,0442
451;N;ResidusCanneberge;1,926;2,283;0,356;1,861;Fortier;45;Conventionel;N;0;1;49,369;0,78044;0,078
452;N;ResidusCanneberge;1,916;2,28;0,363;1,863;Fortier;45;Conventionel;N;0;1;50,131;0,75369;0,0651
453;N;ResidusCanneberge;1,931;2,298;0,365;1,548;Fortier;45;Conventionel;N;0;1;50,093;0,81469;0,0762
454;N;ResidusCanneberge;1,932;2,297;0,363;1,926;Fortier;45;Conventionel;N;0;2;49,613;0,76481;0,0758
455;N;ResidusCanneberge;1,906;2,279;0,373;1,8;Fortier;45;Conventionel;N;0;2;49,254;0,82383;0,0898
456;N;ResidusCanneberge;1,893;2,252;0,359;1,793;Fortier;45;Conventionel;N;0;2;47,728;0,77914;0,0794
457;N;ResidusCanneberge;1,925;2,3;0,373;1,883;Fortier;45;Conventionel;N;15;1;49,401;0,7495;0,0806
458;N;ResidusCanneberge;1,895;2,258;0,362;1,827;Fortier;45;Conventionel;N;15;1;48,859;0,79299;0,084
459;N;ResidusCanneberge;1,929;2,293;0,362;1,858;Fortier;45;Conventionel;N;15;1;50,351;0,78587;0,0777
460;N;ResidusCanneberge;1,919;2,283;0,362;1,833;Fortier;45;Conventionel;N;15;2;49,272;0,76349;0,0717
461;N;ResidusCanneberge;1,923;2,287;0,366;1,841;Fortier;45;Conventionel;N;15;2;49,418;0,76398;0,0678
462;N;ResidusCanneberge;1,924;2,286;0,365;1,856;Fortier;45;Conventionel;N;15;2;48,468;0,79769;0,0735
463;N;ResidusCanneberge;1,891;2,252;0,36;1,815;Fortier;45;Conventionel;N;30;1;49,181;0,78571;0,0789
464;N;ResidusCanneberge;1,922;2,293;0,37;2,131;Fortier;45;Conventionel;N;30;1;44,097;0,71374;0,0741
465;N;ResidusCanneberge;1,905;2,27;0,363;1,798;Fortier;45;Conventionel;N;30;1;49,625;0,78517;0,069
466;N;ResidusCanneberge;1,918;2,287;0,369;1,791;Fortier;45;Conventionel;N;30;2;49,171;0,77354;0,0716
467;N;ResidusCanneberge;1,886;2,251;0,366;2,091;Fortier;45;Conventionel;N;30;2;40,626;0,63584;0,0688
468;N;ResidusCanneberge;1,889;2,256;0,367;1,837;Fortier;45;Conventionel;N;30;2;47,785;0,822;0,0765
469;N;ResidusCanneberge;1,927;2,29;0,361;1,808;Fortier;45;Conventionel;N;45;1;49,319;0,79053;0,0783
470;N;ResidusCanneberge;1,919;2,289;0,371;1,911;Fortier;45;Conventionel;N;45;1;47,425;0,82853;0,0708
471;N;ResidusCanneberge;1,885;2,252;0,367;1,984;Fortier;45;Conventionel;N;45;1;45,781;0,68101;0,067
472;N;ResidusCanneberge;1,882;2,242;0,359;1,811;Fortier;45;Conventionel;N;45;2;50,293;0,72939;0,0627
473;N;ResidusCanneberge;1,916;2,279;0,363;1,85;Fortier;45;Conventionel;N;45;2;49,674;0,75357;0,065
474;N;ResidusCanneberge;1,886;2,252;0,361;1,7;Fortier;45;Conventionel;N;45;2;44,719;0,75477;0,0766
475;N;ResidusCanneberge;1,895;2,257;0,362;1,841;Fortier;45;Conventionel;N;60;1;49,616;0,75621;0,0689
476;N;ResidusCanneberge;1,907;2,271;0,362;1,88;Fortier;45;Conventionel;N;60;1;49,886;0,7456;0,0694
477;N;ResidusCanneberge;1,918;2,277;0,359;1,952;Fortier;45;Conventionel;N;60;1;48,854;0,7294;0,0763
478;N;ResidusCanneberge;1,9;2,261;0,36;1,864;Fortier;45;Conventionel;N;60;2;49,311;0,72942;0,0704
479;N;ResidusCanneberge;1,928;2,293;0,365;1,902;Fortier;45;Conventionel;N;60;2;48,851;0,74198;0,0728
480;N;ResidusCanneberge;1,903;2,267;0,364;1,22;Fortier;45;Conventionel;N;60;2;47,936;0,81759;0,0751
658;N;ResidusCanneberge;1,89;2,254;0,365;1,826;Fortier;45;Conventionel;Nproducteur;;;44,352;0,66755;0,0683
659;N;ResidusCanneberge;1,904;2,271;0,366;1,849;Fortier;45;Conventionel;Nproducteur;;;49,575;0,69302;0,0646
660;N;ResidusCanneberge;1,906;2,27;0,364;1,829;Fortier;45;Conventionel;Nproducteur;;;48,432;0,73424;0,0744
661;N;ResidusCanneberge;1,924;2,29;0,366;1,77;Fortier;45;Conventionel;Nproducteur;;;49,511;0,84688;0,0844
662;N;ResidusCanneberge;1,926;2,291;0,365;1,81;Fortier;45;Conventionel;Nproducteur;;;49,869;0,76951;0,0734
663;N;ResidusCanneberge;1,903;2,263;0,361;;Fortier;45;Conventionel;Nproducteur;;;;;
664;N;ResidusCanneberge;1,909;2,274;0,364;1,859;Fortier;45;Conventionel;Nproducteur;;;48,039;0,71769;0,077
665;N;ResidusCanneberge;1,883;2,249;0,366;;Fortier;45;Conventionel;Nproducteur;;;;;
666;N;ResidusCanneberge;1,925;2,29;0,364;;Fortier;45;Conventionel;Nproducteur;;;;;
667;N;ResidusCanneberge;1,908;2,267;0,36;1,845;Fortier;45;Conventionel;Nproducteur;;;49,936;0,77772;0,0738
668;N;ResidusCanneberge;1,929;2,29;0,36;1,812;Fortier;45;Conventionel;Nproducteur;;;49,67;0,80713;0,0781
669;N;ResidusCanneberge;1,915;2,279;0,364;1,853;Fortier;45;Conventionel;Nproducteur;;;47,845;0,83707;0,0798
670;N;ResidusCanneberge;1,939;2,307;0,367;2,38;Fortier;45;Conventionel;Nproducteur;;;49,82;0,7122;0,0344
671;N;ResidusCanneberge;1,904;2,274;0,37;2,351;Fortier;45;Conventionel;Nproducteur;;;50,228;0,73302;0,0374
672;N;ResidusCanneberge;1,934;2,296;0,361;;Fortier;45;Conventionel;Nproducteur;;;;;
673;N;ResidusCanneberge;1,891;2,255;0,363;;Fortier;45;Conventionel;Nproducteur;;;;;
674;N;ResidusCanneberge;1,925;2,29;0,365;1,945;Fortier;45;Conventionel;Nproducteur;;;49,423;0,77366;0,0511
675;N;ResidusCanneberge;1,928;2,287;0,359;1,912;Fortier;45;Conventionel;Nproducteur;;;48,94;0,74556;0,0387
676;N;ResidusCanneberge;1,9;2,268;0,368;1,901;Fortier;45;Conventionel;Nproducteur;;;48,937;0,77501;0,0414
677;N;ResidusCanneberge;1,913;2,272;0,361;;Fortier;45;Conventionel;Nproducteur;;;;;
678;N;ResidusCanneberge;1,934;2,304;0,368;1,868;Fortier;45;Conventionel;Nproducteur;;;50,545;0,82637;0,0481
679;N;ResidusCanneberge;1,937;2,303;0,364;1,891;Fortier;45;Conventionel;Nproducteur;;;49,845;0,76812;0,0413
680;N;ResidusCanneberge;1,896;2,26;0,364;2,136;Fortier;45;Conventionel;Nproducteur;;;43,409;0,66151;0,0362
681;N;ResidusCanneberge;1,933;2,297;0,363;1,902;Fortier;45;Conventionel;Nproducteur;;;48,705;0,79342;0,0402
682;N;ResidusCanneberge;1,934;2,299;0,364;1,947;Fortier;45;Conventionel;Nproducteur;;;46,821;0,68463;0,0455
683;N;ResidusCanneberge;1,911;2,275;0,364;;Fortier;45;Conventionel;Nproducteur;;;;;
684;N;ResidusCanneberge;1,938;2,303;0,365;1,915;Fortier;45;Conventionel;Nproducteur;;;50,18;0,77192;0,0436
685;N;ResidusCanneberge;1,909;2,273;0,369;;Fortier;45;Conventionel;Nproducteur;;;50,72;0,78088;0,0409
686;N;ResidusCanneberge;1,892;2,263;0,368;1,858;Fortier;45;Conventionel;Nproducteur;;;50,736;0,75238;0,0447
687;N;ResidusCanneberge;1,934;2,309;0,376;1,914;Fortier;45;Conventionel;Nproducteur;;;49,354;0,73373;0,0458
721;N;ResidusCanneberge;1,905;2,257;0,352;1,868;Fortier;9;Conventionel;N;30;2;49,383;0,79523;0,0355
722;N;ResidusCanneberge;1,916;2,285;0,367;1,937;Fortier;9;Conventionel;N;30;2;48,942;0,75847;0,0285
723;N;ResidusCanneberge;1,933;2,305;0,367;2,088;Fortier;9;Conventionel;N;45;2;44,062;0,68259;0,029
724;N;ResidusCanneberge;1,917;2,277;0,36;1,896;Fortier;9;Conventionel;N;45;2;48,704;0,75821;0,0328
725;N;ResidusCanneberge;1,908;2,267;0,358;;Fortier;9;Conventionel;N;60;2;;;
726;N;ResidusCanneberge;1,935;2,306;0,368;1,903;Fortier;9;Conventionel;N;60;2;48,743;0,78336;0,0377
727;N;ResidusCanneberge;1,931;2,303;0,368;1,887;Belanger;10;Conventionel;N;45;2;50,52;0,75327;0,0403
728;N;ResidusCanneberge;1,905;2,272;0,368;1,837;Belanger;10;Conventionel;N;45;2;50,972;0,7579;0,0362
729;N;ResidusCanneberge;1,911;2,272;0,362;1,839;Belanger;10;Conventionel;N;60;2;50,515;0,79619;0,0465
730;N;ResidusCanneberge;1,899;2,258;0,359;1,829;Belanger;10;Conventionel;N;60;2;50,51;0,74052;0,0416
731;N;ResidusCanneberge;1,897;2,264;0,367;1,757;Belanger;10;Conventionel;N;30;;49,552;0,67492;0,0407
732;N;ResidusCanneberge;1,919;2,283;0,365;1,889;Belanger;10;Conventionel;N;30;;50,478;0,72437;0,0503
778;N;ResidusCanneberge;1,884;2,24;0,357;1,802;Belanger;10;Conventionel;N;0;;51,035;0,75663;0,0485
779;N;ResidusCanneberge;1,921;2,287;0,365;1,829;Belanger;10;Conventionel;N;0;;50,11;0,74774;0,0521
780;N;ResidusCanneberge;1,929;2,296;0,369;1,828;Belanger;10;Conventionel;N;0;;50,739;0,71318;0,0316
781;N;ResidusCanneberge;1,885;2,237;0,353;1,835;Belanger;10;Conventionel;N;0;;49,802;0,67214;0,0271
782;N;ResidusCanneberge;1,927;2,289;0,362;1,803;Belanger;10;Conventionel;N;0;;50,392;0,73367;0,0383
783;N;ResidusCanneberge;1,934;2,299;0,365;;Belanger;10;Conventionel;N;0;;;;
784;N;ResidusCanneberge;1,925;2,286;0,359;1,842;Belanger;10;Conventionel;N;15;;50,69;0,67446;0,0328
785;N;ResidusCanneberge;1,909;2,273;0,364;1,786;Belanger;10;Conventionel;N;15;;50,172;0,75632;0,0467
786;N;ResidusCanneberge;1,919;2,285;0,366;1,851;Belanger;10;Conventionel;N;15;;50,102;0,70213;0,0456
787;N;ResidusCanneberge;1,881;2,241;0,359;1,825;Belanger;10;Conventionel;N;15;;49,776;0,70882;0,0413
788;N;ResidusCanneberge;1,905;2,274;0,368;1,825;Belanger;10;Conventionel;N;15;;50,185;0,69684;0,0407
789;N;ResidusCanneberge;1,913;2,276;0,363;1,826;Belanger;10;Conventionel;N;15;;50,21;0,75949;0,0507
790;N;ResidusCanneberge;1,897;2,254;0,357;1,817;Belanger;10;Conventionel;N;30;;48,498;0,66089;0,0439
791;N;ResidusCanneberge;1,902;2,262;0,359;1,814;Belanger;10;Conventionel;N;30;;50,649;0,70107;0,031
792;N;ResidusCanneberge;1,885;2,245;0,358;1,812;Belanger;10;Conventionel;N;30;;49,216;0,66367;0,041
793;N;ResidusCanneberge;1,919;2,287;0,368;1,813;Belanger;10;Conventionel;N;30;;50,265;0,70161;0,044
794;N;ResidusCanneberge;1,893;2,258;0,366;1,83;Belanger;10;Conventionel;N;30;;50,686;0,07112;0,0438
795;N;ResidusCanneberge;1,908;2,275;0,366;1,838;Belanger;10;Conventionel;N;30;;51,144;-0,00474;0,0436
796;N;ResidusCanneberge;1,905;2,269;0,364;1,865;Belanger;10;Conventionel;N;45;;49,499;-0,23026;0,034
797;N;ResidusCanneberge;1,898;2,258;0,36;1,826;Belanger;10;Conventionel;N;45;;50,932;-0,28669;0,0365
798;N;ResidusCanneberge;1,897;2,258;0,361;1,821;Belanger;10;Conventionel;N;45;;51,692;-0,32991;0,033
799;N;ResidusCanneberge;1,912;2,271;0,359;1,855;Belanger;10;Conventionel;N;45;;50,784;0,51994;0,0433
800;N;ResidusCanneberge;1,881;2,249;0,368;1,821;Belanger;10;Conventionel;N;45;;49,604;0,61171;0,0535
801;N;ResidusCanneberge;1,914;2,282;0,368;1,858;Belanger;10;Conventionel;N;45;;51,459;0,58283;0,044
802;N;ResidusCanneberge;1,892;2,254;0,362;1,828;Belanger;10;Conventionel;N;60;;50,216;0,59828;0,0428
803;N;ResidusCanneberge;1,922;2,287;0,363;1,859;Belanger;10;Conventionel;N;60;;50,846;0,57065;0,0451
804;N;ResidusCanneberge;1,914;2,28;0,366;1,859;Belanger;10;Conventionel;N;60;;51,053;0,13744;0,0431
805;N;ResidusCanneberge;1,93;2,291;0,361;1,889;Belanger;10;Conventionel;N;60;;51,121;0,31307;0,0382
806;N;ResidusCanneberge;1,938;2,3;0,362;1,873;Belanger;10;Conventionel;N;60;;50,687;0,42383;0,0469
807;N;ResidusCanneberge;1,923;2,291;0,368;1,841;Belanger;10;Conventionel;N;60;;51,005;0,47352;0,0375
1;C;ControleSencha;1,739;2,105;0,365;1,007;Belanger;A9;Biologique;N;60;2;48,393;5,2225;0,325
2;C;ControleSencha;1,669;2,037;0,368;0,475;Belanger;A9;Biologique;N;45;2;51,004;5,8526;0,37
3;C;ControleSencha;1,72;2,082;0,362;0,537;Belanger;A9;Biologique;N;30;2;46,12;5,4116;0,325
4;C;ControleSencha;1,784;2,145;0,361;0,496;Belanger;A9;Biologique;N;0;;50,273;6,2248;0,379
5;C;ControleSencha;1,859;2,222;0,363;0,777;Belanger;A9;Biologique;N;30;;50,902;4,5083;0,248
6;C;ControleSencha;1,772;2,144;0,37;0,495;Belanger;A9;Biologique;N;60;;50,485;5,3236;0,332
7;C;ControleSencha;1,743;2,105;0,363;0,552;Belanger;A9;Biologique;N;45;;48,821;5,1532;0,313
8;C;ControleSencha;1,808;2,175;0,367;0,546;Belanger;A9;Biologique;N;15;;44,922;4,972;0,322
52;C;ControleSencha;1,864;2,225;0,362;0,453;Belanger;A9;Biologique;Nproducteur;68,71;;50,179;5,7173;0,359
53;C;ControleSencha;1,857;2,222;0,365;0,459;Belanger;A9;Biologique;Nproducteur;68,71;;51,275;6,0179;0,385
54;C;ControleSencha;1,807;2,172;0,364;0,492;Belanger;A9;Biologique;Nproducteur;68,71;;46,615;5,4088;0,393
55;C;ControleSencha;1,824;2,19;0,366;0,46;Belanger;A9;Biologique;Nproducteur;68,71;;47,154;5,517;0,344
56;C;ControleSencha;1,865;2,229;0,363;0,471;Belanger;A9;Biologique;Nproducteur;68,71;;47,731;6,1774;0,375
57;C;ControleSencha;1,882;2,244;0,363;;Belanger;A9;Biologique;Nproducteur;68,71;;;;
58;C;ControleSencha;1,738;2,1;0,361;0,55;Belanger;A9;Biologique;Nproducteur;68,71;;42,687;4,5283;0,299
59;C;ControleSencha;1,812;2,17;0,357;0,455;Belanger;A9;Biologique;Nproducteur;68,71;;49,558;5,0697;0,327
60;C;ControleSencha;1,727;2,095;0,368;;Belanger;A9;Biologique;Nproducteur;68,71;;;;
61;C;ControleSencha;1,731;2,091;0,358;0,464;Belanger;A9;Biologique;Nproducteur;68,71;;51,435;5,0731;0,314
62;C;ControleSencha;1,808;2,177;0,369;;Belanger;A9;Biologique;Nproducteur;68,71;;51,02;5,4095;0,329
63;C;ControleSencha;1,694;2,063;0,369;;Belanger;A9;Biologique;Nproducteur;68,71;;;;
64;C;ControleSencha;1,793;2,157;0,363;;Belanger;A9;Biologique;Nproducteur;68,71;;;;
65;C;ControleSencha;1,821;2,188;0,366;0,53;Belanger;A9;Biologique;Nproducteur;68,71;;48,937;5,8091;0,355
66;C;ControleSencha;1,754;2,118;0,363;;Belanger;A9;Biologique;Nproducteur;68,71;;;;
95;C;ControleSencha;1,754;2,12;0,366;;Fortier;9;Conventionel;N;0;;;;
95;C;ControleSencha;1,724;2,082;0,358;0,491;Fortier;9;Conventionel;N;0;;48,962;5,3616;0,321
96;C;ControleSencha;1,732;2,093;0,362;0,504;Fortier;9;Conventionel;N;15;;;;
96;C;ControleSencha;1,778;2,135;0,357;0,557;Fortier;9;Conventionel;N;15;;;;
97;C;ControleSencha;1,72;2,083;0,362;0,501;Fortier;9;Conventionel;N;30;;47,855;4,9197;0,282
98;C;ControleSencha;1,827;2,194;0,366;;Fortier;9;Conventionel;N;45;;;;
99;C;ControleSencha;1,803;2,173;0,37;0,484;Fortier;9;Conventionel;N;60;;49,368;4,4124;0,255
128;C;ControleSencha;1,851;2,216;0,364;0,532;Fortier;45;Conventionel;N;0;;51,707;5,6142;0,359
129;C;ControleSencha;1,805;2,164;0,359;0,484;Fortier;45;Conventionel;N;0;;50,199;4,1687;0,299
130;C;ControleSencha;1,741;2,105;0,365;0,578;Fortier;45;Conventionel;N;15;;49,978;6,6297;0,418
131;C;ControleSencha;1,814;2,177;0,363;0,582;Fortier;45;Conventionel;N;15;;49,887;5,3059;0,347
132;C;ControleSencha;1,806;2,17;0,363;0,547;Fortier;45;Conventionel;N;30;;50,596;5,0227;0,324
133;C;ControleSencha;1,728;2,094;0,366;0,566;Fortier;45;Conventionel;N;30;;49,882;5,3401;0,361
134;C;ControleSencha;1,77;2,135;0,365;0,594;Fortier;45;Conventionel;N;45;;49,415;5,2586;0,342
135;C;ControleSencha;1,77;2,135;0,366;0,596;Fortier;45;Conventionel;N;45;;50,479;5,4086;0,347
136;C;ControleSencha;1,844;2,2;0,356;0,717;Fortier;45;Conventionel;N;60;;47,361;4,5554;0,306
137;C;ControleSencha;1,825;2,19;0,365;1,216;Fortier;45;Conventionel;N;60;;;;
197;C;ControleSencha;1,784;2,152;0,368;0,548;Fortier;9;Conventionel;N;30;2;48,772;6,1202;0,35
198;C;ControleSencha;1,807;2,179;0,372;0,562;Fortier;9;Conventionel;N;45;2;48,993;4,8787;0,314
199;C;ControleSencha;1,788;2,151;0,363;0,562;Fortier;9;Conventionel;N;60;2;48,179;6,3939;0,36
200;C;ControleSencha;1,755;2,122;0,366;;Belanger;10;Conventionel;N;45;2;;;
201;C;ControleSencha;1,764;2,13;0,366;0,504;Belanger;10;Conventionel;N;60;2;47,185;4,9629;0,313
202;C;ControleSencha;1,803;2,171;0,368;;Belanger;10;Conventionel;N;30;2;;;
217;C;ControleSencha;1,774;2,136;0,362;0,412;Belanger;10;Conventionel;N;0;;50,066;5,7333;0,37
218;C;ControleSencha;1,752;2,111;0,359;0,382;Belanger;10;Conventionel;N;0;;50,316;5,2547;0,351
219;C;ControleSencha;1,799;2,16;0,362;;Belanger;10;Conventionel;N;15;;;;
220;C;ControleSencha;1,881;2,247;0,366;;Belanger;10;Conventionel;N;15;;48,641;4,8275;0,32
221;C;ControleSencha;1,811;2,169;0,358;0,464;Belanger;10;Conventionel;N;15;;50,563;5,8723;0,383
222;C;ControleSencha;1,788;2,159;0,371;0,563;Fortier;45;Conventionel;Nproducteur;;;;;
223;C;ControleSencha;1,772;2,136;0,363;0,591;Fortier;45;Conventionel;Nproducteur;;;45,513;4,4715;0,312
224;C;ControleSencha;1,829;2,195;0,365;0,671;Fortier;45;Conventionel;Nproducteur;;;45,959;4,695;0,328
225;C;ControleSencha;1,716;2,073;0,357;0,525;Fortier;45;Conventionel;Nproducteur;;;50,71;5,0987;0,346
226;C;ControleSencha;1,875;2,239;0,364;1,109;Fortier;9;Conventionel;Nproducteur;;;48,773;5,5854;0,302
227;C;ControleSencha;1,791;2,159;0,369;0,629;Fortier;9;Conventionel;Nproducteur;;;48,722;6,4688;0,35
228;C;ControleSencha;1,69;2,054;0,364;0,632;Fortier;9;Conventionel;Nproducteur;;;47,996;6,0262;0,326
229;C;ControleSencha;1,857;2,223;0,366;0,572;Fortier;9;Conventionel;Nproducteur;;;46,228;5,1882;0,325
230;C;ControleSencha;1,8;2,164;0,365;0,408;Belanger;10;Conventionel;Nproducteur;;;50,712;5,3794;0,351
301;C;ControleSencha;1,878;2,241;0,363;0,547;Belanger;10;Conventionel;N;30;;48,263;4,7754;0,297
302;C;ControleSencha;1,675;2,03;0,355;0,516;Belanger;10;Conventionel;N;30;;48,733;5,1181;0,305
303;C;ControleSencha;1,713;2,075;0,362;0,455;Belanger;10;Conventionel;N;45;;49,642;5,0025;0,313
304;C;ControleSencha;1,774;2,14;0,36;0,437;Belanger;10;Conventionel;N;45;;50,634;5,5861;0,346
305;C;ControleSencha;1,794;2,155;0,361;0,466;Belanger;10;Conventionel;N;60;;50,068;5,0645;0,317
306;C;ControleSencha;1,784;2,143;0,357;0,456;Belanger;10;Conventionel;N;60;;49,091;5,4381;0,338
307;C;ControleSencha;1,686;2,044;0,358;;Belanger;A9;Biologique;N;0;;;;
308;C;ControleSencha;1,758;2,114;0,356;0,478;Belanger;A9;Biologique;N;15;;49,165;5,9902;0,356
309;C;ControleSencha;1,728;2,081;0,353;0,548;Belanger;A9;Biologique;N;30;;45,151;5,1915;0,307
310;C;ControleSencha;1,712;2,069;0,355;;Belanger;A9;Biologique;N;45;;;;
311;C;ControleSencha;1,697;2,057;0,36;;Belanger;A9;Biologique;N;60;;;;
312;C;ControleSencha;1,658;2,017;0,359;0,447;Fortier;9;Conventionel;N;0;;45,012;3,7964;0,266
313;C;ControleSencha;1,748;2,1;0,352;0,685;Fortier;9;Conventionel;N;15;;46,99;6,8032;0,375
314;C;ControleSencha;1,654;2,014;0,359;0,449;Fortier;9;Conventionel;N;30;;46,907;3,9086;0,282
315;C;ControleSencha;1,746;2,104;0,359;0,514;Fortier;9;Conventionel;N;45;;44,78;4,2284;0,275
316;C;ControleSencha;1,707;2,066;0,359;;Fortier;9;Conventionel;N;60;;;;
1;H;ControleHibiscus;1,992;2,35;0,357;1,41;Belanger;A9;Biologique;N;60;2;45,895;0,77846;0,0285
2;H;ControleHibiscus;2,001;2,366;0,364;1,327;Belanger;A9;Biologique;N;45;2;50,543;0,87417;0,0402
3;H;ControleHibiscus;1,993;2,353;0,359;1,421;Belanger;A9;Biologique;N;30;2;43,784;0,73127;0,0316
4;H;ControleHibiscus;2,007;2,371;0,364;1,53;Belanger;A9;Biologique;N;0;;46,605;0,54376;0,0182
5;H;ControleHibiscus;1,96;2,323;0,363;1,425;Belanger;A9;Biologique;N;30;;42,649;0,67452;0,0287
6;H;ControleHibiscus;1,994;2,356;0,362;1,475;Belanger;A9;Biologique;N;60;;47,979;0,68961;0,0267
7;H;ControleHibiscus;1,996;2,355;0,359;1,453;Belanger;A9;Biologique;N;45;;45,6;0,58683;0,0205
8;H;ControleHibiscus;2,015;2,38;0,364;1,431;Belanger;A9;Biologique;N;15;;48,764;0,76478;0,0241
52;H;ControleHibiscus;1,975;2,339;0,364;;Belanger;A9;Biologique;Nproducteur;68,71;;;;
53;H;ControleHibiscus;1,946;2,309;0,364;;Belanger;A9;Biologique;Nproducteur;68,71;;;;
54;H;ControleHibiscus;1,939;2,3;0,361;1,514;Belanger;A9;Biologique;Nproducteur;68,71;;47,251;0,63718;0,0198
55;H;ControleHibiscus;1,912;2,273;0,361;1,281;Belanger;A9;Biologique;Nproducteur;68,71;;44,497;0,72057;0,0218
56;H;ControleHibiscus;1,947;2,308;0,361;;Belanger;A9;Biologique;Nproducteur;68,71;;;;
57;H;ControleHibiscus;1,98;2,341;0,361;1,46;Belanger;A9;Biologique;Nproducteur;68,71;;45,492;0,73919;0,0295
58;H;ControleHibiscus;1,968;2,323;0,356;1,492;Belanger;10;Conventionel;Nproducteur;68,71;;49,08;0,85737;0,0415
59;H;ControleHibiscus;2,025;2,384;0,359;1,479;Belanger;10;Conventionel;Nproducteur;68,71;;43,901;0,67048;0,0268
60;H;ControleHibiscus;1,955;2,323;0,368;;Belanger;10;Conventionel;Nproducteur;68,71;;44,706;0,86264;0,055
61;H;ControleHibiscus;1,945;2,308;0,363;1,321;Belanger;10;Conventionel;Nproducteur;68,71;;;;
62;H;ControleHibiscus;1,97;2,334;0,364;1,453;Belanger;10;Conventionel;Nproducteur;68,71;;;;
63;H;ControleHibiscus;1,954;2,319;0,364;;Belanger;10;Conventionel;Nproducteur;68,71;;;;
64;H;ControleHibiscus;1,995;2,365;0,369;1,405;Belanger;A9;Biologique;Nproducteur;68,71;;47,003;0,86706;0,0375
65;H;ControleHibiscus;1,976;2,336;0,361;1,653;Belanger;A9;Biologique;Nproducteur;68,71;;43,142;0,66442;0,0254
66;H;ControleHibiscus;1,943;2,305;0,362;1,309;Belanger;A9;Biologique;Nproducteur;68,71;;45,693;0,76115;0,0322
95;H;ControleHibiscus;2,033;2,391;0,358;1,344;Fortier;9;Conventionel;N;0;;49,199;0,69177;0,0316
96;H;ControleHibiscus;2,048;2,415;0,367;1,294;Fortier;9;Conventionel;N;15;;48,407;0,6601;0,0251
97;H;ControleHibiscus;1,925;2,287;0,363;1,191;Fortier;9;Conventionel;N;30;;46,617;0,8336;0,0333
98;H;ControleHibiscus;1,961;2,323;0,362;1,338;Fortier;9;Conventionel;N;45;;43,779;0,76737;0,0315
99;H;ControleHibiscus;1,928;2,291;0,363;1,256;Fortier;9;Conventionel;N;60;;44,334;0,6842;0,026
128;H;ControleHibiscus;1,956;2,318;0,362;1,318;Fortier;45;Conventionel;N;0;;44,623;0,81595;0,0739
129;H;ControleHibiscus;1,909;2,271;0,362;1,118;Fortier;45;Conventionel;N;0;;42,359;0,98187;0,108
130;H;ControleHibiscus;1,913;2,276;0,362;1,189;Fortier;45;Conventionel;N;15;;44,699;0,84637;0,0933
131;H;ControleHibiscus;1,939;2,308;0,369;1,187;Fortier;45;Conventionel;N;15;;44,192;1,0113;0,105
132;H;ControleHibiscus;2,007;2,367;0,36;1,209;Fortier;45;Conventionel;N;30;;44,379;0,78915;0,0823
133;H;ControleHibiscus;1,971;2,333;0,362;1,119;Fortier;45;Conventionel;N;30;;44,575;1,1261;0,12
134;H;ControleHibiscus;2,023;2,384;0,361;1,34;Fortier;45;Conventionel;N;45;;45,911;0,91797;0,076
135;H;ControleHibiscus;1,983;2,35;0,366;1,306;Fortier;45;Conventionel;N;45;;42,522;0,68293;0,0844
136;H;ControleHibiscus;2,019;2,382;0,364;1,375;Fortier;45;Conventionel;N;60;;44,493;0,77773;0,104
137;H;ControleHibiscus;1,952;2,32;0,368;;Fortier;45;Conventionel;N;60;;44,754;1,1895;0,117
197;H;ControleHibiscus;1,996;2,353;0,357;1,422;Fortier;9;Conventionel;N;30;2;43,08;0,53918;0,017
198;H;ControleHibiscus;1,891;2,249;0,357;;Fortier;9;Conventionel;N;45;2;;;
199;H;ControleHibiscus;1,968;2,33;0,362;1,169;Fortier;9;Conventionel;N;60;2;49,539;0,8039;0,0276
200;H;ControleHibiscus;1,972;2,33;0,358;1,394;Belanger;10;Conventionel;N;45;2;49,727;0,78751;0,0321
201;H;ControleHibiscus;1,984;2,344;0,359;1,513;Belanger;10;Conventionel;N;60;2;48,137;0,86906;0,0376
202;H;ControleHibiscus;1,954;2,315;0,362;;Belanger;10;Conventionel;N;30;2;49,537;0,83203;0,0354
210;H;ControleHibiscus;1,954;2,315;0,36;1,413;Fortier;45;Conventionel;Nproducteur;;2;;;
217;H;ControleHibiscus;1,973;2,329;0,356;;Belanger;10;Conventionel;N;0;;49,69;0,86649;0,041
218;H;ControleHibiscus;1,934;2,295;0,36;1,37;Belanger;10;Conventionel;N;0;;48,226;0,89501;0,0486
219;H;ControleHibiscus;1,969;2,331;0,362;;Belanger;10;Conventionel;N;15;;;;
220;H;ControleHibiscus;1,943;2,304;0,361;1,337;Belanger;10;Conventionel;N;15;;48,354;0,8611;0,0481
221;H;ControleHibiscus;2,006;2,363;0,356;1,593;Belanger;10;Conventionel;Nproducteur;;2;46,014;0,71231;0,0265
222;H;ControleHibiscus;1,999;2,365;0,366;1,476;Fortier;45;Conventionel;Nproducteur;;1;46,167;0,77153;0,0645
223;H;ControleHibiscus;1,97;2,337;0,367;1,318;Fortier;45;Conventionel;Nproducteur;;2;44,273;0,66145;0,0767
224;H;ControleHibiscus;1,949;2,316;0,367;1,333;Fortier;45;Conventionel;Nproducteur;;1;41,603;0,69164;0,0948
226;H;ControleHibiscus;1,95;2,313;0,362;1,786;Fortier;9;Conventionel;Nproducteur;;1;46,061;0,7839;0,03
227;H;ControleHibiscus;1,973;2,329;0,356;;Fortier;9;Conventionel;Nproducteur;;2;;;
228;H;ControleHibiscus;1,991;2,35;0,359;;Fortier;9;Conventionel;Nproducteur;;1;;;
229;H;ControleHibiscus;1,97;2,326;0,356;1,364;Fortier;9;Conventionel;Nproducteur;;2;45,106;0,73977;0,0291
230;H;ControleHibiscus;1,968;2,326;0,358;1,392;Belanger;10;Conventionel;Nproducteur;;1;46,705;0,92594;0,0493
301;H;ControleHibiscus;1,957;2,317;0,357;1,489;Belanger;10;Conventionel;N;30;;49,713;0,82348;0,0314
302;H;ControleHibiscus;1,958;2,312;0,353;1,396;Belanger;10;Conventionel;N;30;;45,89;0,72383;0,0313
303;H;ControleHibiscus;1,981;2,333;0,351;1,416;Belanger;10;Conventionel;N;45;;46,931;0,8655;0,0317
304;H;ControleHibiscus;2,016;2,369;0,353;1,533;Belanger;10;Conventionel;N;45;;48,605;0,78069;0,0293
305;H;ControleHibiscus;1,983;2,344;0,361;1,498;Belanger;10;Conventionel;N;60;;49,051;0,60255;0,0189
306;H;ControleHibiscus;1,968;2,321;0,352;1,382;Belanger;10;Conventionel;N;60;;47,21;1,0154;0,051
307;H;ControleHibiscus;1,931;2,292;0,361;1,237;Belanger;A9;Biologique;N;0;;48,536;0,82164;0,03
308;H;ControleHibiscus;1,955;2,306;0,351;1,271;Belanger;A9;Biologique;N;15;;45,882;0,79739;0,0231
309;H;ControleHibiscus;1,948;2,304;0,355;1,364;Belanger;A9;Biologique;N;30;;48,247;0,67873;0,0194
310;H;ControleHibiscus;1,938;2,302;0,364;1,333;Belanger;A9;Biologique;N;45;;44,107;0,54932;0,00946
311;H;ControleHibiscus;2,013;2,368;0,355;1,369;Belanger;A9;Biologique;N;60;;49,1;0,65033;0,0175
312;H;ControleHibiscus;1,971;2,33;0,359;1,365;Fortier;9;Conventionel;N;0;;45,729;0,67439;0,0143
313;H;ControleHibiscus;1,939;2,301;0,36;1,231;Fortier;9;Conventionel;N;15;;43,169;0,77723;0,0188
314;H;ControleHibiscus;1,981;2,338;0,357;1,224;Fortier;9;Conventionel;N;30;;44,776;0,69173;0,0164
315;H;ControleHibiscus;1,978;2,343;0,363;1,317;Fortier;9;Conventionel;N;45;;45,816;0,8118;0,0224
316;H;ControleHibiscus;1,956;2,324;0,365;1,243;Fortier;9;Conventionel;N;60;;48,563;0,83588;0,0264
;;;;;;;;;;;;;;;
;;;;;;;;;;;;;;;
;;;;;;;;;;;;;;;
;;;;;;;;;;;;;;;
