No,Tea type abbr,Tea type,Initial tea weight (g),Initial total weight (g),Initial bag weight (g),Remaining tea weight (g),Farm,Site,Farming system,Nitrogen type,Nitrogen dose,Repetition,Remaining C (%),Remaining N (%),Remaining S (%),Initial C fraction
1,G,Green tea,1.793,2.019,0.226,0.783,Belanger,A9,Organic,N-8-0-0,0,1,50.144,5.2809,0.29,0.860544373
2,G,Green tea,1.786,2.011,0.225,0.797,Belanger,A9,Organic,N-8-0-0,0,1,50.933,4.4082,0.251,0.857184747
3,G,Green tea,1.782,2.008,0.228,,Belanger,A9,Organic,N-8-0-0,0,1,,,,0.85526496
4,G,Green tea,1.76,1.987,0.227,0.778,Belanger,A9,Organic,N-8-0-0,0,2,50.292,5.4397,0.296,0.844706133
5,G,Green tea,1.788,2.013,0.226,0.779,Belanger,A9,Organic,N-8-0-0,0,2,47.718,4.8735,0.277,0.85814464
6,G,Green tea,1.779,2.004,0.227,,Belanger,A9,Organic,N-8-0-0,0,2,,,,0.85382512
7,G,Green tea,1.799,2.025,0.227,0.793,Belanger,A9,Organic,N-8-0-0,15,1,49.86,5.2671,0.277,0.863424053
8,G,Green tea,1.761,1.985,0.228,0.783,Belanger,A9,Organic,N-8-0-0,15,1,50.174,5.2419,0.289,0.84518608
9,G,Green tea,1.782,2.008,0.226,0.717,Belanger,A9,Organic,N-8-0-0,15,1,49.667,5.0409,0.288,0.85526496
10,G,Green tea,1.758,1.985,0.226,0.812,Belanger,A9,Organic,N-8-0-0,15,2,49.526,5.3365,0.277,0.84374624
11,G,Green tea,1.793,2.018,0.227,0.77,Belanger,A9,Organic,N-8-0-0,15,2,49.098,4.84,0.268,0.860544373
12,G,Green tea,1.797,2.023,0.227,0.714,Belanger,A9,Organic,N-8-0-0,15,2,50.008,4.6352,0.281,0.86246416
13,G,Green tea,1.799,2.024,0.226,,Belanger,A9,Organic,N-8-0-0,30,1,,,,0.863424053
14,G,Green tea,1.798,2.027,0.229,0.768,Belanger,A9,Organic,N-8-0-0,30,1,49.661,5.2464,0.286,0.862944107
15,G,Green tea,1.795,2.023,0.228,,Belanger,A9,Organic,N-8-0-0,30,1,,,,0.861504267
16,G,Green tea,1.769,1.996,0.228,0.743,Belanger,A9,Organic,N-8-0-0,30,2,50.512,5.2547,0.292,0.849025653
17,G,Green tea,1.766,1.994,0.227,0.804,Belanger,A9,Organic,N-8-0-0,30,2,49.708,5.0434,0.275,0.847585813
18,G,Green tea,1.792,2.019,0.227,0.833,Belanger,A9,Organic,N-8-0-0,30,2,49.638,5.0262,0.279,0.860064427
19,G,Green tea,1.766,1.992,0.226,0.7,Belanger,A9,Organic,N-8-0-0,45,1,48.953,4.9144,0.285,0.847585813
20,G,Green tea,1.781,2.007,0.226,0.809,Belanger,A9,Organic,N-8-0-0,45,1,50.151,4.3896,0.258,0.854785013
21,G,Green tea,1.765,1.994,0.228,0.723,Belanger,A9,Organic,N-8-0-0,45,1,50.076,3.7431,0.23,0.847105867
22,G,Green tea,1.774,2.002,0.229,,Belanger,A9,Organic,N-8-0-0,45,2,,,,0.851425387
23,G,Green tea,1.779,2.007,0.228,0.751,Belanger,A9,Organic,N-8-0-0,45,2,49.958,5.1213,0.285,0.85382512
24,G,Green tea,1.771,1.998,0.226,1.291,Belanger,A9,Organic,N-8-0-0,45,2,,,,0.849985547
25,G,Green tea,1.797,2.023,0.226,0.859,Belanger,A9,Organic,N-8-0-0,60,1,49.798,3.9277,0.238,0.86246416
26,G,Green tea,1.793,2.02,0.227,0.789,Belanger,A9,Organic,N-8-0-0,60,1,,,,0.860544373
27,G,Green tea,1.771,2,0.229,,Belanger,A9,Organic,N-8-0-0,60,1,,,,0.849985547
28,G,Green tea,1.792,2.019,0.227,0.828,Belanger,A9,Organic,N-8-0-0,60,2,50.266,3.9173,0.257,0.860064427
29,G,Green tea,1.766,1.994,0.228,0.774,Belanger,A9,Organic,N-8-0-0,60,2,49.6,5.325,0.284,0.847585813
30,G,Green tea,1.787,2.015,0.227,0.826,Belanger,A9,Organic,N-8-0-0,60,2,50.567,4.8376,0.266,0.857664693
31,G,Green tea,1.778,2.002,0.226,0.744,Belanger,A9,Organic,N-6-1-1,60,2,50.361,4.9564,0.272,0.853345173
32,G,Green tea,1.751,1.979,0.228,,Belanger,A9,Organic,N-6-1-1,60,2,,,,0.840386613
33,G,Green tea,1.789,2.016,0.227,0.803,Belanger,A9,Organic,N-6-1-1,45,2,49.746,5.2747,0.288,0.858624587
34,G,Green tea,1.76,1.988,0.228,1.316,Belanger,A9,Organic,N-6-1-1,45,2,50.147,5.3952,0.282,0.844706133
35,G,Green tea,1.786,2.015,0.228,0.799,Belanger,A9,Organic,N-6-1-1,30,2,47.897,4.8253,0.258,0.857184747
36,G,Green tea,1.792,2.019,0.227,0.813,Belanger,A9,Organic,N-6-1-1,30,2,48.915,4.7691,0.272,0.860064427
1,S,Rooibos tea,1.905,2.134,0.229,1.534,Belanger,A9,Organic,N-8-0-0,0,1,44.624,0.60046,0.0299,0.91043125
2,S,Rooibos tea,1.892,2.118,0.226,1.497,Belanger,A9,Organic,N-8-0-0,0,1,46.169,0.949,0.0424,0.904218333
3,S,Rooibos tea,1.895,2.122,0.228,1.342,Belanger,A9,Organic,N-8-0-0,0,1,49.264,0.72601,0.0337,0.905652083
4,S,Rooibos tea,1.907,2.138,0.231,1.308,Belanger,A9,Organic,N-8-0-0,0,2,50.991,0.94623,0.0415,0.911387083
5,S,Rooibos tea,1.91,2.137,0.227,1.532,Belanger,A9,Organic,N-8-0-0,0,2,49.04,0.88699,0.0355,0.912820833
6,S,Rooibos tea,1.908,2.136,0.229,1.495,Belanger,A9,Organic,N-8-0-0,0,2,49.675,0.74179,0.0192,0.911865
7,S,Rooibos tea,1.912,2.14,0.229,1.501,Belanger,A9,Organic,N-8-0-0,15,1,45.787,0.57047,0.0206,0.913776667
8,S,Rooibos tea,1.908,2.134,0.226,1.394,Belanger,A9,Organic,N-8-0-0,15,1,44.64,0.70596,0.0313,0.911865
9,S,Rooibos tea,1.913,2.141,0.228,1.464,Belanger,A9,Organic,N-8-0-0,15,1,50.335,0.79185,0.0283,0.914254583
10,S,Rooibos tea,1.918,2.145,0.227,1.486,Belanger,A9,Organic,N-8-0-0,15,2,48.573,0.71159,0.0213,0.916644167
11,S,Rooibos tea,1.901,2.13,0.228,1.351,Belanger,A9,Organic,N-8-0-0,15,2,45.679,0.78026,0.0407,0.908519583
12,S,Rooibos tea,1.899,2.129,0.23,1.362,Belanger,A9,Organic,N-8-0-0,15,2,46.548,0.79404,0.0271,0.90756375
13,S,Rooibos tea,1.896,2.126,0.23,1.507,Belanger,A9,Organic,N-8-0-0,30,1,45.6,0.69923,0.0254,0.90613
14,S,Rooibos tea,1.91,2.137,0.227,1.459,Belanger,A9,Organic,N-8-0-0,30,1,46.94,0.84806,0.0356,0.912820833
15,S,Rooibos tea,1.918,2.146,0.228,1.465,Belanger,A9,Organic,N-8-0-0,30,1,46.415,0.83329,0.042,0.916644167
16,S,Rooibos tea,1.901,2.13,0.23,1.39,Belanger,A9,Organic,N-8-0-0,30,2,46.451,0.82498,0.0311,0.908519583
17,S,Rooibos tea,1.899,2.127,0.228,1.444,Belanger,A9,Organic,N-8-0-0,30,2,45.502,0.7767,0.0318,0.90756375
18,S,Rooibos tea,1.904,2.132,0.227,1.398,Belanger,A9,Organic,N-8-0-0,30,2,43.972,0.63764,0.0254,0.909953333
19,S,Rooibos tea,1.91,2.138,0.228,1.318,Belanger,A9,Organic,N-8-0-0,45,1,50.197,1.0435,0.0386,0.912820833
20,S,Rooibos tea,1.897,2.128,0.231,,Belanger,A9,Organic,N-8-0-0,45,1,,,,0.906607917
21,S,Rooibos tea,1.917,2.143,0.226,1.442,Belanger,A9,Organic,N-8-0-0,45,1,46.684,0.68682,0.0198,0.91616625
22,S,Rooibos tea,1.918,2.145,0.228,1.394,Belanger,A9,Organic,N-8-0-0,45,2,48.972,0.58367,0.015,0.916644167
23,S,Rooibos tea,1.893,2.122,0.229,1.473,Belanger,A9,Organic,N-8-0-0,45,2,49.874,0.72113,0.0214,0.90469625
24,S,Rooibos tea,1.914,2.141,0.227,,Belanger,A9,Organic,N-8-0-0,45,2,,,,0.9147325
25,S,Rooibos tea,1.895,2.122,0.226,1.394,Belanger,A9,Organic,N-8-0-0,60,1,45.871,0.67665,0.0344,0.905652083
26,S,Rooibos tea,1.919,2.143,0.226,1.464,Belanger,A9,Organic,N-8-0-0,60,1,47.175,0.65084,0.0179,0.917122083
27,S,Rooibos tea,1.896,2.123,0.226,1.448,Belanger,A9,Organic,N-8-0-0,60,1,49.636,0.98351,0.0378,0.90613
28,S,Rooibos tea,1.918,2.145,0.227,1.463,Belanger,A9,Organic,N-8-0-0,60,2,47.1,0.83206,0.0364,0.916644167
29,S,Rooibos tea,1.914,2.141,0.227,1.41,Belanger,A9,Organic,N-8-0-0,60,2,47.463,0.6474,0.0184,0.9147325
30,S,Rooibos tea,1.916,2.142,0.227,,Belanger,A9,Organic,N-8-0-0,60,2,44.325,0.62286,0.0186,0.915688333
31,S,Rooibos tea,1.918,2.145,0.226,1.453,Belanger,A9,Organic,N-6-1-1,60,2,44.485,0.61915,0.0206,0.916644167
32,S,Rooibos tea,1.891,2.118,0.227,1.286,Belanger,A9,Organic,N-6-1-1,60,2,42.687,0.89221,0.0463,0.903740417
33,S,Rooibos tea,1.9,2.125,0.226,1.322,Belanger,A9,Organic,N-6-1-1,45,2,45.836,0.82029,0.0359,0.908041667
34,S,Rooibos tea,1.904,2.132,0.227,1.439,Belanger,A9,Organic,N-6-1-1,45,2,47.973,0.7155,0.0226,0.909953333
35,S,Rooibos tea,1.894,2.122,0.228,1.502,Belanger,A9,Organic,N-6-1-1,30,2,48.809,0.93119,0.0366,0.905174167
36,S,Rooibos tea,1.92,2.146,0.226,1.489,Belanger,A9,Organic,N-6-1-1,30,2,43.227,0.64575,0.0269,0.9176
154,G,Green tea,1.785,2.013,0.227,0.735,Belanger,10,Conventional,N-21-0-0,0,1,49.195,4.4527,0.285,0.8567048
155,G,Green tea,1.794,2.022,0.227,0.741,Belanger,10,Conventional,N-21-0-0,0,1,49.597,4.5696,0.268,0.86102432
156,G,Green tea,1.777,2.004,0.226,0.74,Belanger,10,Conventional,N-21-0-0,0,1,51.106,4.9976,0.284,0.852865227
157,G,Green tea,1.756,1.984,0.227,0.729,Belanger,10,Conventional,N-21-0-0,0,2,51.235,5.2712,0.293,0.842786347
158,G,Green tea,1.76,1.983,0.224,0.805,Belanger,10,Conventional,N-21-0-0,0,2,50.208,4.5702,0.257,0.844706133
159,G,Green tea,1.799,2.024,0.225,0.743,Belanger,10,Conventional,N-21-0-0,0,2,51.081,4.7911,0.289,0.863424053
160,G,Green tea,1.756,1.983,0.228,,Belanger,10,Conventional,N-21-0-0,15,1,,,,0.842786347
161,G,Green tea,1.76,1.988,0.228,0.674,Belanger,10,Conventional,N-21-0-0,15,1,50.972,5.1357,0.288,0.844706133
162,G,Green tea,1.771,1.998,0.226,0.739,Belanger,10,Conventional,N-21-0-0,15,1,51.06,4.6679,0.314,0.849985547
163,G,Green tea,1.781,2.011,0.23,0.775,Belanger,10,Conventional,N-21-0-0,15,2,50.399,4.6103,0.269,0.854785013
164,G,Green tea,1.793,2.021,0.227,0.764,Belanger,10,Conventional,N-21-0-0,15,2,48.346,4.2203,0.278,0.860544373
165,G,Green tea,1.784,2.01,0.226,0.836,Belanger,10,Conventional,N-21-0-0,15,2,50.908,4.828,0.256,0.856224853
166,G,Green tea,1.786,2.013,0.227,0.658,Belanger,10,Conventional,N-21-0-0,30,1,51.581,4.4809,0.259,0.857184747
167,G,Green tea,1.776,2.003,0.227,0.751,Belanger,10,Conventional,N-21-0-0,30,1,50.195,3.946,0.243,0.85238528
168,G,Green tea,1.788,2.013,0.227,0.732,Belanger,10,Conventional,N-21-0-0,30,1,51.353,4.4647,0.26,0.85814464
169,G,Green tea,1.781,2.008,0.227,,Belanger,10,Conventional,N-21-0-0,30,1,,,,0.854785013
170,G,Green tea,1.78,2.007,0.227,0.616,Belanger,10,Conventional,N-21-0-0,30,2,51.042,4.739,0.277,0.854305067
171,G,Green tea,1.761,1.99,0.229,0.778,Belanger,10,Conventional,N-21-0-0,30,2,49.976,4.9552,0.276,0.84518608
172,G,Green tea,1.76,1.983,0.226,0.645,Belanger,10,Conventional,N-21-0-0,30,2,47.521,4.1047,0.243,0.844706133
173,G,Green tea,1.77,1.998,0.228,0.801,Belanger,10,Conventional,N-21-0-0,45,1,49.761,4.9617,0.268,0.8495056
174,G,Green tea,1.769,1.995,0.227,0.765,Belanger,10,Conventional,N-21-0-0,45,1,49.665,4.652,0.27,0.849025653
175,G,Green tea,1.765,1.993,0.228,0.723,Belanger,10,Conventional,N-21-0-0,45,1,51.41,4.7341,0.265,0.847105867
176,G,Green tea,1.778,2.004,0.226,0.709,Belanger,10,Conventional,N-21-0-0,45,2,50.389,4.8017,0.272,0.853345173
177,G,Green tea,1.781,2.008,0.228,0.803,Belanger,10,Conventional,N-21-0-0,45,2,51.256,4.9288,0.28,0.854785013
178,G,Green tea,1.793,2.022,0.228,0.714,Belanger,10,Conventional,N-21-0-0,45,2,50.469,4.6108,0.261,0.860544373
179,G,Green tea,1.786,2.012,0.226,0.744,Belanger,10,Conventional,N-21-0-0,60,1,49.823,4.501,0.263,0.857184747
180,G,Green tea,1.799,2.023,0.224,0.851,Belanger,10,Conventional,N-21-0-0,60,1,49.642,4.3622,0.245,0.863424053
181,G,Green tea,1.766,1.995,0.229,0.702,Belanger,10,Conventional,N-21-0-0,60,1,49.494,4.2817,0.257,0.847585813
182,G,Green tea,1.754,1.981,0.228,0.769,Belanger,10,Conventional,N-21-0-0,60,2,50.26,4.6585,0.251,0.841826453
183,G,Green tea,1.77,1.997,0.227,0.74,Belanger,10,Conventional,N-21-0-0,60,2,49.869,4.6119,0.258,0.8495056
184,G,Green tea,1.796,2.019,0.227,,Belanger,10,Conventional,N-21-0-0,60,2,,,,0.861984213
185,G,Green tea,1.787,2.012,0.227,0.714,Belanger,10,Conventional,N-SCU,45,2,49.986,4.2273,0.262,0.857664693
186,G,Green tea,1.777,2.002,0.225,0.692,Belanger,10,Conventional,N-SCU,45,2,51.621,4.7403,0.261,0.852865227
187,G,Green tea,1.791,2.018,0.227,0.732,Belanger,10,Conventional,N-SCU,60,2,50.99,5.2118,0.286,0.85958448
188,G,Green tea,1.773,2.001,0.229,0.784,Belanger,10,Conventional,N-SCU,60,2,48.909,4.4888,0.262,0.85094544
189,G,Green tea,1.792,2.022,0.229,0.734,Belanger,10,Conventional,N-SCU,30,2,51.244,4.4671,0.26,0.860064427
190,G,Green tea,1.783,2.011,0.227,0.825,Belanger,10,Conventional,N-SCU,30,2,48.862,4.2277,0.279,0.855744907
118,S,Rooibos tea,1.905,2.135,0.23,1.509,Belanger,10,Conventional,N-21-0-0,0,1,47.458,0.85638,0.026,0.91043125
119,S,Rooibos tea,1.904,2.129,0.225,1.364,Belanger,10,Conventional,N-21-0-0,0,1,47.836,1.3244,0.0712,0.909953333
120,S,Rooibos tea,1.897,2.123,0.225,,Belanger,10,Conventional,N-21-0-0,0,1,,,,0.906607917
121,S,Rooibos tea,1.892,2.12,0.228,1.402,Belanger,10,Conventional,N-21-0-0,0,2,45.378,0.77073,0.0344,0.904218333
122,S,Rooibos tea,1.909,2.135,0.226,1.474,Belanger,10,Conventional,N-21-0-0,0,2,46.663,0.84813,0.024,0.912342917
123,S,Rooibos tea,1.896,2.123,0.227,1.439,Belanger,10,Conventional,N-21-0-0,0,2,49.898,0.9809,0.0464,0.90613
124,S,Rooibos tea,1.898,2.124,0.226,1.366,Belanger,10,Conventional,N-21-0-0,15,1,46.603,1.0737,0.053,0.907085833
125,S,Rooibos tea,1.91,2.136,0.227,,Belanger,10,Conventional,N-21-0-0,15,1,47.75,1.0111,0.0521,0.912820833
126,S,Rooibos tea,1.905,2.13,0.226,1.525,Belanger,10,Conventional,N-21-0-0,15,1,49.251,0.9424,0.0321,0.91043125
127,S,Rooibos tea,1.891,2.117,0.227,1.584,Belanger,10,Conventional,N-21-0-0,15,2,48.413,0.92218,0.028,0.903740417
128,S,Rooibos tea,1.899,2.127,0.229,1.405,Belanger,10,Conventional,N-21-0-0,15,2,49.605,1.1183,0.0352,0.90756375
129,S,Rooibos tea,1.89,2.117,0.228,1.496,Belanger,10,Conventional,N-21-0-0,15,2,50.334,0.91735,0.0348,0.9032625
130,S,Rooibos tea,1.908,2.134,0.225,1.574,Belanger,10,Conventional,N-21-0-0,30,1,49.238,0.85701,0.024,0.911865
131,S,Rooibos tea,1.916,2.142,0.226,1.565,Belanger,10,Conventional,N-21-0-0,30,1,47.384,1.009,0.0392,0.915688333
132,S,Rooibos tea,1.891,2.116,0.226,1.573,Belanger,10,Conventional,N-21-0-0,30,1,50.184,0.85323,0.0354,0.903740417
133,S,Rooibos tea,1.906,2.132,0.225,1.446,Belanger,10,Conventional,N-21-0-0,30,2,48.252,0.99285,0.0532,0.910909167
134,S,Rooibos tea,1.909,2.136,0.228,1.566,Belanger,10,Conventional,N-21-0-0,30,2,49.42,1.1357,0.0442,0.912342917
135,S,Rooibos tea,1.906,2.132,0.227,1.54,Belanger,10,Conventional,N-21-0-0,30,2,46.033,0.9933,0.0372,0.910909167
136,S,Rooibos tea,1.913,2.139,0.226,1.571,Belanger,10,Conventional,N-21-0-0,45,1,46.488,0.9111,0.0319,0.914254583
137,S,Rooibos tea,1.92,2.148,0.228,1.534,Belanger,10,Conventional,N-21-0-0,45,1,50.148,1.0239,0.0309,0.9176
138,S,Rooibos tea,1.917,2.142,0.226,1.601,Belanger,10,Conventional,N-21-0-0,45,1,45.778,0.86956,0.029,0.91616625
139,S,Rooibos tea,1.893,2.119,0.226,1.406,Belanger,10,Conventional,N-21-0-0,45,2,48.147,1.0639,0.0567,0.90469625
140,S,Rooibos tea,1.893,2.117,0.225,1.349,Belanger,10,Conventional,N-21-0-0,45,2,50.116,1.189,0.0509,0.90469625
141,S,Rooibos tea,1.901,2.127,0.226,1.5,Belanger,10,Conventional,N-21-0-0,45,2,46.755,0.94695,0.0339,0.908519583
142,S,Rooibos tea,1.92,2.146,0.226,1.596,Belanger,10,Conventional,N-21-0-0,60,1,46.96,0.93495,0.0358,0.9176
143,S,Rooibos tea,1.906,2.132,0.226,1.473,Belanger,10,Conventional,N-21-0-0,60,1,47.501,0.9949,0.0502,0.910909167
144,S,Rooibos tea,1.912,2.138,0.225,1.516,Belanger,10,Conventional,N-21-0-0,60,1,49.119,1.0393,0.0401,0.913776667
145,S,Rooibos tea,1.915,2.14,0.226,1.49,Belanger,10,Conventional,N-21-0-0,60,2,45.212,0.75637,0.0304,0.915210417
146,S,Rooibos tea,1.916,2.142,0.226,1.645,Belanger,10,Conventional,N-21-0-0,60,2,46.862,0.87316,0.0246,0.915688333
147,S,Rooibos tea,1.89,2.116,0.226,1.524,Belanger,10,Conventional,N-21-0-0,60,2,46.998,1.0677,0.0375,0.9032625
148,S,Rooibos tea,1.899,2.127,0.227,1.391,Belanger,10,Conventional,N-SCU,45,2,47.002,1.0066,0.0566,0.90756375
149,S,Rooibos tea,1.912,2.139,0.227,1.446,Belanger,10,Conventional,N-SCU,45,2,46.87,0.89954,0.0337,0.913776667
150,S,Rooibos tea,1.908,2.138,0.231,1.534,Belanger,10,Conventional,N-SCU,60,2,47.358,0.97108,0.0429,0.911865
151,S,Rooibos tea,1.919,2.145,0.226,1.615,Belanger,10,Conventional,N-SCU,60,2,48.368,0.97371,0.034,0.917122083
152,S,Rooibos tea,1.903,2.129,0.226,1.598,Belanger,10,Conventional,N-SCU,30,2,46.394,0.91746,0.0356,0.909475417
153,S,Rooibos tea,1.919,2.144,0.226,1.518,Belanger,10,Conventional,N-SCU,30,2,46.134,0.99378,0.0341,0.917122083
625,G,Green tea,1.781,2.141,0.36,0.633,Fortier,9,Conventional,N-21-0-0,0,1,50.954,3.6076,0.221,0.854785013
626,G,Green tea,1.772,2.135,0.364,0.608,Fortier,9,Conventional,N-21-0-0,0,1,52.174,3.7355,0.238,0.850465493
627,G,Green tea,1.78,2.144,0.363,0.623,Fortier,9,Conventional,N-21-0-0,0,1,51.297,3.6973,0.236,0.854305067
628,G,Green tea,1.787,2.15,0.363,0.687,Fortier,9,Conventional,N-21-0-0,0,2,51.006,4.9237,0.273,0.857664693
629,G,Green tea,1.769,2.137,0.368,0.703,Fortier,9,Conventional,N-21-0-0,0,2,52.188,5.9643,0.313,0.849025653
630,G,Green tea,1.791,2.151,0.36,0.637,Fortier,9,Conventional,N-21-0-0,0,2,51.208,4.8411,0.291,0.85958448
631,G,Green tea,1.767,2.128,0.361,0.593,Fortier,9,Conventional,N-21-0-0,15,1,50.875,3.8465,0.251,0.84806576
632,G,Green tea,1.783,2.145,0.362,0.62,Fortier,9,Conventional,N-21-0-0,15,1,49.996,4.1287,0.264,0.855744907
633,G,Green tea,1.765,2.126,0.361,,Fortier,9,Conventional,N-21-0-0,15,1,,,,0.847105867
634,G,Green tea,1.77,2.132,0.363,,Fortier,9,Conventional,N-21-0-0,15,2,,,,0.8495056
635,G,Green tea,1.784,2.148,0.364,0.645,Fortier,9,Conventional,N-21-0-0,15,2,49.588,3.8118,0.245,0.856224853
636,G,Green tea,1.756,2.118,0.363,0.587,Fortier,9,Conventional,N-21-0-0,15,2,49.44,4.3575,0.28,0.842786347
637,G,Green tea,1.785,2.152,0.365,0.702,Fortier,9,Conventional,N-21-0-0,30,1,42.055,4.0556,0.232,0.8567048
638,G,Green tea,1.778,2.144,0.366,0.582,Fortier,9,Conventional,N-21-0-0,30,1,50.02,4.3624,0.272,0.853345173
639,G,Green tea,1.8,2.161,0.361,0.669,Fortier,9,Conventional,N-21-0-0,30,1,49.777,4.8316,0.272,0.863904
640,G,Green tea,1.796,2.154,0.357,0.784,Fortier,9,Conventional,N-21-0-0,30,2,50.58,5.1024,0.285,0.861984213
641,G,Green tea,1.754,2.117,0.363,0.629,Fortier,9,Conventional,N-21-0-0,30,2,49.088,4.4936,0.272,0.841826453
642,G,Green tea,1.751,2.111,0.36,0.592,Fortier,9,Conventional,N-21-0-0,30,2,50.609,4.0937,0.259,0.840386613
643,G,Green tea,1.789,2.148,0.359,0.682,Fortier,9,Conventional,N-21-0-0,45,1,46.35,3.4626,0.222,0.858624587
644,G,Green tea,1.759,2.121,0.361,0.572,Fortier,9,Conventional,N-21-0-0,45,1,48.103,3.8768,0.243,0.844226187
645,G,Green tea,1.759,2.131,0.371,0.579,Fortier,9,Conventional,N-21-0-0,45,1,51.263,3.97,0.263,0.844226187
646,G,Green tea,1.768,2.127,0.36,0.694,Fortier,9,Conventional,N-21-0-0,45,2,49.448,4.7202,0.272,0.848545707
647,G,Green tea,1.783,2.148,0.365,0.564,Fortier,9,Conventional,N-21-0-0,45,2,50.994,4.0679,0.252,0.855744907
648,G,Green tea,1.79,2.155,0.365,0.851,Fortier,9,Conventional,N-21-0-0,45,2,48.724,4.8823,0.262,0.859104533
649,G,Green tea,1.776,2.136,0.361,0.678,Fortier,9,Conventional,N-21-0-0,60,1,47.983,3.2594,0.231,0.85238528
650,G,Green tea,1.753,2.115,0.361,,Fortier,9,Conventional,N-21-0-0,60,1,,,,0.841346507
651,G,Green tea,1.77,2.132,0.362,,Fortier,9,Conventional,N-21-0-0,60,1,,,,0.8495056
652,G,Green tea,1.799,2.162,0.363,0.677,Fortier,9,Conventional,N-21-0-0,60,2,44.782,3.2432,0.21,0.863424053
653,G,Green tea,1.79,2.149,0.36,0.709,Fortier,9,Conventional,N-21-0-0,60,2,48.637,3.799,0.219,0.859104533
654,G,Green tea,1.791,2.146,0.355,0.467,Fortier,9,Conventional,N-21-0-0,60,2,44.632,3.5701,0.257,0.85958448
829,G,Green tea,1.758,2.117,0.36,0.784,Fortier,45,Conventional,N-21-0-0,0,1,49.476,4.4698,0.27,0.84374624
830,G,Green tea,1.751,2.113,0.362,0.587,Fortier,45,Conventional,N-21-0-0,0,1,53.023,3.9144,0.253,0.840386613
831,G,Green tea,1.778,2.13,0.351,0.727,Fortier,45,Conventional,N-21-0-0,0,1,48.812,5.2095,0.339,0.853345173
832,G,Green tea,1.784,2.143,0.359,0.744,Fortier,45,Conventional,N-21-0-0,0,2,51.763,4.8061,0.281,0.856224853
833,G,Green tea,1.784,2.145,0.361,0.737,Fortier,45,Conventional,N-21-0-0,0,2,50.478,4.0142,0.272,0.856224853
834,G,Green tea,1.782,2.136,0.355,0.804,Fortier,45,Conventional,N-21-0-0,0,2,51.163,5.2482,0.307,0.85526496
835,G,Green tea,1.757,2.112,0.356,0.848,Fortier,45,Conventional,N-21-0-0,15,1,50.556,4.7736,0.325,0.843266293
836,G,Green tea,1.784,2.142,0.357,0.692,Fortier,45,Conventional,N-21-0-0,15,1,50.686,3.8653,0.29,0.856224853
837,G,Green tea,1.779,2.134,0.355,0.836,Fortier,45,Conventional,N-21-0-0,15,1,50.614,4.6776,0.287,0.85382512
838,G,Green tea,1.766,2.125,0.359,0.61,Fortier,45,Conventional,N-21-0-0,15,2,50.489,3.7105,0.246,0.847585813
839,G,Green tea,1.775,2.132,0.357,0.65,Fortier,45,Conventional,N-21-0-0,15,2,51.892,3.8414,0.261,0.851905333
840,G,Green tea,1.801,2.156,0.356,0.807,Fortier,45,Conventional,N-21-0-0,15,2,49.774,4.5611,0.287,0.864383947
841,G,Green tea,1.769,2.122,0.357,0.803,Fortier,45,Conventional,N-21-0-0,30,1,50.548,5.1077,0.315,0.849025653
842,G,Green tea,1.774,2.13,0.37,0.738,Fortier,45,Conventional,N-21-0-0,30,1,51.345,4.7929,0.294,0.851425387
843,G,Green tea,1.757,2.113,0.355,0.553,Fortier,45,Conventional,N-21-0-0,30,1,47.013,3.4768,0.253,0.843266293
844,G,Green tea,1.761,2.116,0.355,,Fortier,45,Conventional,N-21-0-0,30,2,,,,0.84518608
845,G,Green tea,1.781,2.135,0.355,0.83,Fortier,45,Conventional,N-21-0-0,30,2,44.017,3.5534,0.256,0.854785013
846,G,Green tea,1.788,2.146,0.357,0.847,Fortier,45,Conventional,N-21-0-0,30,2,50.818,5.0089,0.293,0.85814464
847,G,Green tea,1.799,2.162,0.363,0.772,Fortier,45,Conventional,N-21-0-0,45,1,50.201,4.795,0.297,0.863424053
848,G,Green tea,1.792,2.151,0.359,0.858,Fortier,45,Conventional,N-21-0-0,45,1,46.212,3.9897,0.301,0.860064427
849,G,Green tea,1.791,2.15,0.359,0.904,Fortier,45,Conventional,N-21-0-0,45,1,47.033,4.7959,0.318,0.85958448
850,G,Green tea,1.768,2.124,0.356,0.753,Fortier,45,Conventional,N-21-0-0,45,2,51.906,4.5151,0.28,0.848545707
851,G,Green tea,1.763,2.123,0.36,0.738,Fortier,45,Conventional,N-21-0-0,45,2,50.547,4.0679,0.256,0.846145973
852,G,Green tea,1.795,2.164,0.368,0.805,Fortier,45,Conventional,N-21-0-0,45,2,51.647,4.8294,0.299,0.861504267
853,G,Green tea,1.772,2.131,0.357,0.754,Fortier,45,Conventional,N-21-0-0,60,1,50.239,4.7838,0.293,0.850465493
854,G,Green tea,1.794,2.145,0.353,0.796,Fortier,45,Conventional,N-21-0-0,60,1,50.191,4.0365,0.264,0.86102432
855,G,Green tea,1.772,2.131,0.359,0.781,Fortier,45,Conventional,N-21-0-0,60,1,50.945,4.421,0.269,0.850465493
856,G,Green tea,1.764,2.118,0.354,0.817,Fortier,45,Conventional,N-21-0-0,60,2,44.363,3.7301,0.33,0.84662592
857,G,Green tea,1.773,2.128,0.352,0.717,Fortier,45,Conventional,N-21-0-0,60,2,50.583,3.6961,0.285,0.85094544
858,G,Green tea,1.771,2.132,0.359,0.869,Fortier,45,Conventional,N-21-0-0,60,2,48.501,4.4927,0.27,0.849985547
1243,G,Green tea,1.778,2.135,0.358,0.619,Fortier,9,Conventional,N-SCU,30,2,50.781,4.4079,0.249,0.853345173
1244,G,Green tea,1.797,2.159,0.362,0.675,Fortier,9,Conventional,N-SCU,30,2,47.013,4.0061,0.245,0.86246416
1245,G,Green tea,1.804,2.165,0.361,0.64,Fortier,9,Conventional,N-SCU,45,2,48.548,3.894,0.248,0.865823787
1246,G,Green tea,1.79,2.149,0.36,0.636,Fortier,9,Conventional,N-SCU,45,2,50.534,3.9981,0.261,0.859104533
1247,G,Green tea,1.779,2.138,0.359,0.687,Fortier,9,Conventional,N-SCU,60,2,47.355,4.6058,0.265,0.85382512
1248,G,Green tea,1.75,2.104,0.354,0.63,Fortier,9,Conventional,N-SCU,60,2,48.63,4.638,0.276,0.839906667
391,S,Rooibos tea,1.91,2.27,0.361,1.352,Fortier,9,Conventional,N-21-0-0,0,1,45.22,0.80471,0.0199,0.912820833
392,S,Rooibos tea,1.913,2.272,0.359,1.295,Fortier,9,Conventional,N-21-0-0,0,1,47.323,1.0041,0.0381,0.914254583
393,S,Rooibos tea,1.925,2.281,0.355,1.232,Fortier,9,Conventional,N-21-0-0,0,1,47.264,0.81148,0.023,0.919989583
394,S,Rooibos tea,1.893,2.246,0.353,1.416,Fortier,9,Conventional,N-21-0-0,0,2,46.632,0.92743,0.0208,0.90469625
395,S,Rooibos tea,1.906,2.258,0.352,1.402,Fortier,9,Conventional,N-21-0-0,0,2,45.722,0.77332,0.0177,0.910909167
396,S,Rooibos tea,1.907,2.272,0.365,1.288,Fortier,9,Conventional,N-21-0-0,0,2,47.315,0.76372,0.0195,0.911387083
397,S,Rooibos tea,1.921,2.286,0.365,,Fortier,9,Conventional,N-21-0-0,15,1,,,,0.918077917
398,S,Rooibos tea,1.907,2.26,0.353,1.343,Fortier,9,Conventional,N-21-0-0,15,1,45.302,0.76838,0.029,0.911387083
399,S,Rooibos tea,1.888,2.249,0.361,1.255,Fortier,9,Conventional,N-21-0-0,15,1,46.74,0.92017,0.0337,0.902306667
400,S,Rooibos tea,1.893,2.255,0.362,1.41,Fortier,9,Conventional,N-21-0-0,15,2,47.119,0.75799,0.0175,0.90469625
401,S,Rooibos tea,1.896,2.253,0.358,1.387,Fortier,9,Conventional,N-21-0-0,15,2,43.626,0.74622,0.0284,0.90613
402,S,Rooibos tea,1.9,2.263,0.364,,Fortier,9,Conventional,N-21-0-0,15,2,,,,0.908041667
403,S,Rooibos tea,1.919,2.28,0.361,1.557,Fortier,9,Conventional,N-21-0-0,30,1,46.514,0.87969,0.0308,0.917122083
404,S,Rooibos tea,1.905,2.261,0.355,1.319,Fortier,9,Conventional,N-21-0-0,30,1,46.157,0.78784,0.0335,0.91043125
405,S,Rooibos tea,1.909,2.261,0.351,1.274,Fortier,9,Conventional,N-21-0-0,30,1,47.268,0.63065,0.0147,0.912342917
406,S,Rooibos tea,1.889,2.244,0.355,1.173,Fortier,9,Conventional,N-21-0-0,30,2,50.581,1.1526,0.0609,0.902784583
407,S,Rooibos tea,1.92,2.282,0.363,,Fortier,9,Conventional,N-21-0-0,30,2,,,,0.9176
408,S,Rooibos tea,1.913,2.275,0.362,1.278,Fortier,9,Conventional,N-21-0-0,30,2,46.261,1.1354,0.0527,0.914254583
409,S,Rooibos tea,1.928,2.289,0.361,1.358,Fortier,9,Conventional,N-21-0-0,45,1,45.117,0.7964,0.0278,0.921423333
410,S,Rooibos tea,1.925,2.284,0.36,1.338,Fortier,9,Conventional,N-21-0-0,45,1,45.707,0.78982,0.0303,0.919989583
411,S,Rooibos tea,1.922,2.281,0.36,1.485,Fortier,9,Conventional,N-21-0-0,45,1,41.814,0.91768,0.0406,0.918555833
412,S,Rooibos tea,1.92,2.283,0.363,1.424,Fortier,9,Conventional,N-21-0-0,45,2,47.132,0.67525,0.0105,0.9176
413,S,Rooibos tea,1.902,2.26,0.357,1.538,Fortier,9,Conventional,N-21-0-0,45,2,48.187,0.79626,0.0192,0.9089975
414,S,Rooibos tea,1.893,2.255,0.362,1.349,Fortier,9,Conventional,N-21-0-0,45,2,45.592,0.91926,0.0329,0.90469625
415,S,Rooibos tea,1.911,2.279,0.367,1.266,Fortier,9,Conventional,N-21-0-0,60,1,46.939,0.77745,0.0284,0.91329875
416,S,Rooibos tea,1.897,2.256,0.358,1.209,Fortier,9,Conventional,N-21-0-0,60,1,47.576,0.93114,0.0386,0.906607917
417,S,Rooibos tea,1.918,2.279,0.362,1.299,Fortier,9,Conventional,N-21-0-0,60,1,47.033,0.81894,0.0315,0.916644167
418,S,Rooibos tea,1.923,2.282,0.359,1.341,Fortier,9,Conventional,N-21-0-0,60,2,47.994,0.82309,0.0328,0.91903375
419,S,Rooibos tea,1.913,2.27,0.357,1.279,Fortier,9,Conventional,N-21-0-0,60,2,47.802,0.85905,0.0291,0.914254583
420,S,Rooibos tea,1.903,2.262,0.358,,Fortier,9,Conventional,N-21-0-0,60,2,,,,0.909475417
523,S,Rooibos tea,1.907,2.274,0.367,1.352,Fortier,45,Conventional,N-21-0-0,0,1,47.963,1.2148,0.0845,0.911387083
524,S,Rooibos tea,1.891,2.252,0.361,1.371,Fortier,45,Conventional,N-21-0-0,0,1,48.358,1.0006,0.0706,0.903740417
525,S,Rooibos tea,1.896,2.257,0.361,1.401,Fortier,45,Conventional,N-21-0-0,0,1,49.667,1.0147,0.0773,0.90613
526,S,Rooibos tea,1.902,2.27,0.368,1.3,Fortier,45,Conventional,N-21-0-0,0,2,50.585,0.89246,0.0584,0.9089975
527,S,Rooibos tea,1.888,2.249,0.361,1.235,Fortier,45,Conventional,N-21-0-0,0,2,45.33,0.82495,0.0692,0.902306667
528,S,Rooibos tea,1.893,2.254,0.361,1.35,Fortier,45,Conventional,N-21-0-0,0,2,46,0.98091,0.0891,0.90469625
529,S,Rooibos tea,1.893,2.25,0.356,1.406,Fortier,45,Conventional,N-21-0-0,15,1,44.649,0.88298,0.0731,0.90469625
530,S,Rooibos tea,1.886,2.251,0.365,1.372,Fortier,45,Conventional,N-21-0-0,15,1,44.88,0.82519,0.0763,0.901350833
531,S,Rooibos tea,1.899,2.253,0.353,1.423,Fortier,45,Conventional,N-21-0-0,15,1,44.851,0.84795,0.0848,0.90756375
532,S,Rooibos tea,1.91,2.268,0.359,,Fortier,45,Conventional,N-21-0-0,15,2,,,,0.912820833
533,S,Rooibos tea,1.918,2.281,0.362,1.369,Fortier,45,Conventional,N-21-0-0,15,2,47.625,0.92312,0.0759,0.916644167
534,S,Rooibos tea,1.908,2.274,0.365,1.307,Fortier,45,Conventional,N-21-0-0,15,2,46.308,0.76662,0.0762,0.911865
535,S,Rooibos tea,1.889,2.248,0.36,1.298,Fortier,45,Conventional,N-21-0-0,30,1,45.827,1.0734,0.0915,0.902784583
536,S,Rooibos tea,1.894,2.255,0.361,1.297,Fortier,45,Conventional,N-21-0-0,30,1,45.185,0.95828,0.0883,0.905174167
537,S,Rooibos tea,1.92,2.277,0.357,1.316,Fortier,45,Conventional,N-21-0-0,30,1,46.583,0.93804,0.0664,0.9176
538,S,Rooibos tea,1.912,2.274,0.361,1.369,Fortier,45,Conventional,N-21-0-0,30,2,44.983,0.82848,0.0849,0.913776667
539,S,Rooibos tea,1.924,2.279,0.355,1.389,Fortier,45,Conventional,N-21-0-0,30,2,44.722,0.88329,0.0838,0.919511667
540,S,Rooibos tea,1.903,2.262,0.359,1.5,Fortier,45,Conventional,N-21-0-0,30,2,44.727,0.9086,0.073,0.909475417
541,S,Rooibos tea,1.924,2.276,0.352,1.304,Fortier,45,Conventional,N-21-0-0,45,1,46.833,0.97446,0.0933,0.919511667
542,S,Rooibos tea,1.893,2.253,0.359,1.458,Fortier,45,Conventional,N-21-0-0,45,1,45.34,1.0204,0.0787,0.90469625
543,S,Rooibos tea,1.923,2.278,0.355,1.47,Fortier,45,Conventional,N-21-0-0,45,1,50.215,1.0171,0.161,0.91903375
544,S,Rooibos tea,1.91,2.275,0.365,1.445,Fortier,45,Conventional,N-21-0-0,45,2,45.395,1.0093,0.0795,0.912820833
545,S,Rooibos tea,1.915,2.275,0.361,1.435,Fortier,45,Conventional,N-21-0-0,45,2,44.406,0.98229,0.088,0.915210417
546,S,Rooibos tea,1.91,2.266,0.356,1.43,Fortier,45,Conventional,N-21-0-0,45,2,45.959,1.0391,0.0953,0.912820833
547,S,Rooibos tea,1.891,2.247,0.356,1.437,Fortier,45,Conventional,N-21-0-0,60,1,47.543,0.96472,0.0815,0.903740417
548,S,Rooibos tea,1.9,2.26,0.36,1.228,Fortier,45,Conventional,N-21-0-0,60,1,46.787,0.98781,0.0866,0.908041667
549,S,Rooibos tea,1.913,2.278,0.364,1.389,Fortier,45,Conventional,N-21-0-0,60,1,45.24,1.0139,0.095,0.914254583
550,S,Rooibos tea,1.907,2.264,0.357,1.341,Fortier,45,Conventional,N-21-0-0,60,2,48.123,0.92958,0.102,0.911387083
551,S,Rooibos tea,1.918,2.269,0.352,1.391,Fortier,45,Conventional,N-21-0-0,60,2,45.65,1.0164,0.0869,0.916644167
552,S,Rooibos tea,1.905,2.253,0.348,1.384,Fortier,45,Conventional,N-21-0-0,60,2,47.642,1.0902,0.0888,0.91043125
793,S,Rooibos tea,1.915,2.273,0.359,1.268,Fortier,9,Conventional,N-6-1-1,30,2,46.973,0.84612,0.0408,0.915210417
794,S,Rooibos tea,1.926,2.293,0.366,1.369,Fortier,9,Conventional,N-6-1-1,30,2,43.042,0.73255,0.0236,0.9204675
795,S,Rooibos tea,1.923,2.285,0.362,1.273,Fortier,9,Conventional,N-6-1-1,45,2,47.308,1.1222,0.0435,0.91903375
796,S,Rooibos tea,1.911,2.277,0.366,1.117,Fortier,9,Conventional,N-6-1-1,45,2,44.191,1.1311,0.049,0.91329875
797,S,Rooibos tea,1.92,2.283,0.364,1.243,Fortier,9,Conventional,N-6-1-1,60,2,46.479,1.0038,0.0416,0.9176
798,S,Rooibos tea,1.92,2.282,0.362,1.286,Fortier,9,Conventional,N-6-1-1,60,2,42.541,0.94562,0.0276,0.9176
1,N,Cranberry litter,1.886,2.25,0.364,1.882,Belanger,A9,Organic,N-6-1-1,60,2,49.063,0.68647,0.0386,0.94362238
2,N,Cranberry litter,1.928,2.288,0.358,1.873,Belanger,A9,Organic,N-6-1-1,60,2,48.953,0.73003,0.0319,0.96463624
3,N,Cranberry litter,1.882,2.238,0.356,1.477,Belanger,A9,Organic,N-6-1-1,45,2,46.902,0.66729,0.0292,0.94162106
4,N,Cranberry litter,1.91,2.266,0.354,1.907,Belanger,A9,Organic,N-6-1-1,45,2,49.316,0.70503,0.0376,0.9556303
5,N,Cranberry litter,1.897,2.26,0.362,1.917,Belanger,A9,Organic,N-6-1-1,30,2,48.922,0.80019,0.0403,0.94912601
6,N,Cranberry litter,1.93,2.289,0.358,1.966,Belanger,A9,Organic,N-6-1-1,30,2,48.652,0.66524,0.0304,0.9656369
7,N,Cranberry litter,1.886,2.248,0.365,2.037,Belanger,A9,Organic,N-8-0-0,0,1,44.401,0.71274,0.0369,0.94362238
8,N,Cranberry litter,1.915,2.279,0.364,1.907,Belanger,A9,Organic,N-8-0-0,0,1,49.096,0.71969,0.03,0.95813195
9,N,Cranberry litter,1.88,2.244,0.363,1.807,Belanger,A9,Organic,N-8-0-0,0,1,48.697,0.70311,0.0325,0.9406204
10,N,Cranberry litter,1.917,2.276,0.367,1.947,Belanger,A9,Organic,N-8-0-0,0,2,49.624,0.68393,0.0357,0.95913261
11,N,Cranberry litter,1.908,2.265,0.358,1.688,Belanger,A9,Organic,N-8-0-0,0,2,48.927,0.71022,0.0313,0.95462964
12,N,Cranberry litter,1.899,2.26,0.36,1.898,Belanger,A9,Organic,N-8-0-0,0,2,46.55,0.72076,0.0364,0.95012667
13,N,Cranberry litter,1.915,2.274,0.359,1.833,Belanger,A9,Organic,N-8-0-0,30,1,45.787,0.62231,0.0276,0.95813195
14,N,Cranberry litter,1.92,2.279,0.357,1.987,Belanger,A9,Organic,N-8-0-0,30,1,46.03,0.70791,0.0434,0.9606336
15,N,Cranberry litter,1.905,2.27,0.364,1.918,Belanger,A9,Organic,N-8-0-0,30,1,49.3,0.70714,0.0346,0.95312865
16,N,Cranberry litter,1.908,2.275,0.369,1.918,Belanger,A9,Organic,N-8-0-0,30,2,47.82,0.64509,0.0307,0.95462964
17,N,Cranberry litter,1.921,2.282,0.361,1.951,Belanger,A9,Organic,N-8-0-0,30,2,48.468,0.67954,0.0297,0.96113393
18,N,Cranberry litter,1.896,2.262,0.366,1.944,Belanger,A9,Organic,N-8-0-0,30,2,48.462,0.69446,0.0349,0.94862568
19,N,Cranberry litter,1.917,2.275,0.358,2.004,Belanger,A9,Organic,N-8-0-0,60,1,45.975,1.8559,0.0896,0.95913261
20,N,Cranberry litter,1.918,2.283,0.365,1.953,Belanger,A9,Organic,N-8-0-0,60,1,49.211,0.75332,0.0353,0.95963294
21,N,Cranberry litter,1.911,2.276,0.365,1.914,Belanger,A9,Organic,N-8-0-0,60,1,48.723,0.736,0.0348,0.95613063
22,N,Cranberry litter,1.899,2.263,0.364,1.389,Belanger,A9,Organic,N-8-0-0,60,2,48.299,0.7157,0.034,0.95012667
23,N,Cranberry litter,1.89,2.248,0.358,1.44,Belanger,A9,Organic,N-8-0-0,60,2,48.98,0.71359,0.0324,0.9456237
24,N,Cranberry litter,1.888,2.248,0.36,,Belanger,A9,Organic,N-8-0-0,60,2,,,,0.94462304
25,N,Cranberry litter,1.912,2.273,0.36,1.883,Belanger,A9,Organic,N-8-0-0,45,1,48.805,0.73177,0.0297,0.95663096
26,N,Cranberry litter,1.883,2.245,0.362,1.803,Belanger,A9,Organic,N-8-0-0,45,1,44.703,0.71701,0.0336,0.94212139
27,N,Cranberry litter,1.902,2.26,0.358,1.883,Belanger,A9,Organic,N-8-0-0,45,1,47.862,0.67527,0.0396,0.95162766
28,N,Cranberry litter,1.906,2.266,0.36,1.871,Belanger,A9,Organic,N-8-0-0,45,2,49.136,0.73081,0.0327,0.95362898
29,N,Cranberry litter,1.922,2.285,0.365,1.898,Belanger,A9,Organic,N-8-0-0,45,2,49.434,0.68146,0.0303,0.96163426
30,N,Cranberry litter,1.934,2.294,0.361,1.976,Belanger,A9,Organic,N-8-0-0,45,2,48.038,0.73257,0.0338,0.96763822
31,N,Cranberry litter,1.896,2.259,0.364,1.913,Belanger,A9,Organic,N-8-0-0,15,1,49.246,0.72778,0.0332,0.94862568
32,N,Cranberry litter,1.897,2.258,0.361,1.892,Belanger,A9,Organic,N-8-0-0,15,1,48.503,0.68911,0.032,0.94912601
33,N,Cranberry litter,1.918,2.282,0.363,1.953,Belanger,A9,Organic,N-8-0-0,15,1,48.135,0.73935,0.035,0.95963294
34,N,Cranberry litter,1.911,2.267,0.358,1.7,Belanger,A9,Organic,N-8-0-0,15,2,47.516,0.68535,0.0302,0.95613063
35,N,Cranberry litter,1.904,2.266,0.362,1.899,Belanger,A9,Organic,N-8-0-0,15,2,49.47,0.69319,0.0261,0.95262832
36,N,Cranberry litter,1.907,2.262,0.356,1.916,Belanger,A9,Organic,N-8-0-0,15,2,48.928,0.67561,0.0266,0.95412931
319,N,Cranberry litter,1.922,2.288,0.366,1.961,Fortier,9,Conventional,N-21-0-0,0,1,48.296,0.71991,0.0357,0.96163426
320,N,Cranberry litter,1.935,2.294,0.359,1.812,Fortier,9,Conventional,N-21-0-0,0,1,48.3,0.72901,0.0377,0.96813855
321,N,Cranberry litter,1.868,2.223,0.355,1.793,Fortier,9,Conventional,N-21-0-0,0,1,48.385,0.71672,0.0293,0.93461644
322,N,Cranberry litter,1.894,2.263,0.37,1.968,Fortier,9,Conventional,N-21-0-0,0,2,47.113,0.67243,0.0261,0.94762502
323,N,Cranberry litter,1.897,2.257,0.359,2.086,Fortier,9,Conventional,N-21-0-0,0,2,49.434,0.77357,0.0341,0.94912601
324,N,Cranberry litter,1.9,2.262,0.363,1.491,Fortier,9,Conventional,N-21-0-0,0,2,47.383,0.64291,0.0328,0.950627
325,N,Cranberry litter,1.93,2.293,0.363,1.875,Fortier,9,Conventional,N-21-0-0,15,1,47.973,0.70499,0.0295,0.9656369
326,N,Cranberry litter,1.891,2.253,0.361,2.068,Fortier,9,Conventional,N-21-0-0,15,1,42.953,0.71392,0.0269,0.94612403
327,N,Cranberry litter,1.91,2.276,0.366,1.734,Fortier,9,Conventional,N-21-0-0,15,1,49.192,0.72723,0.0285,0.9556303
328,N,Cranberry litter,1.928,2.294,0.366,1.904,Fortier,9,Conventional,N-21-0-0,15,2,49.07,0.68838,0.0223,0.96463624
329,N,Cranberry litter,1.913,2.276,0.363,1.869,Fortier,9,Conventional,N-21-0-0,15,2,49.034,0.73059,0.0295,0.95713129
330,N,Cranberry litter,1.939,2.301,0.362,1.925,Fortier,9,Conventional,N-21-0-0,15,2,48.334,0.71008,0.0315,0.97013987
331,N,Cranberry litter,1.929,2.294,0.361,1.96,Fortier,9,Conventional,N-21-0-0,30,1,47.902,0.74365,0.0259,0.96513657
332,N,Cranberry litter,1.909,2.278,0.369,1.822,Fortier,9,Conventional,N-21-0-0,30,1,47.69,0.81769,0.0339,0.95512997
333,N,Cranberry litter,1.893,2.257,0.363,,Fortier,9,Conventional,N-21-0-0,30,1,,,,0.94712469
334,N,Cranberry litter,1.91,2.271,0.361,1.819,Fortier,9,Conventional,N-21-0-0,30,2,49.115,0.80071,0.0352,0.9556303
335,N,Cranberry litter,1.912,2.278,0.366,,Fortier,9,Conventional,N-21-0-0,30,2,,,,0.95663096
336,N,Cranberry litter,1.927,2.295,0.368,,Fortier,9,Conventional,N-21-0-0,30,2,,,,0.96413591
337,N,Cranberry litter,1.935,2.297,0.361,1.731,Fortier,9,Conventional,N-21-0-0,45,1,47.781,0.74129,0.0312,0.96813855
338,N,Cranberry litter,1.924,2.284,0.362,1.874,Fortier,9,Conventional,N-21-0-0,45,1,48.75,0.73854,0.0333,0.96263492
339,N,Cranberry litter,1.937,2.301,0.364,1.884,Fortier,9,Conventional,N-21-0-0,45,1,49.084,0.77523,0.0249,0.96913921
340,N,Cranberry litter,1.899,2.261,0.361,1.866,Fortier,9,Conventional,N-21-0-0,45,2,48.213,0.7071,0.0307,0.95012667
341,N,Cranberry litter,1.904,2.268,0.362,1.893,Fortier,9,Conventional,N-21-0-0,45,2,49.776,0.73846,0.0326,0.95262832
342,N,Cranberry litter,1.885,2.252,0.365,,Fortier,9,Conventional,N-21-0-0,45,2,,,,0.94312205
343,N,Cranberry litter,1.917,2.286,0.368,1.83,Fortier,9,Conventional,N-21-0-0,60,1,49.694,0.82165,0.0434,0.95913261
344,N,Cranberry litter,1.886,2.25,0.365,,Fortier,9,Conventional,N-21-0-0,60,1,,,,0.94362238
345,N,Cranberry litter,1.885,2.25,0.364,1.815,Fortier,9,Conventional,N-21-0-0,60,1,50.385,0.74599,0.0337,0.94312205
346,N,Cranberry litter,1.936,2.3,0.363,,Fortier,9,Conventional,N-21-0-0,60,2,,,,0.96863888
347,N,Cranberry litter,1.911,2.274,0.363,1.898,Fortier,9,Conventional,N-21-0-0,60,2,49.95,0.73899,0.0251,0.95613063
348,N,Cranberry litter,1.927,2.288,0.363,1.628,Fortier,9,Conventional,N-21-0-0,60,2,48.318,0.7679,0.0442,0.96413591
451,N,Cranberry litter,1.926,2.283,0.356,1.861,Fortier,45,Conventional,N-21-0-0,0,1,49.369,0.78044,0.078,0.96363558
452,N,Cranberry litter,1.916,2.28,0.363,1.863,Fortier,45,Conventional,N-21-0-0,0,1,50.131,0.75369,0.0651,0.95863228
453,N,Cranberry litter,1.931,2.298,0.365,1.548,Fortier,45,Conventional,N-21-0-0,0,1,50.093,0.81469,0.0762,0.96613723
454,N,Cranberry litter,1.932,2.297,0.363,1.926,Fortier,45,Conventional,N-21-0-0,0,2,49.613,0.76481,0.0758,0.96663756
455,N,Cranberry litter,1.906,2.279,0.373,1.8,Fortier,45,Conventional,N-21-0-0,0,2,49.254,0.82383,0.0898,0.95362898
456,N,Cranberry litter,1.893,2.252,0.359,1.793,Fortier,45,Conventional,N-21-0-0,0,2,47.728,0.77914,0.0794,0.94712469
457,N,Cranberry litter,1.925,2.3,0.373,1.883,Fortier,45,Conventional,N-21-0-0,15,1,49.401,0.7495,0.0806,0.96313525
458,N,Cranberry litter,1.895,2.258,0.362,1.827,Fortier,45,Conventional,N-21-0-0,15,1,48.859,0.79299,0.084,0.94812535
459,N,Cranberry litter,1.929,2.293,0.362,1.858,Fortier,45,Conventional,N-21-0-0,15,1,50.351,0.78587,0.0777,0.96513657
460,N,Cranberry litter,1.919,2.283,0.362,1.833,Fortier,45,Conventional,N-21-0-0,15,2,49.272,0.76349,0.0717,0.96013327
461,N,Cranberry litter,1.923,2.287,0.366,1.841,Fortier,45,Conventional,N-21-0-0,15,2,49.418,0.76398,0.0678,0.96213459
462,N,Cranberry litter,1.924,2.286,0.365,1.856,Fortier,45,Conventional,N-21-0-0,15,2,48.468,0.79769,0.0735,0.96263492
463,N,Cranberry litter,1.891,2.252,0.36,1.815,Fortier,45,Conventional,N-21-0-0,30,1,49.181,0.78571,0.0789,0.94612403
464,N,Cranberry litter,1.922,2.293,0.37,2.131,Fortier,45,Conventional,N-21-0-0,30,1,44.097,0.71374,0.0741,0.96163426
465,N,Cranberry litter,1.905,2.27,0.363,1.798,Fortier,45,Conventional,N-21-0-0,30,1,49.625,0.78517,0.069,0.95312865
466,N,Cranberry litter,1.918,2.287,0.369,1.791,Fortier,45,Conventional,N-21-0-0,30,2,49.171,0.77354,0.0716,0.95963294
467,N,Cranberry litter,1.886,2.251,0.366,2.091,Fortier,45,Conventional,N-21-0-0,30,2,40.626,0.63584,0.0688,0.94362238
468,N,Cranberry litter,1.889,2.256,0.367,1.837,Fortier,45,Conventional,N-21-0-0,30,2,47.785,0.822,0.0765,0.94512337
469,N,Cranberry litter,1.927,2.29,0.361,1.808,Fortier,45,Conventional,N-21-0-0,45,1,49.319,0.79053,0.0783,0.96413591
470,N,Cranberry litter,1.919,2.289,0.371,1.911,Fortier,45,Conventional,N-21-0-0,45,1,47.425,0.82853,0.0708,0.96013327
471,N,Cranberry litter,1.885,2.252,0.367,1.984,Fortier,45,Conventional,N-21-0-0,45,1,45.781,0.68101,0.067,0.94312205
472,N,Cranberry litter,1.882,2.242,0.359,1.811,Fortier,45,Conventional,N-21-0-0,45,2,50.293,0.72939,0.0627,0.94162106
473,N,Cranberry litter,1.916,2.279,0.363,1.85,Fortier,45,Conventional,N-21-0-0,45,2,49.674,0.75357,0.065,0.95863228
474,N,Cranberry litter,1.886,2.252,0.361,1.7,Fortier,45,Conventional,N-21-0-0,45,2,44.719,0.75477,0.0766,0.94362238
475,N,Cranberry litter,1.895,2.257,0.362,1.841,Fortier,45,Conventional,N-21-0-0,60,1,49.616,0.75621,0.0689,0.94812535
476,N,Cranberry litter,1.907,2.271,0.362,1.88,Fortier,45,Conventional,N-21-0-0,60,1,49.886,0.7456,0.0694,0.95412931
477,N,Cranberry litter,1.918,2.277,0.359,1.952,Fortier,45,Conventional,N-21-0-0,60,1,48.854,0.7294,0.0763,0.95963294
478,N,Cranberry litter,1.9,2.261,0.36,1.864,Fortier,45,Conventional,N-21-0-0,60,2,49.311,0.72942,0.0704,0.950627
479,N,Cranberry litter,1.928,2.293,0.365,1.902,Fortier,45,Conventional,N-21-0-0,60,2,48.851,0.74198,0.0728,0.96463624
480,N,Cranberry litter,1.903,2.267,0.364,1.22,Fortier,45,Conventional,N-21-0-0,60,2,47.936,0.81759,0.0751,0.95212799
721,N,Cranberry litter,1.905,2.257,0.352,1.868,Fortier,9,Conventional,N-SCU,30,2,49.383,0.79523,0.0355,0.95312865
722,N,Cranberry litter,1.916,2.285,0.367,1.937,Fortier,9,Conventional,N-SCU,30,2,48.942,0.75847,0.0285,0.95863228
723,N,Cranberry litter,1.933,2.305,0.367,2.088,Fortier,9,Conventional,N-SCU,45,2,44.062,0.68259,0.029,0.96713789
724,N,Cranberry litter,1.917,2.277,0.36,1.896,Fortier,9,Conventional,N-SCU,45,2,48.704,0.75821,0.0328,0.95913261
725,N,Cranberry litter,1.908,2.267,0.358,,Fortier,9,Conventional,N-SCU,60,2,,,,0.95462964
726,N,Cranberry litter,1.935,2.306,0.368,1.903,Fortier,9,Conventional,N-SCU,60,2,48.743,0.78336,0.0377,0.96813855
727,N,Cranberry litter,1.931,2.303,0.368,1.887,Belanger,10,Conventional,N-SCU,45,2,50.52,0.75327,0.0403,0.96613723
728,N,Cranberry litter,1.905,2.272,0.368,1.837,Belanger,10,Conventional,N-SCU,45,2,50.972,0.7579,0.0362,0.95312865
729,N,Cranberry litter,1.911,2.272,0.362,1.839,Belanger,10,Conventional,N-SCU,60,2,50.515,0.79619,0.0465,0.95613063
730,N,Cranberry litter,1.899,2.258,0.359,1.829,Belanger,10,Conventional,N-SCU,60,2,50.51,0.74052,0.0416,0.95012667
731,N,Cranberry litter,1.897,2.264,0.367,1.757,Belanger,10,Conventional,N-SCU,30,,49.552,0.67492,0.0407,0.94912601
732,N,Cranberry litter,1.919,2.283,0.365,1.889,Belanger,10,Conventional,N-SCU,30,,50.478,0.72437,0.0503,0.96013327
778,N,Cranberry litter,1.884,2.24,0.357,1.802,Belanger,10,Conventional,N-21-0-0,0,,51.035,0.75663,0.0485,0.94262172
779,N,Cranberry litter,1.921,2.287,0.365,1.829,Belanger,10,Conventional,N-21-0-0,0,,50.11,0.74774,0.0521,0.96113393
780,N,Cranberry litter,1.929,2.296,0.369,1.828,Belanger,10,Conventional,N-21-0-0,0,,50.739,0.71318,0.0316,0.96513657
781,N,Cranberry litter,1.885,2.237,0.353,1.835,Belanger,10,Conventional,N-21-0-0,0,,49.802,0.67214,0.0271,0.94312205
782,N,Cranberry litter,1.927,2.289,0.362,1.803,Belanger,10,Conventional,N-21-0-0,0,,50.392,0.73367,0.0383,0.96413591
783,N,Cranberry litter,1.934,2.299,0.365,,Belanger,10,Conventional,N-21-0-0,0,,,,,0.96763822
784,N,Cranberry litter,1.925,2.286,0.359,1.842,Belanger,10,Conventional,N-21-0-0,15,,50.69,0.67446,0.0328,0.96313525
785,N,Cranberry litter,1.909,2.273,0.364,1.786,Belanger,10,Conventional,N-21-0-0,15,,50.172,0.75632,0.0467,0.95512997
786,N,Cranberry litter,1.919,2.285,0.366,1.851,Belanger,10,Conventional,N-21-0-0,15,,50.102,0.70213,0.0456,0.96013327
787,N,Cranberry litter,1.881,2.241,0.359,1.825,Belanger,10,Conventional,N-21-0-0,15,,49.776,0.70882,0.0413,0.94112073
788,N,Cranberry litter,1.905,2.274,0.368,1.825,Belanger,10,Conventional,N-21-0-0,15,,50.185,0.69684,0.0407,0.95312865
789,N,Cranberry litter,1.913,2.276,0.363,1.826,Belanger,10,Conventional,N-21-0-0,15,,50.21,0.75949,0.0507,0.95713129
790,N,Cranberry litter,1.897,2.254,0.357,1.817,Belanger,10,Conventional,N-21-0-0,30,,48.498,0.66089,0.0439,0.94912601
791,N,Cranberry litter,1.902,2.262,0.359,1.814,Belanger,10,Conventional,N-21-0-0,30,,50.649,0.70107,0.031,0.95162766
792,N,Cranberry litter,1.885,2.245,0.358,1.812,Belanger,10,Conventional,N-21-0-0,30,,49.216,0.66367,0.041,0.94312205
793,N,Cranberry litter,1.919,2.287,0.368,1.813,Belanger,10,Conventional,N-21-0-0,30,,50.265,0.70161,0.044,0.96013327
794,N,Cranberry litter,1.893,2.258,0.366,1.83,Belanger,10,Conventional,N-21-0-0,30,,50.686,0.07112,0.0438,0.94712469
795,N,Cranberry litter,1.908,2.275,0.366,1.838,Belanger,10,Conventional,N-21-0-0,30,,51.144,-0.00474,0.0436,0.95462964
796,N,Cranberry litter,1.905,2.269,0.364,1.865,Belanger,10,Conventional,N-21-0-0,45,,49.499,-0.23026,0.034,0.95312865
797,N,Cranberry litter,1.898,2.258,0.36,1.826,Belanger,10,Conventional,N-21-0-0,45,,50.932,-0.28669,0.0365,0.94962634
798,N,Cranberry litter,1.897,2.258,0.361,1.821,Belanger,10,Conventional,N-21-0-0,45,,51.692,-0.32991,0.033,0.94912601
799,N,Cranberry litter,1.912,2.271,0.359,1.855,Belanger,10,Conventional,N-21-0-0,45,,50.784,0.51994,0.0433,0.95663096
800,N,Cranberry litter,1.881,2.249,0.368,1.821,Belanger,10,Conventional,N-21-0-0,45,,49.604,0.61171,0.0535,0.94112073
801,N,Cranberry litter,1.914,2.282,0.368,1.858,Belanger,10,Conventional,N-21-0-0,45,,51.459,0.58283,0.044,0.95763162
802,N,Cranberry litter,1.892,2.254,0.362,1.828,Belanger,10,Conventional,N-21-0-0,60,,50.216,0.59828,0.0428,0.94662436
803,N,Cranberry litter,1.922,2.287,0.363,1.859,Belanger,10,Conventional,N-21-0-0,60,,50.846,0.57065,0.0451,0.96163426
804,N,Cranberry litter,1.914,2.28,0.366,1.859,Belanger,10,Conventional,N-21-0-0,60,,51.053,0.13744,0.0431,0.95763162
805,N,Cranberry litter,1.93,2.291,0.361,1.889,Belanger,10,Conventional,N-21-0-0,60,,51.121,0.31307,0.0382,0.9656369
806,N,Cranberry litter,1.938,2.3,0.362,1.873,Belanger,10,Conventional,N-21-0-0,60,,50.687,0.42383,0.0469,0.96963954
807,N,Cranberry litter,1.923,2.291,0.368,1.841,Belanger,10,Conventional,N-21-0-0,60,,51.005,0.47352,0.0375,0.96213459
1,C,Sencha Tea,1.739,2.105,0.365,1.007,Belanger,A9,Organic,N-6-1-1,60,2,48.393,5.2225,0.325,0.818847278
2,C,Sencha Tea,1.669,2.037,0.368,0.475,Belanger,A9,Organic,N-6-1-1,45,2,51.004,5.8526,0.37,0.785886203
3,C,Sencha Tea,1.72,2.082,0.362,0.537,Belanger,A9,Organic,N-6-1-1,30,2,46.12,5.4116,0.325,0.8099007
4,C,Sencha Tea,1.784,2.145,0.361,0.496,Belanger,A9,Organic,N-8-0-0,0,,50.273,6.2248,0.379,0.84003654
5,C,Sencha Tea,1.859,2.222,0.363,0.777,Belanger,A9,Organic,N-8-0-0,30,,50.902,4.5083,0.248,0.875351978
6,C,Sencha Tea,1.772,2.144,0.37,0.495,Belanger,A9,Organic,N-8-0-0,60,,50.485,5.3236,0.332,0.83438607
7,C,Sencha Tea,1.743,2.105,0.363,0.552,Belanger,A9,Organic,N-8-0-0,45,,48.821,5.1532,0.313,0.820730768
8,C,Sencha Tea,1.808,2.175,0.367,0.546,Belanger,A9,Organic,N-8-0-0,15,,44.922,4.972,0.322,0.85133748
95,C,Sencha Tea,1.754,2.12,0.366,,Fortier,9,Conventional,N-21-0-0,0,,,,,0.825910365
95,C,Sencha Tea,1.724,2.082,0.358,0.491,Fortier,9,Conventional,N-21-0-0,0,,48.962,5.3616,0.321,0.81178419
96,C,Sencha Tea,1.732,2.093,0.362,0.504,Fortier,9,Conventional,N-21-0-0,15,,,,,0.81555117
96,C,Sencha Tea,1.778,2.135,0.357,0.557,Fortier,9,Conventional,N-21-0-0,15,,,,,0.837211305
97,C,Sencha Tea,1.72,2.083,0.362,0.501,Fortier,9,Conventional,N-SCU,30,,47.855,4.9197,0.282,0.8099007
98,C,Sencha Tea,1.827,2.194,0.366,,Fortier,9,Conventional,N-SCU,45,,,,,0.860284058
99,C,Sencha Tea,1.803,2.173,0.37,0.484,Fortier,9,Conventional,N-SCU,60,,49.368,4.4124,0.255,0.848983118
128,C,Sencha Tea,1.851,2.216,0.364,0.532,Fortier,45,Conventional,N-21-0-0,0,,51.707,5.6142,0.359,0.871584998
129,C,Sencha Tea,1.805,2.164,0.359,0.484,Fortier,45,Conventional,N-21-0-0,0,,50.199,4.1687,0.299,0.849924863
130,C,Sencha Tea,1.741,2.105,0.365,0.578,Fortier,45,Conventional,N-21-0-0,15,,49.978,6.6297,0.418,0.819789023
131,C,Sencha Tea,1.814,2.177,0.363,0.582,Fortier,45,Conventional,N-21-0-0,15,,49.887,5.3059,0.347,0.854162715
132,C,Sencha Tea,1.806,2.17,0.363,0.547,Fortier,45,Conventional,N-21-0-0,30,,50.596,5.0227,0.324,0.850395735
133,C,Sencha Tea,1.728,2.094,0.366,0.566,Fortier,45,Conventional,N-21-0-0,30,,49.882,5.3401,0.361,0.81366768
134,C,Sencha Tea,1.77,2.135,0.365,0.594,Fortier,45,Conventional,N-21-0-0,45,,49.415,5.2586,0.342,0.833444325
135,C,Sencha Tea,1.77,2.135,0.366,0.596,Fortier,45,Conventional,N-21-0-0,45,,50.479,5.4086,0.347,0.833444325
136,C,Sencha Tea,1.844,2.2,0.356,0.717,Fortier,45,Conventional,N-21-0-0,60,,47.361,4.5554,0.306,0.86828889
137,C,Sencha Tea,1.825,2.19,0.365,1.216,Fortier,45,Conventional,N-21-0-0,60,,,,,0.859342313
197,C,Sencha Tea,1.784,2.152,0.368,0.548,Fortier,9,Conventional,N-SCU,30,2,48.772,6.1202,0.35,0.84003654
198,C,Sencha Tea,1.807,2.179,0.372,0.562,Fortier,9,Conventional,N-SCU,45,2,48.993,4.8787,0.314,0.850866608
199,C,Sencha Tea,1.788,2.151,0.363,0.562,Fortier,9,Conventional,N-SCU,60,2,48.179,6.3939,0.36,0.84192003
200,C,Sencha Tea,1.755,2.122,0.366,,Belanger,10,Conventional,N-SCU,45,2,,,,0.826381238
201,C,Sencha Tea,1.764,2.13,0.366,0.504,Belanger,10,Conventional,N-SCU,60,2,47.185,4.9629,0.313,0.83061909
202,C,Sencha Tea,1.803,2.171,0.368,,Belanger,10,Conventional,N-SCU,30,2,,,,0.848983118
217,C,Sencha Tea,1.774,2.136,0.362,0.412,Belanger,10,Conventional,N-21-0-0,0,,50.066,5.7333,0.37,0.835327815
218,C,Sencha Tea,1.752,2.111,0.359,0.382,Belanger,10,Conventional,N-21-0-0,0,,50.316,5.2547,0.351,0.82496862
219,C,Sencha Tea,1.799,2.16,0.362,,Belanger,10,Conventional,N-21-0-0,15,,,,,0.847099628
220,C,Sencha Tea,1.881,2.247,0.366,,Belanger,10,Conventional,N-21-0-0,15,,48.641,4.8275,0.32,0.885711173
221,C,Sencha Tea,1.811,2.169,0.358,0.464,Belanger,10,Conventional,N-21-0-0,15,,50.563,5.8723,0.383,0.852750098
301,C,Sencha Tea,1.878,2.241,0.363,0.547,Belanger,10,Conventional,N-SCU,30,,48.263,4.7754,0.297,0.884298555
302,C,Sencha Tea,1.675,2.03,0.355,0.516,Belanger,10,Conventional,N-SCU,30,,48.733,5.1181,0.305,0.788711438
303,C,Sencha Tea,1.713,2.075,0.362,0.455,Belanger,10,Conventional,N-SCU,45,,49.642,5.0025,0.313,0.806604593
304,C,Sencha Tea,1.774,2.14,0.36,0.437,Belanger,10,Conventional,N-SCU,45,,50.634,5.5861,0.346,0.835327815
305,C,Sencha Tea,1.794,2.155,0.361,0.466,Belanger,10,Conventional,N-SCU,60,,50.068,5.0645,0.317,0.844745265
306,C,Sencha Tea,1.784,2.143,0.357,0.456,Belanger,10,Conventional,N-SCU,60,,49.091,5.4381,0.338,0.84003654
307,C,Sencha Tea,1.686,2.044,0.358,,Belanger,A9,Organic,N-8-0-0,0,,,,,0.793891035
308,C,Sencha Tea,1.758,2.114,0.356,0.478,Belanger,A9,Organic,N-8-0-0,15,,49.165,5.9902,0.356,0.827793855
309,C,Sencha Tea,1.728,2.081,0.353,0.548,Belanger,A9,Organic,N-8-0-0,30,,45.151,5.1915,0.307,0.81366768
310,C,Sencha Tea,1.712,2.069,0.355,,Belanger,A9,Organic,N-8-0-0,45,,,,,0.80613372
311,C,Sencha Tea,1.697,2.057,0.36,,Belanger,A9,Organic,N-8-0-0,60,,,,,0.799070633
312,C,Sencha Tea,1.658,2.017,0.359,0.447,Fortier,9,Conventional,N-21-0-0,0,,45.012,3.7964,0.266,0.780706605
313,C,Sencha Tea,1.748,2.1,0.352,0.685,Fortier,9,Conventional,N-21-0-0,15,,46.99,6.8032,0.375,0.82308513
314,C,Sencha Tea,1.654,2.014,0.359,0.449,Fortier,9,Conventional,N-21-0-0,30,,46.907,3.9086,0.282,0.778823115
315,C,Sencha Tea,1.746,2.104,0.359,0.514,Fortier,9,Conventional,N-21-0-0,45,,44.78,4.2284,0.275,0.822143385
316,C,Sencha Tea,1.707,2.066,0.359,,Fortier,9,Conventional,N-21-0-0,60,,,,,0.803779358
1,H,Hibiscus Tea,1.992,2.35,0.357,1.41,Belanger,A9,Organic,N-6-1-1,60,2,45.895,0.77846,0.0285,0.91713008
2,H,Hibiscus Tea,2.001,2.366,0.364,1.327,Belanger,A9,Organic,N-6-1-1,45,2,50.543,0.87417,0.0402,0.92127374
3,H,Hibiscus Tea,1.993,2.353,0.359,1.421,Belanger,A9,Organic,N-6-1-1,30,2,43.784,0.73127,0.0316,0.917590487
4,H,Hibiscus Tea,2.007,2.371,0.364,1.53,Belanger,A9,Organic,N-8-0-0,0,,46.605,0.54376,0.0182,0.92403618
5,H,Hibiscus Tea,1.96,2.323,0.363,1.425,Belanger,A9,Organic,N-8-0-0,30,,42.649,0.67452,0.0287,0.902397067
6,H,Hibiscus Tea,1.994,2.356,0.362,1.475,Belanger,A9,Organic,N-8-0-0,60,,47.979,0.68961,0.0267,0.918050893
7,H,Hibiscus Tea,1.996,2.355,0.359,1.453,Belanger,A9,Organic,N-8-0-0,45,,45.6,0.58683,0.0205,0.918971707
8,H,Hibiscus Tea,2.015,2.38,0.364,1.431,Belanger,A9,Organic,N-8-0-0,15,,48.764,0.76478,0.0241,0.927719433
95,H,Hibiscus Tea,2.033,2.391,0.358,1.344,Fortier,9,Conventional,N-21-0-0,0,,49.199,0.69177,0.0316,0.936006753
96,H,Hibiscus Tea,2.048,2.415,0.367,1.294,Fortier,9,Conventional,N-21-0-0,15,,48.407,0.6601,0.0251,0.942912853
97,H,Hibiscus Tea,1.925,2.287,0.363,1.191,Fortier,9,Conventional,N-21-0-0,30,,46.617,0.8336,0.0333,0.886282833
98,H,Hibiscus Tea,1.961,2.323,0.362,1.338,Fortier,9,Conventional,N-21-0-0,45,,43.779,0.76737,0.0315,0.902857473
99,H,Hibiscus Tea,1.928,2.291,0.363,1.256,Fortier,9,Conventional,N-21-0-0,60,,44.334,0.6842,0.026,0.887664053
128,H,Hibiscus Tea,1.956,2.318,0.362,1.318,Fortier,45,Conventional,N-21-0-0,0,,44.623,0.81595,0.0739,0.90055544
129,H,Hibiscus Tea,1.909,2.271,0.362,1.118,Fortier,45,Conventional,N-21-0-0,0,,42.359,0.98187,0.108,0.878916327
130,H,Hibiscus Tea,1.913,2.276,0.362,1.189,Fortier,45,Conventional,N-21-0-0,15,,44.699,0.84637,0.0933,0.880757953
131,H,Hibiscus Tea,1.939,2.308,0.369,1.187,Fortier,45,Conventional,N-21-0-0,15,,44.192,1.0113,0.105,0.892728527
132,H,Hibiscus Tea,2.007,2.367,0.36,1.209,Fortier,45,Conventional,N-21-0-0,30,,44.379,0.78915,0.0823,0.92403618
133,H,Hibiscus Tea,1.971,2.333,0.362,1.119,Fortier,45,Conventional,N-21-0-0,30,,44.575,1.1261,0.12,0.90746154
134,H,Hibiscus Tea,2.023,2.384,0.361,1.34,Fortier,45,Conventional,N-21-0-0,45,,45.911,0.91797,0.076,0.931402687
135,H,Hibiscus Tea,1.983,2.35,0.366,1.306,Fortier,45,Conventional,N-21-0-0,45,,42.522,0.68293,0.0844,0.91298642
136,H,Hibiscus Tea,2.019,2.382,0.364,1.375,Fortier,45,Conventional,N-21-0-0,60,,44.493,0.77773,0.104,0.92956106
137,H,Hibiscus Tea,1.952,2.32,0.368,,Fortier,45,Conventional,N-21-0-0,60,,44.754,1.1895,0.117,0.898713813
197,H,Hibiscus Tea,1.996,2.353,0.357,1.422,Fortier,9,Conventional,N-SCU,30,2,43.08,0.53918,0.017,0.918971707
198,H,Hibiscus Tea,1.891,2.249,0.357,,Fortier,9,Conventional,N-SCU,45,2,,,,0.870629007
199,H,Hibiscus Tea,1.968,2.33,0.362,1.169,Fortier,9,Conventional,N-SCU,60,2,49.539,0.8039,0.0276,0.90608032
200,H,Hibiscus Tea,1.972,2.33,0.358,1.394,Belanger,10,Conventional,N-SCU,45,2,49.727,0.78751,0.0321,0.907921947
201,H,Hibiscus Tea,1.984,2.344,0.359,1.513,Belanger,10,Conventional,N-SCU,60,2,48.137,0.86906,0.0376,0.913446827
202,H,Hibiscus Tea,1.954,2.315,0.362,,Belanger,10,Conventional,N-SCU,30,2,49.537,0.83203,0.0354,0.899634627
217,H,Hibiscus Tea,1.973,2.329,0.356,,Belanger,10,Conventional,N-21-0-0,0,,49.69,0.86649,0.041,0.908382353
218,H,Hibiscus Tea,1.934,2.295,0.36,1.37,Belanger,10,Conventional,N-21-0-0,0,,48.226,0.89501,0.0486,0.890426493
219,H,Hibiscus Tea,1.969,2.331,0.362,,Belanger,10,Conventional,N-21-0-0,15,,,,,0.906540727
220,H,Hibiscus Tea,1.943,2.304,0.361,1.337,Belanger,10,Conventional,N-21-0-0,15,,48.354,0.8611,0.0481,0.894570153
301,H,Hibiscus Tea,1.957,2.317,0.357,1.489,Belanger,10,Conventional,N-SCU,30,,49.713,0.82348,0.0314,0.901015847
302,H,Hibiscus Tea,1.958,2.312,0.353,1.396,Belanger,10,Conventional,N-SCU,30,,45.89,0.72383,0.0313,0.901476253
303,H,Hibiscus Tea,1.981,2.333,0.351,1.416,Belanger,10,Conventional,N-SCU,45,,46.931,0.8655,0.0317,0.912065607
304,H,Hibiscus Tea,2.016,2.369,0.353,1.533,Belanger,10,Conventional,N-SCU,45,,48.605,0.78069,0.0293,0.92817984
305,H,Hibiscus Tea,1.983,2.344,0.361,1.498,Belanger,10,Conventional,N-SCU,60,,49.051,0.60255,0.0189,0.91298642
306,H,Hibiscus Tea,1.968,2.321,0.352,1.382,Belanger,10,Conventional,N-SCU,60,,47.21,1.0154,0.051,0.90608032
307,H,Hibiscus Tea,1.931,2.292,0.361,1.237,Belanger,A9,Organic,N-8-0-0,0,,48.536,0.82164,0.03,0.889045273
308,H,Hibiscus Tea,1.955,2.306,0.351,1.271,Belanger,A9,Organic,N-8-0-0,15,,45.882,0.79739,0.0231,0.900095033
309,H,Hibiscus Tea,1.948,2.304,0.355,1.364,Belanger,A9,Organic,N-8-0-0,30,,48.247,0.67873,0.0194,0.896872187
310,H,Hibiscus Tea,1.938,2.302,0.364,1.333,Belanger,A9,Organic,N-8-0-0,45,,44.107,0.54932,0.00946,0.89226812
311,H,Hibiscus Tea,2.013,2.368,0.355,1.369,Belanger,A9,Organic,N-8-0-0,60,,49.1,0.65033,0.0175,0.92679862
312,H,Hibiscus Tea,1.971,2.33,0.359,1.365,Fortier,9,Conventional,N-21-0-0,0,,45.729,0.67439,0.0143,0.90746154
313,H,Hibiscus Tea,1.939,2.301,0.36,1.231,Fortier,9,Conventional,N-21-0-0,15,,43.169,0.77723,0.0188,0.892728527
314,H,Hibiscus Tea,1.981,2.338,0.357,1.224,Fortier,9,Conventional,N-21-0-0,30,,44.776,0.69173,0.0164,0.912065607
315,H,Hibiscus Tea,1.978,2.343,0.363,1.317,Fortier,9,Conventional,N-21-0-0,45,,45.816,0.8118,0.0224,0.910684387
316,H,Hibiscus Tea,1.956,2.324,0.365,1.243,Fortier,9,Conventional,N-21-0-0,60,,48.563,0.83588,0.0264,0.90055544
